id,nombre,direccion,telefono,email,fecha
1,Raimundo Zorrilla Guerra,"Vial de Narciso Cal 94 Piso 3 
Cáceres, 05445",+34821 09 05 40,lantunez@example.net,2024-12-27
2,Roldán del Coloma,"Glorieta Óscar Poza 83 Apt. 59 
Sevilla, 06846",+34 733865042,jose-ramon78@example.org,2024-09-26
3,Leyre Claudia Batalla Valentín,"C. de Leonor Olmo 66
Valladolid, 08798",+34984 270 047,bienvenida41@example.com,2025-02-16
4,Samu Luján Conde,"Alameda de Perla Pazos 7
Palencia, 01008",+34 807928883,araceli03@example.com,2024-09-25
5,Alondra Rojas Luna,"Pasadizo Salud Botella 542 Puerta 5 
Málaga, 14637",+34973 306 253,fcasas@example.com,2024-09-10
6,Abel Sobrino Mas,"Rambla Matías Rosa 55
Lleida, 24167",+34842 26 05 21,adelaida81@example.org,2025-04-10
7,Néstor Montes Escribano,"Cañada de Germán Cabeza 6
Madrid, 21603",+34902 677 859,jennifer51@example.net,2024-07-30
8,Aitana Ribas Verdú,"Vial Gabriel Bermudez 395 Piso 1 
Burgos, 02242",+34820 70 71 43,agustinaarmengol@example.com,2024-12-24
9,Victor Manuel Expósito Gárate,"Callejón de Encarna Castillo 64
Santa Cruz de Tenerife, 26980",+34966847967,qribes@example.org,2024-10-27
10,Ainara Aroa Menéndez Ariño,"Via Dionisio Roca 63
Cáceres, 52058",+34821047756,hernandohierro@example.net,2024-05-16
11,Itziar Paola Hierro Tolosa,"Calle de Flora Villa 956 Apt. 92 
Cantabria, 49232",+34825176223,pizarrodanilo@example.org,2024-05-23
12,Chus Anguita-Villalba,"Alameda de Luis Vallés 27 Apt. 45 
Valladolid, 36593",+34980 214 328,pujolmaria-pilar@example.net,2024-08-10
13,Evaristo Arellano Uría,"Paseo de Tamara Teruel 311 Piso 6 
Asturias, 20960",+34878 311 671,tejeroalondra@example.net,2024-08-20
14,Germán Diéguez Moraleda,"Ronda Milagros Garrido 18
Salamanca, 29383",+34 927 211 971,canovasamarilis@example.org,2025-02-26
15,Jose Antonio Peinado Ferrández,"Acceso de Anabel Agustí 566
Sevilla, 02413",+34874 10 28 32,vescamilla@example.com,2025-04-29
16,Aitor Barba Balaguer,"Cuesta de Cristian Raya 36
Sevilla, 41606",+34874434318,vcifuentes@example.com,2025-01-27
17,Xavier Bautista Roma,"Cuesta de Evelia Ferrer 91
Palencia, 23732",+34 985250687,josebernal@example.org,2024-10-14
18,Lucho Morante Torrens,"Pasaje de Graciana Adán 66 Piso 9 
Zamora, 07134",+34 927 74 01 70,edgardoamor@example.net,2024-05-12
19,Ruperta Crespi Rivas,"Pasaje Dionisia Asenjo 60 Puerta 8 
Vizcaya, 12411",+34 902 09 06 68,felicidad73@example.net,2025-01-04
20,Carlito Diego Roura,"Vial Borja Beltrán 332 Puerta 1 
Ceuta, 39194",+34886852754,dominga03@example.net,2025-02-23
21,Amado Osorio Feijoo,"Calle de Aránzazu Barceló 7 Apt. 36 
Melilla, 11689",+34 847249462,xcanet@example.net,2025-04-25
22,Nadia Barragán Frías,"Pasadizo Emilia Morell 854 Apt. 90 
Santa Cruz de Tenerife, 26191",+34847717347,valeropaez@example.org,2024-10-23
23,Itziar Asensio Toro,"Vial Leonor López 54 Puerta 7 
Córdoba, 19706",+34 922887840,jordanmanuelita@example.com,2024-08-06
24,Marcio Lluch Adán,"C. Cristina Mateos 2
Sevilla, 15306",+34661 48 67 39,pascualahervas@example.com,2024-11-24
25,Fortunato Casal Mascaró,"C. de María Pilar Pallarès 902 Puerta 5 
Badajoz, 11139",+34972 842 321,mpol@example.net,2024-09-12
26,Selena Mateu Zaragoza,"Alameda Julio Sosa 57 Apt. 14 
Sevilla, 26021",+34986 357 656,rosacandido@example.com,2024-05-25
27,Fortunata Aguilera Recio,"Via de Tania Arroyo 18
Toledo, 36587",+34820943803,javierarino@example.net,2024-05-03
28,Raimundo Murcia Nevado,"C. Valerio Herranz 57
Cuenca, 08658",+34 846 336 297,elodiaquiros@example.com,2024-10-26
29,Beatriz Arenas-Riera,"Vial Beatriz Iborra 3 Piso 1 
Melilla, 28585",+34836 724 130,vazquezleonor@example.com,2024-10-03
30,Óscar de Rosa,"Avenida de Leandro Llabrés 1
Guipúzcoa, 44809",+34 800 307 777,aguilacorona@example.net,2025-01-20
31,Mariana Jáuregui Ramis,"Alameda Vicenta Bustos 53 Piso 0 
Jaén, 06890",+34847 98 35 60,cristianperello@example.net,2025-03-20
32,Rico Carrasco Arnaiz,"Alameda de Julia Guitart 35
Sevilla, 48146",+34 825 360 213,nicolas24@example.com,2024-05-10
33,Reina Carreras Landa,"Acceso Armando Benavides 71
Albacete, 45174",+34718 86 01 25,jtellez@example.org,2024-10-11
34,Sebastián Báez-Barroso,"Pasaje Jeremías Domínguez 809
Segovia, 12676",+34884618532,irissureda@example.com,2024-11-28
35,Jesús Casas Flores,"Calle Matías Riquelme 24
León, 10882",+34 846 297 122,teresa47@example.com,2024-09-23
36,Vinicio Pomares Diaz,"Calle Bruno Calatayud 990 Piso 0 
Cuenca, 35022",+34871 859 232,suarezvalentina@example.com,2024-12-29
37,María Ángeles Adadia España,"Plaza Olimpia Bonet 907 Piso 1 
Toledo, 15269",+34883782201,elisabetayala@example.org,2025-02-07
38,Néstor Catalá Aparicio,"Acceso de Antonia Cózar 17 Piso 2 
Málaga, 31326",+34844887467,moraledaana-belen@example.net,2024-05-27
39,Vanesa Avilés Flor,"Pasadizo Dolores Alegre 77 Puerta 8 
Ceuta, 26150",+34842 358 049,dorita65@example.com,2024-06-22
40,Eusebia Palomar Gil,"Cuesta Pastor Castelló 76
Baleares, 14144",+34842931356,miriam59@example.org,2024-05-16
41,Epifanio Elpidio Campillo Sanjuan,"Via Hortensia Lluch 57
Pontevedra, 31987",+34 971 793 541,nevadopaca@example.net,2024-08-22
42,Jonatan Olmedo-Porras,"Glorieta Emelina Roldán 7
Huesca, 33339",+34 851865605,benavidesleoncio@example.net,2025-03-17
43,Teodora Olmedo Ruano,"Via Olga Alfaro 458
Álava, 01754",+34977049042,cloejordan@example.org,2025-02-16
44,Berta Aznar Piñol,"Callejón de Aurora Serrano 83 Piso 8 
Cantabria, 15652",+34947 71 29 64,alvaroclaudio@example.com,2025-03-12
45,Inmaculada Bellido Fabra,"Urbanización de Reyna Navarrete 40
Soria, 39773",+34946 48 49 10,isaias54@example.com,2024-08-03
46,Sarita Santiago Llabrés,"Ronda Charo Yáñez 334
Ceuta, 02547",+34803239590,jpuig@example.net,2024-07-03
47,Candelario Mínguez Barrio,"Vial de Marina Sancho 18 Piso 9 
Navarra, 17773",+34 984 711 666,catalinacordero@example.net,2024-07-22
48,Carmen del Jerez,"Plaza Verónica Soriano 15
Pontevedra, 26827",+34719456768,esmeralda15@example.net,2024-11-04
49,Elvira Ponce Marin,"Pasaje Adoración Espinosa 51
Cádiz, 43606",+34 881 29 47 38,isaiascampillo@example.org,2024-11-28
50,Leandra Zamorano Tovar,"Vial Esperanza Amaya 4 Piso 5 
Jaén, 44118",+34 803 916 946,valentinheras@example.com,2024-10-27
51,Ema Roldán-Prats,"Camino Gregorio Álamo 45
Guipúzcoa, 41337",+34845190341,espadaestrella@example.com,2025-02-26
52,Urbano Jose Ignacio Corominas Osuna,"Plaza Julie Tejedor 35
Albacete, 50413",+34 847 95 40 64,noe63@example.com,2024-08-03
53,Íngrid Rocha Hernandez,"Paseo Candelario Galindo 2
Lugo, 28153",+34 982 184 721,curro26@example.net,2024-07-01
54,Dorita Pablo Castell,"Ronda de Marisela Jaume 91 Piso 1 
Las Palmas, 43934",+34944490096,rafadalmau@example.com,2024-06-22
55,Kike Tenorio Báez,"Cuesta de Haydée Isern 93
La Coruña, 28113",+34 871257482,berta47@example.org,2025-04-17
56,Ruth Duque,"Ronda de Eli Fernández 94
Jaén, 29296",+34 927 89 10 33,bertolinares@example.com,2024-07-24
57,Clemente Suarez,"Acceso de Pascuala Sebastián 32
Toledo, 19237",+34 901 88 59 94,vseco@example.org,2025-04-21
58,Duilio Jeremías Arellano Sanabria,"Camino de Anabel Portillo 926 Piso 5 
Ávila, 43482",+34 910039105,simongaya@example.net,2024-09-17
59,Nereida Juliá Pino,"Via Benigno Muro 2
Álava, 31402",+34820 28 22 31,ycarro@example.net,2025-03-17
60,Eusebia Asensio Beltrán,"C. de Buenaventura Real 53
Huesca, 10309",+34 921 14 84 12,albertomanzano@example.net,2024-11-28
61,Pánfilo Echeverría-Sainz,"Pasaje Angelino Benitez 3
Pontevedra, 28180",+34974447714,etelvinamoreno@example.org,2024-05-24
62,María Manuela del Badía,"Cañada Marino Palomares 16
Palencia, 44349",+34 826 50 61 39,carminatoledo@example.com,2024-08-27
63,Azahar Gaya-Cortés,"Acceso Lupe Barberá 9
Cáceres, 11575",+34 926943189,rayanicanor@example.org,2024-10-04
64,Verónica Nadal Plana,"Via Pastor Llobet 6 Puerta 1 
Segovia, 47850",+34952 368 708,fcastells@example.net,2025-01-16
65,Santiago Santiago-Ávila,"Avenida Viviana Jerez 2
Palencia, 39038",+34 885 82 11 82,sanzberto@example.com,2024-08-11
66,Che Palomares Iglesia,"Camino Nicolás Trujillo 33 Piso 2 
Toledo, 13056",+34 724436242,dimasmorante@example.com,2025-03-07
67,Horacio Barba Cases,"Ronda de Concepción Belmonte 43
Vizcaya, 11085",+34 980 903 526,jordanagomez@example.net,2025-03-31
68,Eliana Morell Reguera,"Glorieta Sabina Amor 207
La Rioja, 02940",+34827 64 81 28,aragonesnestor@example.org,2024-11-02
69,César Soler Tejedor,"Ronda Albino Soria 640
Ceuta, 21598",+34 921892940,anibru@example.org,2025-02-18
70,Lalo Bernal Merino,"Vial de Kike Valdés 70
Teruel, 34660",+34972 83 99 71,javiles@example.org,2024-05-26
71,Ximena Montalbán Torre,"Urbanización de Hugo Badía 10 Piso 2 
Zaragoza, 32094",+34 928 837 016,hermenegildocolom@example.com,2024-08-12
72,Evelia Roca Barros,"Via de Luís Arrieta 71 Apt. 24 
Girona, 45319",+34880 02 21 94,daragones@example.com,2024-05-24
73,Azeneth Miralles Mascaró,"Via Laura Garay 6 Apt. 08 
Ávila, 19604",+34841 02 55 57,xvilla@example.com,2025-02-28
74,Ciro Roig,"Acceso Ruth Segovia 6
Madrid, 37672",+34 878668216,cristobal64@example.net,2024-08-14
75,Tristán Narváez Toledo,"Rambla Silvestre Catalán 16 Puerta 6 
Soria, 33920",+34 734 552 123,torrentscristobal@example.com,2024-12-23
76,Tadeo del Carreras,"Cañada Mateo Jover 46
Santa Cruz de Tenerife, 09611",+34941336325,znaranjo@example.net,2025-01-10
77,Juana Ibarra Valbuena,"Cañada Prudencio Cámara 6
Valladolid, 07209",+34 735 854 224,rogeliocoll@example.com,2024-12-25
78,Águeda Bravo Contreras,"Pasadizo de Joaquín Mas 74
Segovia, 02188",+34 948 41 39 86,florinaraya@example.com,2025-01-03
79,Clementina Roldan Castillo,"Vial de Alondra Pombo 33 Puerta 3 
Ciudad, 16416",+34948 853 921,tatianabaeza@example.org,2024-10-27
80,Fabiana Melania Silva Hernandez,"C. de Saturnino Marín 827
Salamanca, 49647",+34 977 427 726,lozanosara@example.net,2024-07-31
81,Melisa Company Rodríguez,"Calle de Américo Carmona 65
Santa Cruz de Tenerife, 42611",+34827 97 93 10,amalia39@example.com,2025-02-13
82,Porfirio Ledesma,"Via Mónica Miró 85 Puerta 1 
Castellón, 35201",+34 803 536 204,noguesmanuela@example.net,2024-12-27
83,Rufina Sanabria Manuel,"Cañada Lino Simó 3
La Coruña, 21875",+34971 46 13 30,vergaramatias@example.org,2025-04-16
84,Iris Carnero,"Camino de Andrés Felipe Campos 43 Piso 3 
Melilla, 29995",+34 847 16 32 34,qbermudez@example.net,2024-05-09
85,Porfirio Alegre Vilanova,"Pasaje de Isaura Martin 30
Palencia, 51829",+34983 584 464,severiano25@example.net,2025-02-05
86,Custodia Borrell,"Vial Efraín Puga 75
Guadalajara, 27126",+34886538082,bayonnestor@example.com,2024-07-13
87,Febe Frías Casares,"Callejón Bernarda Manuel 109
Guipúzcoa, 34227",+34 987 60 21 36,eulaliabecerra@example.net,2025-01-28
88,Teófilo Alcalde Alfonso,"Avenida de Aurora Mateo 33
Las Palmas, 51923",+34843 306 649,qbaeza@example.com,2024-07-08
89,Ileana Enríquez Benitez,"C. de Mireia Barroso 71 Apt. 95 
Ciudad, 16481",+34725563712,miguellloret@example.com,2024-06-12
90,Isidora Quiroga Barriga,"Ronda de Ale Mateu 92
Melilla, 23817",+34926 60 61 45,iramon@example.net,2024-09-11
91,José de Melero,"Via de Simón Estevez 11
Las Palmas, 01639",+34987 66 78 10,eloisabayon@example.com,2024-05-27
92,Victorino Calderon Coca,"Calle Eliana Gutiérrez 2 Apt. 67 
Cantabria, 43742",+34 971 796 768,martin14@example.net,2025-03-04
93,Ezequiel Méndez Carbajo,"Alameda Alfonso Heredia 60 Puerta 9 
Huesca, 11265",+34 821647731,benitoeric@example.net,2025-02-27
94,Pánfilo Cobo Guardia,"Plaza Epifanio Romeu 53 Apt. 65 
Lleida, 23625",+34 974 238 090,gonzalo54@example.com,2024-10-30
95,Victoria Iglesias Guitart,"Vial de Gerardo Montesinos 67 Apt. 13 
Las Palmas, 32881",+34 900 427 384,wmendez@example.org,2024-07-03
96,Teresa Vall Santamaría,"Pasaje de Carmina Prada 3 Puerta 8 
Valladolid, 23699",+34 921 145 726,vacedo@example.org,2024-06-02
97,Severo Feliu-Mascaró,"Plaza de Lina Moya 36
Cantabria, 46061",+34944 800 261,hmendez@example.net,2024-11-27
98,Encarnita Patiño Carreras,"Paseo Teobaldo Rosa 94
Cádiz, 27792",+34887 874 286,ariadna77@example.org,2024-07-29
99,Angélica Figueroa Montaña,"Paseo Mauricio Duarte 91 Piso 4 
Lugo, 27913",+34 822630880,calderoncristian@example.com,2024-06-23
100,Iker Torrens Valls,"Avenida Vito Abascal 1 Apt. 69 
Zaragoza, 44299",+34 873 39 65 85,lidia45@example.org,2025-04-05
101,Rosenda Soto Nieto,"Acceso de Manolo Cabrera 34 Puerta 2 
Salamanca, 09742",+34883780174,qllorens@example.org,2024-06-02
102,Ruperta Crespi Vargas,"Acceso Armida Alegre 305
Sevilla, 46503",+34 914 69 25 37,marciaordonez@example.com,2024-05-01
103,José Mari Pedro,"Cañada de Urbano Benavent 372 Apt. 14 
Valencia, 01565",+34 972 80 32 43,bgelabert@example.org,2025-01-26
104,Leopoldo Losada Saldaña,"Camino de Ale Ibáñez 85 Apt. 56 
Vizcaya, 04896",+34987 917 381,stur@example.net,2024-08-25
105,Rolando Morera-Crespo,"Pasadizo de Florina Ricart 34
León, 18344",+34949030341,mirta63@example.org,2025-02-04
106,Conrado Calleja Terrón,"Via Cándido Corominas 26
Ávila, 16292",+34949 59 64 54,glluch@example.org,2024-07-19
107,Sebastian Leiva Arroyo,"Rambla Eloy Blanco 56
Toledo, 03107",+34 946 715 562,aureliaalcalde@example.com,2024-12-03
108,Irma Villa Torrijos,"Ronda Flor Campos 72 Puerta 0 
Baleares, 23830",+34824 662 089,joseplledo@example.com,2024-12-10
109,África Real Iniesta,"Glorieta Juliana Alegre 92 Apt. 42 
Guadalajara, 25633",+34984 57 78 78,warmas@example.com,2024-08-08
110,Fernando Cabañas Pujol,"Cañada Dorotea Ayllón 89
La Rioja, 46168",+34873 732 836,apoloniafrutos@example.org,2025-01-25
111,Arturo Peñas Manjón,"Calle de Dan Acosta 808 Puerta 9 
Granada, 16232",+34 828 14 84 47,bilbaoafrica@example.org,2024-05-17
112,Ligia Castrillo Estrada,"Pasaje de Dulce Herrero 257
Jaén, 08995",+34887 27 48 55,calixto56@example.net,2025-04-01
113,Fulgencio Azcona-Andrés,"Callejón Estefanía Barrena 26
La Coruña, 16933",+34 881 853 659,candelas64@example.com,2024-05-23
114,Mar Iriarte Mate,"Alameda de Amaya Balaguer 65 Apt. 91 
Lugo, 02968",+34987867770,xbeltran@example.org,2024-10-11
115,Jacinta Palma Alcolea,"Paseo Lisandro Bermúdez 55 Puerta 1 
Vizcaya, 29395",+34 982 465 608,pcervera@example.net,2025-03-30
116,Adelardo Contreras,"Avenida de Asunción Aller 34 Piso 3 
Soria, 36841",+34901 16 21 98,sacristanleonor@example.com,2025-01-07
117,Mónica Infante-Amorós,"Urbanización de Pacífica Bas 99
Las Palmas, 19602",+34 824714578,uavila@example.org,2024-05-20
118,Enrique Espada Pavón,"Camino Lucía Palmer 82
Alicante, 05610",+34848976032,iriscatalan@example.com,2025-02-25
119,Clarisa Duran Rivera,"Paseo Loreto Gimenez 43
Tarragona, 09827",+34 880 028 073,anacleto03@example.net,2024-11-23
120,Arcelia Navarro Sebastián,"Rambla de Amado Anaya 72
Soria, 04148",+34945 97 17 92,yreina@example.com,2025-04-17
121,Jose Manuel Prat,"Rambla Ambrosio Fábregas 8 Piso 0 
Pontevedra, 45641",+34 887 861 967,elviravilanova@example.com,2025-01-13
122,Gertrudis Aramburu Rincón,"Ronda Juan Antonio Dueñas 56 Apt. 34 
Lleida, 16528",+34 854 761 184,wropero@example.org,2025-01-08
123,Saturnino Lucas Jove,"Avenida Adela Boada 3
Cáceres, 06683",+34 971 924 382,arturomiranda@example.org,2024-09-29
124,Héctor Toro Pont,"Paseo de Francisco Jose Ródenas 878
Vizcaya, 06528",+34721953036,pascualtejada@example.com,2024-12-02
125,Flavio Canales Romeu,"Paseo de Fito Viña 4
Asturias, 39939",+34 947 950 631,chuy04@example.net,2025-03-31
126,Estela Cándida Prado Nevado,"Acceso de Camilo Fonseca 56
Asturias, 07380",+34874 106 964,josefinabenito@example.org,2025-02-04
127,Néstor Camacho Hidalgo,"Paseo de Salomé Cordero 508
Córdoba, 29934",+34947 892 911,maria-luisabautista@example.org,2024-06-08
128,Eladio Llanos Ramis,"Calle Florentina Valero 27
Cáceres, 18839",+34 627 22 10 30,nicoacosta@example.com,2024-06-27
129,Victor del Isern,"Acceso Domingo Canales 72 Apt. 66 
Cantabria, 27653",+34872 20 33 10,lgonzalez@example.net,2024-10-06
130,Inmaculada Aitana Velasco Fonseca,"Alameda de Dan Pont 26 Puerta 6 
Zaragoza, 49416",+34824277989,rnino@example.com,2024-07-03
131,Griselda Lillo Girón,"Via de María Belén Riera 698
Valladolid, 21673",+34 745 66 17 65,palaumarisa@example.net,2025-02-08
132,Maxi Osuna-Segovia,"Glorieta Ovidio Carretero 46 Apt. 74 
Madrid, 35930",+34 844 865 787,elbaalcalde@example.org,2024-07-03
133,Ileana Palmira Alba Miró,"Ronda de Alex Cobos 91
Tarragona, 06796",+34821 58 01 27,carlito19@example.com,2024-11-19
134,Gonzalo Abascal Galán,"C. de Cruz Jaume 41 Puerta 6 
Ciudad, 19446",+34 871 956 883,cidgenoveva@example.com,2024-12-28
135,Tamara Rivero Sotelo,"Ronda Ágata Galiano 21
Huesca, 06208",+34849611165,xtorrents@example.net,2025-02-08
136,Melisa Acosta Lastra,"Rambla Jordi Mayoral 261
Lugo, 34547",+34878 43 18 98,canizaresgeronimo@example.com,2025-02-24
137,Custodia de Santamaria,"Callejón Eva Beltran 369
Ourense, 12878",+34975 91 50 47,domitila20@example.org,2024-05-21
138,Cipriano Gomila,"Alameda de Jonatan Martin 7
Navarra, 51811",+34825 222 581,sbriones@example.net,2025-02-22
139,Lucho Manrique Fábregas,"Urbanización de Ligia Guillen 39
Lleida, 20836",+34886 20 51 99,aparicionoe@example.org,2025-03-03
140,América Osuna Pons,"Acceso de Jerónimo Haro 48
Palencia, 25477",+34 874 585 559,xborrell@example.com,2024-11-13
141,Constanza Bastida Pinto,"Paseo Guillermo Solera 58 Piso 8 
Tarragona, 10791",+34 843 53 37 61,xcarlos@example.com,2025-04-30
142,Germán Artigas-Bellido,"Plaza Porfirio Borja 53
Santa Cruz de Tenerife, 47380",+34821 850 685,palomarnerea@example.org,2025-02-01
143,Íngrid Quevedo,"Pasaje de Severino Francisco 37
Barcelona, 08805",+34 944 78 12 82,marcelo98@example.org,2024-07-30
144,Constanza Villanueva Bernat,"Urbanización de Juliana Fabregat 92 Piso 1 
Guadalajara, 30087",+34 987132387,aurora53@example.org,2025-02-02
145,Zoraida Juan-Gomez,"Camino de Quirino Quirós 40
Jaén, 47982",+34945 89 45 89,vordonez@example.com,2024-07-09
146,Anunciación Catalá Pinto,"Calle de Paz Bueno 5
Lugo, 04360",+34 803 08 33 31,renata38@example.net,2024-10-21
147,Roque Fabra Grande,"Pasaje de Héctor Goñi 97 Piso 0 
Lugo, 28280",+34 800 426 230,guillermo41@example.com,2025-03-04
148,Onofre Torres-Mateo,"Ronda de Aristides Canals 6
Alicante, 45986",+34877 32 05 53,llobetlucila@example.org,2025-04-24
149,Ruperta Cabanillas Tomas,"Pasadizo Begoña Quero 65 Apt. 29 
La Coruña, 20262",+34 827 43 67 19,anselmo61@example.com,2025-03-27
150,Juanito de Castejón,"Urbanización de Dalila Matas 14
Las Palmas, 24885",+34887599036,esmeralda69@example.net,2025-01-13
151,Miguel Ángel Tamayo Fonseca,"Calle de Anselma Palomares 4 Puerta 7 
Tarragona, 17396",+34 828754849,ildefonso21@example.net,2024-09-19
152,Humberto Palomares Jara,"Callejón de Alexandra Aranda 34
Tarragona, 21169",+34847 93 04 05,andreacosta@example.org,2024-10-31
153,Hugo Mármol Rueda,"Rambla de Xiomara Gallego 5 Apt. 46 
Alicante, 27561",+34874 27 41 95,magdalena91@example.net,2024-05-29
154,Santos Andrés Campillo,"Via Sandalio Coello 15
Albacete, 31278",+34 876274450,barrossamuel@example.net,2024-08-29
155,Andrés del Villena,"Paseo de Edu Hernandez 26 Apt. 95 
Pontevedra, 10498",+34 848 335 317,lorenzo12@example.net,2025-01-29
156,Alexandra Diego,"Avenida Nélida Luque 306 Puerta 9 
Palencia, 47396",+34 720 906 157,maria-cristina57@example.net,2024-05-13
157,Beatriz Palomar Giménez,"Cañada Heraclio Marí 587 Apt. 02 
Barcelona, 15472",+34947869166,agapitopascual@example.org,2024-05-22
158,Anacleto Diego Pombo Espada,"Plaza de Jose Luis Tamayo 41
Asturias, 43973",+34714 99 44 54,pomaresricarda@example.net,2025-03-29
159,Jaime Goicoechea Salmerón,"Cuesta de Desiderio Lago 99
Zaragoza, 06585",+34 855583985,mgallardo@example.org,2025-01-22
160,Vanesa Campillo Gárate,"Rambla Elodia Egea 4 Piso 0 
Granada, 06366",+34 922 24 21 69,curena@example.net,2024-12-22
161,Fabián Amigó Revilla,"Vial Jose Jaén 74 Apt. 01 
Córdoba, 42506",+34876 34 17 41,natanael06@example.com,2024-06-29
162,Virginia Comas Uribe,"Camino Diego Leiva 98 Puerta 3 
León, 32969",+34 880 832 385,teobaldoaller@example.com,2025-04-30
163,Otilia Manuel Gibert,"Plaza Eli Navas 699 Piso 8 
Ávila, 12332",+34 871 66 49 39,domingoandrade@example.com,2024-05-13
164,Blanca Simó Herrera,"Via de Carmen Artigas 86 Piso 2 
Zaragoza, 40599",+34942 99 19 38,gonzalezmarciano@example.net,2024-12-30
165,Juan Luis de Arce,"Ronda de Florentina Carranza 570
Córdoba, 01301",+34987616979,ortegapatricia@example.org,2024-11-21
166,Remedios Gibert Ballesteros,"Urbanización de Sofía Duque 95 Puerta 6 
Zamora, 48803",+34 983 681 192,dsaez@example.com,2024-07-06
167,Manolo Chamorro Marquez,"Rambla Quique Alcolea 78
Álava, 42975",+34986124461,wgil@example.net,2024-11-10
168,Silvio Ocaña,"Cuesta Jose Angel Cardona 32 Apt. 55 
Sevilla, 13944",+34979 48 06 93,ypazos@example.net,2024-08-18
169,Ruben de Bermudez,"Urbanización de Mayte Barrera 957
Albacete, 12541",+34 910286643,nazario49@example.org,2024-09-20
170,Maura Pareja,"Pasaje de Belen Sainz 4
Santa Cruz de Tenerife, 03301",+34 925878621,baldomero96@example.net,2024-05-21
171,Paula Carbajo Narváez,"Ronda Leopoldo Campoy 56
Santa Cruz de Tenerife, 19383",+34 841844041,roigfeliciana@example.org,2024-06-09
172,Febe Prieto-Vallejo,"C. de Vanesa Reyes 25
Cáceres, 18912",+34958 796 564,bellidoanselmo@example.com,2025-02-07
173,Emma Padilla,"Plaza Rosalina Sola 72
Burgos, 26150",+34882 847 462,zalberola@example.com,2024-12-02
174,Dionisia Vergara Novoa,"Pasadizo Marcelino Tamayo 86 Piso 8 
Cuenca, 18924",+34983274523,ubenito@example.org,2024-08-30
175,Ágata Iborra Valls,"Plaza de César Ariño 78 Apt. 74 
Sevilla, 23427",+34945561766,prietoabel@example.net,2024-06-09
176,Nuria Criado,"Via Dafne Rozas 606 Puerta 4 
Granada, 14100",+34879068408,lupe98@example.com,2024-12-27
177,Maite Aparicio-Verdú,"Camino Eloy Villa 47
Huelva, 18176",+34871021799,geronimo93@example.com,2024-08-25
178,Ruperta Velázquez-Sevillano,"Pasaje Cirino Herranz 6 Apt. 11 
Cáceres, 40263",+34 975558283,alex15@example.com,2025-03-30
179,Teófilo Armengol Gonzalo,"Acceso de Andrés Naranjo 44 Puerta 5 
Santa Cruz de Tenerife, 39102",+34 984 88 93 94,guadalupe00@example.com,2024-12-25
180,Fortunato Rovira Coello,"Cuesta de Sabas Tapia 3
Salamanca, 43697",+34947708709,mirtariba@example.org,2025-01-19
181,Alcides Salas Ibáñez,"Rambla de Adelia Sáez 37
Ceuta, 05554",+34975 138 208,sabasvallejo@example.org,2025-04-26
182,Nélida Mascaró Batlle,"Avenida de Luís Aranda 22
Barcelona, 25833",+34874 839 630,rbejarano@example.com,2024-07-07
183,Antonia Burgos Vilar,"Urbanización Julie Cervera 69 Apt. 21 
Albacete, 41098",+34 923 01 21 79,aranzazuarana@example.org,2024-10-21
184,Alejo del Galan,"Cuesta Fabián Plaza 52 Puerta 8 
Sevilla, 36883",+34871 521 186,ruydelgado@example.org,2024-05-25
185,Perla Mascaró Andrés,"Pasaje de Vicenta Carrasco 74 Puerta 3 
Valladolid, 38623",+34825 284 485,otilia57@example.org,2024-09-06
186,Valerio Lucena Piquer,"Cañada Natalio Orozco 5
Valencia, 49380",+34 881116574,garciamargarita@example.com,2024-08-28
187,Lisandro Ferrándiz Otero,"Vial Eli Casado 59 Apt. 90 
Barcelona, 46546",+34 981 98 89 49,narcisaquintanilla@example.org,2024-05-27
188,Macarena Azorin-Andreu,"Pasaje de Lucas Díaz 9 Apt. 81 
Ourense, 33618",+34 946665780,pepito20@example.com,2025-03-05
189,Rebeca Calatayud Herrero,"Plaza de María Azcona 70 Apt. 12 
Cuenca, 08529",+34 949 205 969,giraltmartirio@example.net,2025-03-02
190,Fabiola Escalona Llorens,"Cuesta de Áurea Estrada 205
Jaén, 30657",+34985160033,ecases@example.net,2024-06-09
191,Cirino Portillo Dalmau,"Calle Felicidad Leal 933 Apt. 87 
Segovia, 51062",+34669 32 75 84,clarisa34@example.com,2024-05-06
192,Belén Barrios,"Via Ruy Piñol 4 Puerta 1 
La Rioja, 15605",+34845673813,vgual@example.org,2024-10-02
193,María Belén Estrella Elías Perez,"Alameda Olivia Frías 75
Madrid, 25724",+34875 997 041,yteruel@example.net,2025-02-14
194,Maximiliano Rocha Alfonso,"Calle Julieta Gaya 49
Murcia, 35154",+34 821862856,joseuriarte@example.net,2024-08-04
195,Santos Sanabria Estrada,"Alameda de Nico Román 13 Puerta 6 
Girona, 48794",+34983 23 39 24,crespojulieta@example.com,2024-08-22
196,Mónica Moreno,"Ronda Felicia Gallardo 19
Álava, 03982",+34 945 63 07 03,nzurita@example.net,2024-10-26
197,Anita Marín Bermejo,"Callejón de Moreno Pulido 21 Puerta 7 
León, 33025",+34 849 948 146,daniel80@example.org,2024-10-24
198,Guiomar Aguiló Caparrós,"Pasaje de Elena Cervantes 46 Puerta 3 
Ceuta, 23366",+34 942204698,evergara@example.org,2024-12-20
199,Rafael Bernad Buendía,"Glorieta Saturnino Ferrán 49 Puerta 4 
Alicante, 21901",+34 846993848,aiglesias@example.org,2024-05-24
200,Álvaro Anselmo Rosselló Pedrosa,"Avenida Natalio Jover 664
Granada, 09506",+34979 86 74 08,fidelaherrero@example.com,2024-10-16
201,Andrea Vives Vigil,"Rambla de Flor Castell 37 Puerta 6 
Palencia, 39559",+34976405001,xbastida@example.net,2025-01-29
202,Telmo Morcillo-Salamanca,"C. Aarón Palomares 24 Piso 1 
Málaga, 12492",+34820 72 20 07,maristela94@example.org,2025-01-07
203,Eulalia del Bilbao,"Acceso Conrado Aranda 26 Puerta 4 
Sevilla, 15233",+34 985 759 625,rnaranjo@example.com,2024-12-26
204,Amarilis del Angulo,"Camino de Sabina Torrecilla 22
Valencia, 41700",+34974483376,qprada@example.net,2024-11-23
205,Gil Acedo Bellido,"Pasaje Celia Lorenzo 92 Apt. 54 
Burgos, 14869",+34978858613,nunezanastasia@example.net,2024-12-05
206,Rodolfo Hervia Amo,"Via Raúl Macías 10
Huelva, 29658",+34 945 12 22 20,perlitapombo@example.org,2025-01-15
207,Gerardo Aranda,"Callejón Leire Castro 58 Puerta 1 
León, 28246",+34972 045 828,legea@example.org,2024-08-23
208,Socorro Miralles Arenas,"Cuesta Martirio Rivero 2 Apt. 65 
Badajoz, 07347",+34901991247,ofeliasantos@example.net,2024-12-20
209,Alejandro Lledó Bellido,"Cañada de Guiomar Vendrell 47 Apt. 13 
Girona, 39094",+34975 471 439,vizcainoroberto@example.net,2025-01-14
210,Félix Gomis Solís,"Calle de Eufemia Asenjo 60 Puerta 9 
Alicante, 33417",+34 980 84 72 87,bertrangaspar@example.net,2025-04-07
211,Evelia Bellido Taboada,"Glorieta Montserrat Marin 94 Piso 4 
Guadalajara, 14489",+34979 99 71 68,abigailjimenez@example.net,2024-11-13
212,Cleto de Arjona,"Vial Valentín Yuste 33
Toledo, 27716",+34982 925 483,ltome@example.com,2024-11-14
213,Dorita Cerdá Tomas,"Cañada Gertrudis Carrera 445
Cantabria, 23293",+34827 52 25 60,adora71@example.net,2024-05-09
214,Cayetana Correa Marí,"Rambla de Agustina Bustos 64 Puerta 9 
Huesca, 37761",+34945 929 031,rosariocanales@example.org,2024-08-08
215,Marco Rojas Fiol,"Via Camila Martí 928
Burgos, 15477",+34887 115 241,amilcarmarino@example.net,2024-09-13
216,Georgina Yuste Becerra,"Ronda de Mariano Blázquez 51
Burgos, 12525",+34873925044,ygrande@example.org,2025-03-23
217,Aroa Losada,"Cañada de Ángel Zabala 51 Piso 5 
Sevilla, 19750",+34822 302 915,kike42@example.com,2025-03-20
218,Juan José Rico Múgica,"Rambla de Gil Sarmiento 82
Sevilla, 50860",+34876 318 767,mbustos@example.org,2024-06-21
219,Cintia Pons-Rivero,"C. de Luciano Zamorano 37
Cantabria, 13848",+34 975 824 607,cpombo@example.net,2024-12-05
220,Juan Luis Peinado Dalmau,"Vial de Juan Bautista Pérez 26 Piso 4 
Ourense, 48146",+34734 648 183,mllopis@example.org,2025-02-25
221,Pablo de Moreno,"Cuesta Goyo Morillo 37 Apt. 04 
Cantabria, 17623",+34746530950,doloresvillena@example.net,2024-08-26
222,Chucho Esteban Sosa Villena,"Via Mamen Carranza 84 Puerta 6 
Valencia, 35645",+34 953 35 68 67,epina@example.net,2024-05-23
223,Marcos Niño Carranza,"Pasadizo Domitila Prat 258
Asturias, 37421",+34 871 71 19 63,luis75@example.com,2025-01-07
224,María Fernanda Sedano Gámez,"Ronda de Toribio Aparicio 16 Piso 8 
Pontevedra, 39695",+34 879 33 94 65,canellasselena@example.net,2024-11-02
225,Toribio Verdugo Torrent,"Vial Patricio Miguel 66
Lleida, 34051",+34981357447,miguel-angel61@example.org,2024-10-30
226,Eustaquio Fuertes Casals,"Rambla Teófilo Almansa 853
Jaén, 30497",+34986 09 13 57,cerdanicolas@example.com,2024-06-28
227,Alfonso Pou-Alcolea,"Urbanización de Raimundo Menéndez 9
Segovia, 48004",+34 924 634 645,palomonazario@example.com,2024-10-31
228,José Mari de Gelabert,"Acceso Margarita Gárate 5
Barcelona, 33004",+34878 545 984,valentin01@example.com,2024-06-26
229,Poncio Luís Nicolás,"Avenida Mariano Juan 38
Tarragona, 16896",+34941189770,upombo@example.org,2024-10-17
230,Albano Jurado Saez,"Camino de María Pilar Caparrós 90 Piso 6 
Segovia, 13235",+34 981 958 582,serranotristan@example.org,2024-07-08
231,Chus Santiago Bolaños Guitart,"Urbanización Clotilde Zapata 602
Sevilla, 27688",+34 878175005,gisbertfelix@example.com,2024-11-01
232,Montserrat Isaura Fuster Torrent,"Via de Maxi Cabanillas 24
Asturias, 30353",+34 974432961,maria-carmenaguado@example.org,2024-06-01
233,Rómulo del Nevado,"Calle de Martin Reig 71 Puerta 6 
Huelva, 02250",+34946608403,velezoriana@example.net,2025-03-16
234,Vicente Arce-Gascón,"Glorieta Jeremías Galiano 2
Alicante, 49337",+34 902 46 66 52,porcelseve@example.net,2025-03-01
235,Úrsula Murcia Esparza,"Pasaje de Victoria Tejedor 802
Santa Cruz de Tenerife, 51318",+34984592154,planaponcio@example.com,2025-01-26
236,Maximino Conde Porras,"Paseo de Corona Jódar 79 Piso 7 
Teruel, 37345",+34 717 811 792,maria-jose00@example.net,2024-12-19
237,Florentina del Santos,"C. de Maricela Montserrat 76
Almería, 47383",+34820 735 357,yaragones@example.net,2025-04-22
238,Débora Padilla Vilalta,"Callejón Florina Ortega 7 Puerta 8 
Huesca, 45441",+34 872 46 88 32,scadenas@example.net,2024-08-25
239,Lino Suarez,"Vial de Cirino Llabrés 39 Apt. 50 
Santa Cruz de Tenerife, 07061",+34900 181 511,efraincabanillas@example.net,2024-07-15
240,Alberto Guzman,"Paseo Candelario Bermudez 80
Teruel, 08344",+34974 14 70 98,pagesfelix@example.com,2025-03-01
241,Ramiro Raúl Soto Franch,"Urbanización Leticia Peralta 74 Piso 6 
Las Palmas, 02509",+34 988 52 00 02,morelllope@example.com,2024-06-05
242,Edmundo Sosa Castell,"Pasadizo de Chelo Solís 74
Ciudad, 36959",+34876612299,elenamurcia@example.org,2024-11-24
243,Ceferino de Lorenzo,"Avenida de Flora Escrivá 4
Segovia, 31414",+34945 42 60 74,vinicio64@example.com,2024-07-01
244,Margarita Badía-Somoza,"Cañada de María Belén Pablo 6 Apt. 49 
Albacete, 01020",+34 946 39 08 03,balaguererasmo@example.net,2024-05-24
245,Severino Abel Mendizábal Ibáñez,"Avenida de Elena Álvarez 8
Castellón, 26393",+34 874507227,palmira59@example.org,2024-09-28
246,Javi Araujo Almazán,"Pasaje Bartolomé Gutierrez 414
Soria, 47029",+34915 055 298,hpi@example.org,2024-09-28
247,Victorino Wilfredo Bas Dalmau,"Camino de Pancho Aguiló 88 Piso 4 
Teruel, 15288",+34 971 136 827,martabarragan@example.org,2025-04-05
248,Raúl Antúnez-Salinas,"Alameda de Jafet Prats 573 Puerta 8 
Pontevedra, 06787",+34 846 466 663,kgargallo@example.net,2025-02-16
249,Gabriela Álvarez Castillo,"Cañada de Carmela Saldaña 427 Puerta 5 
Álava, 39698",+34 987 63 01 34,ehervia@example.com,2024-11-10
250,Vicente Llabrés Manjón,"Alameda Erasmo Santiago 7 Puerta 1 
Lleida, 49899",+34900 71 09 58,bcoronado@example.com,2024-09-15
251,Adelaida Carro Ojeda,"Glorieta Perla Vilanova 82
Alicante, 02269",+34 920 58 26 09,ligia22@example.net,2024-09-02
252,Zoraida Montesinos Barrios,"Calle de Carlito Coloma 8 Piso 7 
Murcia, 30965",+34945 554 173,lolacarreras@example.org,2024-08-25
253,Luís Quiroga-Melero,"Callejón de Dolores Torre 58
Baleares, 37573",+34884 84 43 94,rafael48@example.net,2024-12-02
254,Jenny Barba Manuel,"Avenida de Fausto Perez 65
Navarra, 51727",+34 848 997 921,bplaza@example.org,2024-09-07
255,Curro Vilar Pastor,"C. de Isa Vergara 92 Puerta 0 
Almería, 13086",+34 882700974,apolinar45@example.org,2024-08-07
256,Casemiro Lledó,"Cañada Graciela Torrijos 83 Piso 8 
Valencia, 01747",+34 949 034 836,godofredo53@example.org,2025-04-29
257,Lorenzo Rosendo Barros Cruz,"C. Toribio Río 7 Piso 4 
Lugo, 22437",+34 824 840 446,fonsecaruben@example.org,2024-08-29
258,Rafa de Vila,"Paseo Leonel López 797 Apt. 10 
Palencia, 01237",+34 800 237 132,luisrubio@example.net,2025-01-24
259,Elías Edgardo Collado Arias,"Ronda Rafaela Fuentes 26
La Rioja, 19584",+34 973619649,gjove@example.net,2024-07-16
260,Hipólito Alegria,"Camino de Buenaventura Luque 725 Apt. 36 
Almería, 28965",+34 979 333 830,nydia71@example.net,2025-03-24
261,Cesar Vall,"Acceso de Cándida Rius 2 Piso 2 
Lleida, 37185",+34 875 18 12 25,calistomontes@example.org,2024-12-16
262,Ruben Pineda Pereira,"Urbanización Lara Roselló 15 Piso 0 
Segovia, 45234",+34971 758 831,julietabilbao@example.com,2024-11-11
263,Noa Mas Buendía,"Acceso de Mercedes Jurado 6 Apt. 61 
Córdoba, 49298",+34 845969879,jovemaribel@example.net,2025-02-03
264,Gastón Raya Hervia,"Avenida de Caridad Vidal 8
Vizcaya, 37371",+34921 116 128,nievespineiro@example.org,2025-03-12
265,Cecilio Cerro Mateu,"Ronda de Luis Miguel Tur 87
Segovia, 45931",+34 901242611,malobernardita@example.com,2024-06-08
266,Oriana Tomás Barrena,"Rambla de Cirino Adadia 26
Lugo, 14824",+34841 624 425,tejerohumberto@example.org,2024-05-15
267,Darío Ferrero Barceló,"Pasadizo de Emperatriz Fuster 65
Alicante, 36180",+34 941 829 223,giselaquiroga@example.org,2025-02-28
268,Araceli Cuevas Figuerola,"Avenida Etelvina Bernat 65 Apt. 86 
Ourense, 25045",+34 861665653,agueda86@example.net,2024-06-20
269,Luisa Barrera Prats,"Glorieta Cristian Oliva 6
Vizcaya, 24945",+34 718 283 014,aherrero@example.com,2025-01-27
270,Eli Alcolea Rocamora,"Pasadizo Teodoro Ibañez 57
Madrid, 13161",+34 826 462 788,dnovoa@example.net,2024-10-26
271,Eladio Arteaga Pereira,"Alameda Patricio Salamanca 38
Huesca, 34845",+34 846 917 845,ninonereida@example.com,2024-10-13
272,Obdulia Bilbao Suárez,"Urbanización Lorenza Piña 84
Albacete, 13731",+34871 147 113,dimastomas@example.com,2025-03-23
273,Leandra Almagro Posada,"Vial Sosimo Mena 12 Apt. 72 
Albacete, 09188",+34 824 230 842,tmateu@example.com,2025-04-06
274,Seve Alfaro Avilés,"Callejón de Francisco Javier Jaén 9 Apt. 10 
Cáceres, 04895",+34885 273 539,brunilda47@example.com,2024-09-02
275,Estrella Bilbao Company,"Camino de Ani Cabañas 521
Ávila, 35741",+34844475708,wmaldonado@example.org,2024-07-01
276,Dalila Vilma Solera Soria,"Ronda Rosalía Alarcón 7 Piso 6 
Cantabria, 06642",+34 946 354 787,mendezrodrigo@example.net,2024-08-12
277,Pacífica Barriga Busquets,"Ronda de César Águila 8 Apt. 83 
Zamora, 32301",+34847 633 565,veronica83@example.org,2024-11-17
278,Regina Arias Ribera,"Urbanización Rafa Coca 4
Pontevedra, 27887",+34 881 31 68 53,paolapascual@example.net,2024-08-06
279,María Carmen Alfonso Bermudez,"Urbanización Abigaíl Tejera 1
Tarragona, 07835",+34977 64 10 80,zexposito@example.net,2024-05-10
280,Lucio Cuéllar Pol,"Rambla Che Palmer 44 Piso 3 
Ourense, 15216",+34981 46 54 78,tmorillo@example.net,2024-10-02
281,David Valencia Galiano,"Via Angelita Segovia 4 Piso 3 
Navarra, 21990",+34 986045498,narcisamalo@example.org,2024-05-17
282,Albino Baños Roma,"Alameda de Jordi Gómez 609 Apt. 96 
Córdoba, 05048",+34 977 793 099,osvaldoespanol@example.com,2025-03-14
283,Josefa Abella Arellano,"Alameda Trini Cadenas 9
Segovia, 27232",+34 828 506 817,bmontserrat@example.com,2024-06-24
284,Estefanía Ocaña Morcillo,"Vial Áurea Escrivá 66
Girona, 07479",+34946435785,arteagafeliciano@example.net,2025-02-18
285,Adriana Margarita Ayllón Pastor,"Plaza Carmela Jurado 21 Apt. 26 
Albacete, 45187",+34 887 959 678,paulinozamorano@example.com,2024-11-08
286,Dani Nogueira Díez,"Pasaje Cloe Saavedra 50
Navarra, 31881",+34 876 941 868,icasares@example.org,2025-03-26
287,Cruz Melero-Pablo,"Via Maxi Téllez 559
Santa Cruz de Tenerife, 04708",+34973 256 259,regueracarmen@example.com,2024-06-12
288,Apolinar Villalonga Lobo,"Acceso Emperatriz Lladó 69
Almería, 13440",+34984 83 00 36,ptaboada@example.com,2024-09-17
289,Albina Albero Salinas,"Ronda de Alonso Sureda 81
Vizcaya, 12194",+34928 512 598,isabelsuarez@example.com,2024-07-04
290,Manola Cerdán Benavente,"Acceso Pilar Morera 26
Ceuta, 26548",+34947305777,higuerasarmando@example.com,2024-11-13
291,Teo Garrido Monreal,"Alameda Ximena Iborra 930 Apt. 30 
Palencia, 35014",+34845 29 38 75,pio94@example.net,2025-04-06
292,Marita Pavón Palomino,"Via Héctor Gallart 5 Puerta 9 
Guipúzcoa, 40961",+34878521971,maricela80@example.com,2025-03-08
293,Bernardita Marqués Rios,"Urbanización Maite Olivares 517 Piso 3 
Huesca, 32174",+34980747903,mateonazaret@example.com,2024-11-07
294,Flor Vargas Muro,"Paseo Kike Amores 3
Vizcaya, 13986",+34974 464 328,doloreslopez@example.com,2024-11-04
295,Amada Agustí Aliaga,"Cañada Bernabé Navarrete 65 Puerta 0 
Las Palmas, 48091",+34 945003236,upuig@example.com,2024-07-16
296,Héctor Falcó Marco,"Pasaje Ligia Mata 64
La Coruña, 19792",+34806147702,evita16@example.net,2024-11-28
297,Dani Sebastián,"Avenida de Leonardo Alemán 39 Apt. 60 
Cádiz, 37160",+34 880 503 751,saludmartinez@example.com,2024-05-09
298,Aitor Blanes Gibert,"Acceso Úrsula Izquierdo 4 Piso 7 
Granada, 22826",+34803192127,mascaroguillermo@example.com,2024-09-18
299,María Luisa Alcaraz-Cardona,"Rambla de Abel Aragonés 9
Jaén, 27419",+34 885 44 55 22,rubenvalenzuela@example.com,2024-05-12
300,Alex de Carrasco,"Acceso Anna Arce 60 Puerta 7 
Álava, 32863",+34874 334 986,nicolasavalero@example.com,2024-05-08
301,Ámbar Benítez Leiva,"Ronda José Ángel Bilbao 6 Puerta 4 
Teruel, 38139",+34 827 80 35 83,francisca70@example.net,2025-03-27
302,Teófilo Hoyos Herranz,"Urbanización Mar Roma 66 Piso 5 
Valencia, 19799",+34888 62 56 88,moraledacayetano@example.org,2024-06-08
303,Trini Codina Mancebo,"Glorieta de Julie Iniesta 22
Burgos, 26150",+34982 054 913,sgranados@example.net,2024-07-08
304,Encarnacion Menendez Pinto,"Vial Melania Buendía 71
Albacete, 42853",+34 985 33 46 39,edmundo92@example.net,2025-02-23
305,Baldomero de Solsona,"Rambla de África Villanueva 37 Piso 1 
Sevilla, 32100",+34976 19 13 70,teruelmar@example.net,2024-12-23
306,Eugenio Marin Carrasco,"Urbanización Susanita Ibarra 298
Guipúzcoa, 28935",+34 924 101 842,pedrosamelisa@example.org,2024-10-20
307,Demetrio Pont Ávila,"Paseo de Albino Gelabert 72 Apt. 71 
Santa Cruz de Tenerife, 44245",+34941 44 33 57,storre@example.net,2025-04-04
308,Calixto Arenas-Cózar,"Via de Alba Berrocal 18
Murcia, 24523",+34882 06 82 68,lina96@example.net,2025-02-06
309,Glauco Lara Serra,"Camino de Eva Guitart 562
Álava, 16062",+34977 23 18 06,joveryesica@example.net,2024-12-27
310,Eufemia del Goñi,"Paseo Clarisa Trillo 3 Apt. 80 
Huesca, 01578",+34946882657,rbayo@example.com,2024-09-06
311,Paz Perlita Somoza Vallejo,"Cañada Bernardita Serna 499 Apt. 71 
Badajoz, 44226",+34882804944,juan-jose56@example.com,2024-10-21
312,Odalis Florinda Valero Álamo,"Rambla de José Sanz 3 Puerta 2 
Ourense, 19575",+34825 99 96 66,amadormarina@example.net,2025-03-05
313,Fátima Cabezas Tur,"Camino de Lucía Doménech 9
Madrid, 15883",+34 973 05 24 66,araceli77@example.com,2025-03-02
314,Isabela Portillo-Rivas,"Avenida de Victor Martínez 95 Apt. 39 
La Coruña, 04125",+34 988 76 28 38,wlujan@example.com,2024-10-08
315,Clemente Saura Falcó,"Pasaje de Gracia Cid 6 Piso 5 
Santa Cruz de Tenerife, 24575",+34 826 04 89 53,fausto35@example.com,2024-06-05
316,Emma Osorio Codina,"Plaza Apolinar Hoyos 21 Piso 3 
Ceuta, 52035",+34923 852 006,vivianarossello@example.com,2024-09-29
317,Maricruz Romeu,"Rambla Emiliana Pombo 3 Puerta 8 
Melilla, 05698",+34628 94 99 81,ypriego@example.org,2025-04-16
318,Andrés Cañete Gutierrez,"Avenida de Soledad Córdoba 35
Melilla, 03679",+34882595788,chemacarretero@example.org,2024-08-28
319,Luciano Larrañaga,"Alameda de Azeneth Mata 42 Apt. 26 
Castellón, 46581",+34924 127 177,pastor87@example.com,2024-11-21
320,Natalia Goicoechea Nebot,"Paseo de Quirino Montenegro 229 Piso 0 
Barcelona, 29015",+34900 00 02 44,fatimauribe@example.net,2024-05-08
321,Leonel del Escobar,"Ronda Graciano Cantón 65
Granada, 24193",+34987344846,jacinto71@example.org,2025-02-24
322,Nidia Chamorro Bru,"Glorieta Martin Prado 83
Huelva, 16389",+34 922 661 220,cornelio18@example.com,2024-10-02
323,Néstor Valbuena Coello,"Avenida Marco Toledo 63
Guadalajara, 39848",+34 842 908 988,pinolmaria-teresa@example.com,2024-06-28
324,Baudelio Aznar,"Cuesta Teresita Alberola 106 Apt. 00 
Las Palmas, 33562",+34 967 06 62 95,benita57@example.com,2024-09-02
325,Valeria Gordillo Cárdenas,"Ronda de Vanesa Terrón 552 Piso 6 
Lleida, 36911",+34984763015,menarenato@example.net,2025-01-13
326,Luis Sobrino Lopez,"Acceso Custodio Ferrández 10
Álava, 23333",+34 883225793,roxanamorante@example.net,2025-01-20
327,Delia Gonzalo Nieto,"Pasadizo Rosa Valls 65 Puerta 0 
Melilla, 48231",+34 820 144 327,modestomanzano@example.org,2024-09-25
328,Pastor Mendez Aznar,"Acceso de Daniel Luque 838 Apt. 20 
Zamora, 31670",+34873641223,tejedorleonardo@example.com,2024-10-23
329,Belen Mayte Lopez Tamayo,"Ronda de Eric Falcó 59 Piso 3 
Murcia, 10369",+34971 55 35 21,jllopis@example.net,2024-05-16
330,Marcia Guzman,"C. de Francisco Javier Aragón 60
León, 22189",+34 828 82 75 75,amancioheras@example.com,2025-04-05
331,Amarilis Matas Juliá,"Pasaje Domitila Arnaiz 9
Lugo, 23669",+34702 291 967,elialvarado@example.org,2024-09-23
332,Ruperto del Carrillo,"Via Carla Flores 81 Apt. 13 
Lugo, 18055",+34 943 98 31 93,saritaroda@example.org,2024-08-18
333,Espiridión Comas-Alcalde,"Via de Lupita Naranjo 79 Apt. 12 
Cuenca, 34584",+34842 14 02 00,celestino89@example.com,2024-12-01
334,Maite Aragonés,"C. de Joel Conesa 69 Apt. 46 
Granada, 34583",+34 900 139 854,parejagaston@example.net,2024-11-30
335,Tito Lozano,"Callejón Macarena Planas 43 Puerta 7 
Navarra, 37356",+34 942 281 554,benignonebot@example.org,2024-11-12
336,Tere Campos,"Pasadizo de Raimundo Río 26 Puerta 3 
Córdoba, 21564",+34981 397 765,menendezcristian@example.com,2025-01-02
337,Lucio Varela,"Pasadizo de Ambrosio Domínguez 49
Madrid, 03324",+34958 73 14 98,carboesteban@example.net,2025-02-10
338,Anacleto Benito Cervantes,"Callejón de Candelario Moya 98 Piso 9 
Málaga, 30522",+34 923 285 228,tomasflor@example.com,2024-08-31
339,Javi Novoa Arellano,"Cañada de Édgar Calvo 41 Apt. 02 
Lleida, 50506",+34966237189,florencio85@example.com,2025-04-19
340,Yolanda Jaén Valentín,"Acceso Merche Carranza 18 Piso 6 
Valladolid, 35470",+34927 160 742,ponsirma@example.org,2024-08-30
341,Antonio de Ariza,"Rambla Francisco Javier Perales 603
Jaén, 44736",+34 979 42 47 38,bbarral@example.com,2025-03-27
342,Edmundo Guerrero Losada,"Plaza de Leandro Correa 198
La Coruña, 48954",+34 926580957,encarnita38@example.com,2025-02-07
343,Sandalio Arroyo Román,"Vial Itziar Bermudez 4 Puerta 2 
Sevilla, 34644",+34 874 39 74 45,febecodina@example.com,2024-10-08
344,Vasco Vallés Hernández,"Calle Juanito Gimeno 57 Puerta 4 
Córdoba, 45243",+34882 632 223,velazquezjulia@example.com,2024-09-26
345,Teodosio Lozano,"Calle de Gonzalo Pazos 72 Puerta 1 
Lleida, 49259",+34 738 38 74 00,kriquelme@example.net,2024-12-20
346,Felix Novoa-Mercader,"Pasaje Ximena Benito 64 Puerta 2 
Huelva, 34085",+34920173243,gllopis@example.com,2024-12-12
347,Josefa Murcia Sacristán,"Calle Arcelia Narváez 44 Puerta 1 
Sevilla, 44957",+34 979934944,oibanez@example.net,2025-04-04
348,Jonatan Lara Benavides,"Ronda Arsenio Bellido 6
Guadalajara, 26425",+34871 722 905,ferrerfrancisco@example.com,2025-02-13
349,Camila Garmendia Rojas,"Cañada Aureliano Boada 669
Granada, 47012",+34 972 763 114,salomjuan-pablo@example.net,2024-07-25
350,Apolonia Pozuelo,"Callejón Blas Hernández 27 Puerta 6 
Alicante, 36906",+34 972 83 04 31,mamenalarcon@example.net,2024-05-21
351,Eloísa del Maestre,"Acceso de Néstor Mascaró 4 Piso 5 
Lugo, 14495",+34 827222281,olalla78@example.org,2024-11-10
352,Joaquina Miró Pomares,"Glorieta Belén Giner 13
Ourense, 15697",+34 947 818 093,iblazquez@example.org,2025-02-11
353,Glauco Chacón Escobar,"Cañada de Cleto Cadenas 433 Piso 5 
Cáceres, 26886",+34922842172,venceslas05@example.org,2024-11-14
354,Damián Mas Rico,"Pasadizo Fermín Pinilla 41 Piso 8 
Girona, 32488",+34946992369,godoypatricio@example.org,2025-04-29
355,Joel Lluch Albero,"Rambla Saturnino Murillo 29
Valladolid, 02948",+34818236200,qgomis@example.org,2025-02-17
356,Dionisio Rebollo Tapia,"Pasaje de Cloe Verdugo 94 Puerta 0 
Valencia, 21605",+34 884916649,ester21@example.net,2024-05-24
357,Ofelia Bello Fonseca,"Pasadizo de Casemiro Morillo 8 Piso 7 
Barcelona, 09238",+34 986905024,vtomas@example.net,2024-09-15
358,Ruben Iniesta Orozco,"Acceso de Marcio Albero 7
León, 38152",+34942 58 32 37,rafa26@example.net,2024-11-20
359,Feliciana del Sureda,"Camino Julia Montero 1
Vizcaya, 06156",+34842667693,mllano@example.com,2025-02-17
360,Jeremías Roque Royo Guzmán,"Alameda Trinidad Pazos 185
Salamanca, 20996",+34928 885 554,florencia86@example.net,2024-06-11
361,Elba Portillo,"Calle Emilia Saavedra 220
Lugo, 06246",+34 857 42 81 03,martiteodosio@example.net,2024-06-22
362,Jose Miguel Arnau Francisco,"Alameda de Aurelio Llopis 530
Cuenca, 37663",+34921 84 95 04,leticiaricart@example.org,2024-07-14
363,Ruy Dominguez Sarabia,"Cuesta de Gervasio Colomer 52
Pontevedra, 43589",+34 723787367,adrianuribe@example.com,2025-04-13
364,Dionisia del Carro,"Acceso Plinio Millán 185
Castellón, 36977",+34887 047 912,frosales@example.com,2025-04-13
365,Victoria Cámara Castellanos,"Rambla de Quique Solera 74 Piso 5 
Madrid, 32832",+34988896271,coelloliliana@example.net,2025-04-14
366,Cipriano del Bermudez,"Vial de Virginia Guardia 22
Barcelona, 15861",+34716452826,sespejo@example.net,2024-08-16
367,Roldán Malo Gutierrez,"Pasaje Casandra Mínguez 2 Piso 3 
Soria, 39979",+34 976 141 984,blasriba@example.net,2024-10-06
368,Alfredo Franco,"Cuesta Carlota Bru 79 Piso 3 
Huelva, 41672",+34981 095 578,ale60@example.net,2025-04-20
369,Maristela Regina Solís Salamanca,"Cañada de Esmeralda Sierra 75
Valencia, 31864",+34 846152649,claudioiniesta@example.com,2024-10-20
370,Rocío Emiliana Vizcaíno Vilalta,"Glorieta de Ignacio Sala 99
Cáceres, 28686",+34815261111,dani63@example.com,2024-10-11
371,Anselmo Múñiz,"C. de Epifanio Gomis 5 Piso 6 
Málaga, 24440",+34922900088,vmarcos@example.net,2025-02-08
372,Ibán Aristides Navarrete Barral,"Alameda de Angélica Roman 5
Ávila, 40279",+34724690344,domenechseverino@example.net,2024-05-25
373,Milagros Palacios Carreño,"Urbanización Teófila Martín 40
Teruel, 38749",+34 979225014,jhierro@example.net,2024-08-21
374,Nerea Salvà Ruano,"Rambla de Ani Marin 16
Melilla, 12085",+34 941 26 95 53,geraldo81@example.com,2024-05-02
375,Gastón Segura Bello,"Pasaje de Adelina Zabala 450 Apt. 62 
Guadalajara, 41412",+34984 677 059,irma35@example.com,2024-05-09
376,Eloy Merino Soto,"Avenida Rufino Criado 4
Zaragoza, 31453",+34 881 088 500,severoperez@example.net,2025-04-06
377,José Mari Lillo Palomino,"Rambla de Mónica Llopis 714 Puerta 7 
Huelva, 40066",+34 973 090 167,paca15@example.com,2024-08-24
378,Rosalinda Vázquez Vicente,"Callejón Óscar Roda 82
Tarragona, 34205",+34973765659,jgalan@example.net,2024-05-03
379,Jose Antonio Sevilla Ponce,"Camino Teo Andrade 421
Zaragoza, 28530",+34803 950 326,montserrat75@example.com,2024-06-11
380,Balduino Kike Gómez Doménech,"Alameda Norberto Iriarte 37
Jaén, 33101",+34877 307 995,rodafito@example.org,2024-07-26
381,Inés Arco Ricart,"Paseo José Luis Donaire 589
Huesca, 04813",+34 839 66 33 45,bcaballero@example.net,2024-08-08
382,Estela del Coello,"Calle de Clímaco Fonseca 64 Puerta 9 
Cuenca, 10362",+34828 86 43 02,maria-angelesalmagro@example.com,2025-04-21
383,Nilda Pili Solera Raya,"Alameda de Federico Moreno 9
Guipúzcoa, 06866",+34 803 44 63 48,marc91@example.org,2025-04-10
384,Juan Pablo Ochoa,"Ronda de Rosaura Grau 95
Santa Cruz de Tenerife, 07229",+34 708 24 34 08,reyes27@example.org,2025-03-11
385,Chita García Giménez,"Plaza de Adelina Quintanilla 889 Piso 9 
Jaén, 15170",+34845265266,ccodina@example.com,2025-03-18
386,Fausto Polo Puerta,"Callejón de Jesusa Capdevila 328
Salamanca, 47883",+34 900 77 47 09,aitor12@example.net,2024-08-21
387,Soledad Alarcón Guerra,"Callejón de Luciano Riquelme 924
Baleares, 33029",+34 844997986,concha92@example.org,2024-08-16
388,Etelvina Muñoz Amor,"C. Eugenia Pujol 212
Madrid, 15358",+34 979 577 516,jeronimonicolau@example.com,2025-01-02
389,Ángela Montero Palomino,"C. de Rebeca Nogueira 43 Puerta 7 
Zamora, 04165",+34 941 917 351,espiridion56@example.com,2024-07-15
390,Javier Cifuentes-Ruiz,"Pasadizo de Gerónimo Donoso 312 Piso 7 
Navarra, 10666",+34883595694,salud86@example.net,2024-06-13
391,Juana Sobrino Sanjuan,"Ronda de Elisabet Sebastián 1 Piso 5 
Lleida, 39120",+34 876 05 76 23,nadiarocamora@example.com,2024-09-30
392,Fátima Ricart Cantero,"Camino Pastora Asensio 363
Ourense, 16439",+34806 99 75 15,vicentemaricela@example.net,2024-09-30
393,Marisol Belda-Vilaplana,"Avenida Micaela Herrero 7 Puerta 4 
Málaga, 41700",+34946 80 66 48,hilariojulia@example.org,2024-05-23
394,María Belén Yáñez Bertrán,"Cañada Rosaura Lago 3
Valladolid, 43196",+34981 581 885,lilia50@example.org,2024-11-30
395,Teo Almagro Barba,"Camino Marino Porras 96 Piso 9 
Las Palmas, 35062",+34 946 766 908,ezequielexposito@example.com,2025-04-03
396,Fernanda Carrión Cabo,"Rambla de Dimas Malo 914
Guadalajara, 02758",+34 828 246 028,aureliano16@example.net,2024-12-21
397,Carlota Tenorio-Manzano,"Ronda de Sara Feliu 30 Apt. 96 
Cáceres, 18488",+34820 090 510,dario75@example.com,2024-07-06
398,Corona del Castell,"Avenida de Rolando Zamora 33
Ourense, 25239",+34835238470,rupertobenitez@example.net,2024-09-22
399,Félix de Piñeiro,"Urbanización Anastasio Company 73 Puerta 2 
Las Palmas, 28185",+34 932 184 946,rosalia63@example.net,2024-11-08
400,Paola Tello Tello,"Alameda de Salvador Arteaga 37 Apt. 60 
Álava, 25756",+34921150640,ribasgilberto@example.org,2025-03-09
401,Teófila de Galán,"Avenida Elisabet Pallarès 79 Piso 3 
Badajoz, 21642",+34803 465 408,cantunez@example.org,2025-03-20
402,Aarón Serrano Molina,"Acceso de Margarita Valbuena 70 Piso 7 
Asturias, 41807",+34943 54 83 24,valentinreyes@example.org,2024-05-15
403,Telmo Río Rius,"Urbanización Ildefonso Llorente 892 Piso 2 
Lleida, 14866",+34 951218247,bpages@example.com,2024-11-05
404,Isabel Tena,"Camino Asdrubal Estrada 52
Albacete, 28981",+34 841204662,reypastor@example.net,2025-03-04
405,Lara de Portillo,"Vial de Alex Bravo 6 Apt. 78 
Castellón, 17296",+34934 454 775,felicianarovira@example.net,2024-10-28
406,Demetrio del Gallo,"Glorieta Nando Amaya 78 Piso 7 
Lleida, 01140",+34885 121 244,galanmarcio@example.com,2024-06-02
407,Mar Piñeiro Mosquera,"Pasaje Noa Rius 4 Apt. 65 
Girona, 20325",+34733 749 820,panchopla@example.net,2025-04-06
408,Aníbal Fernández,"Calle de Pepe Fajardo 34 Apt. 46 
Asturias, 19987",+34 845 11 95 29,melania87@example.com,2024-06-15
409,Íñigo Terrón Aznar,"Alameda de Martirio Costa 4 Puerta 5 
Ávila, 33214",+34 813 562 049,talegre@example.org,2024-07-29
410,Venceslás Cecilio Reig Canales,"Pasadizo Sandalio Crespi 3 Piso 4 
Almería, 20120",+34901 731 332,bautistaluna@example.net,2024-10-28
411,Noemí Hervás Cuevas,"Cuesta de Jose Barberá 29 Apt. 11 
Vizcaya, 05637",+34 964075071,baezalorenzo@example.com,2025-03-28
412,Corona Carpio Izaguirre,"Camino Eva Carretero 25 Piso 4 
Murcia, 19889",+34858623242,kriera@example.net,2025-01-04
413,Magdalena del Medina,"C. de Ruben Álamo 2 Puerta 3 
Cuenca, 20135",+34 881866573,concepcion62@example.org,2024-05-11
414,Sandalio Uriarte Aparicio,"Callejón Pastor Vidal 14 Piso 4 
Girona, 49350",+34 706 514 457,fortunato31@example.org,2024-06-08
415,María Galván Lasa,"Paseo de Azucena Pont 65
Lugo, 44081",+34 812 47 20 57,guiomar28@example.net,2024-11-11
416,Flavio Jaume,"C. de Inmaculada Bejarano 185
Ceuta, 26860",+34947106899,ramona99@example.com,2024-08-01
417,María Ángeles González Blanca,"Alameda Perlita Lasa 1
Jaén, 01393",+34803895902,manceboolalla@example.net,2024-09-10
418,Olga Vera Bayona,"Glorieta de Julio César Bermejo 98 Apt. 04 
Ávila, 46317",+34825804544,reneguzman@example.com,2024-12-20
419,Cosme Morales-Tovar,"C. de Nazario Falcón 374
Málaga, 28462",+34886 962 504,canasrico@example.com,2025-01-12
420,Almudena Paloma Ortuño Cáceres,"Cañada Azahar Girón 63 Apt. 77 
Cáceres, 40083",+34948 647 196,sbernal@example.com,2024-11-14
421,Eli Cabanillas,"Avenida Marcelo Lopez 47
Ciudad, 51903",+34 622 220 448,ricarda48@example.com,2025-02-14
422,Victor Manuel Paredes Arnal,"Camino de Micaela Rosales 178
Guipúzcoa, 34275",+34816287864,piliarco@example.com,2024-08-06
423,Enrique Jove Antón,"Cañada de Rocío Valverde 83 Piso 6 
Jaén, 43744",+34 843 84 26 97,maria-angelescampos@example.org,2024-10-12
424,Encarna María Teresa Bosch Alarcón,"Rambla de África Colomer 50 Apt. 82 
Barcelona, 42664",+34978567212,severocalderon@example.org,2024-05-27
425,Manu Vallés,"Paseo de Rafa Albero 85
Huelva, 18302",+34828517974,mirallessilvio@example.org,2025-01-17
426,Graciano Ureña,"Paseo José Manuel Diéguez 94
Burgos, 16970",+34 887 479 306,esther97@example.com,2025-03-02
427,Albert de Cervantes,"Cuesta de Marisol Cerro 90 Piso 1 
Málaga, 42729",+34 947 12 07 78,agustinpalomo@example.com,2024-07-04
428,Severo Carbó Vera,"Urbanización de Emperatriz Roldán 411 Piso 8 
Madrid, 33391",+34727 73 43 44,arocagerman@example.net,2024-07-30
429,Carmelita Andrade Izaguirre,"Via Seve Cañizares 2 Apt. 38 
Soria, 25274",+34806 87 74 02,tolosajovita@example.com,2025-03-10
430,Modesto Artigas Batalla,"Cañada Emilio Egea 38 Puerta 4 
Teruel, 13726",+34880 409 421,susana65@example.org,2024-08-14
431,Gabino del Vizcaíno,"Vial de Che Palacio 131 Piso 2 
Murcia, 17673",+34825 80 08 24,moreno92@example.net,2024-09-22
432,Merche Cañizares,"Paseo Miguel Canales 42
Tarragona, 50700",+34 934 95 72 49,imeldaclemente@example.net,2024-12-07
433,Sandra Anaya Olivera,"Plaza Brunilda Arnaiz 4
Girona, 43230",+34901875066,cgelabert@example.com,2024-11-30
434,Marcial Pinto Oliva,"Acceso de Ruy Araujo 36
Guipúzcoa, 14482",+34 922 67 03 56,hilda97@example.org,2025-03-02
435,Marcial Barroso Fuster,"Paseo Julia Piñeiro 75 Piso 9 
La Rioja, 49295",+34 884 33 46 74,balegre@example.net,2025-01-20
436,Emelina Lasa-Rosell,"Rambla de Miriam Alberto 63 Apt. 12 
Jaén, 09372",+34924 24 91 05,gallegoluna@example.com,2024-08-03
437,Vera Adadia Tirado,"Camino de Agustín Falcón 882
Tarragona, 26558",+34844 96 22 80,ester17@example.net,2025-02-19
438,Tomás Colom Polo,"Cañada Raúl Rey 118 Piso 1 
Ceuta, 40644",+34841 36 83 39,maria-luisaprieto@example.com,2024-08-16
439,Teófilo Cándido Palma Larrea,"Pasadizo de Fabricio Escrivá 658
Tarragona, 36260",+34 982 419 956,rincondamian@example.com,2025-02-17
440,Héctor Escolano,"Pasaje de Humberto Asensio 18
Lleida, 12608",+34975 530 848,adelaida83@example.com,2024-05-10
441,Pepita Garrido-Delgado,"Paseo Reyna Vargas 68 Puerta 5 
Cádiz, 50496",+34800854276,ciprianoescudero@example.net,2025-03-13
442,Renato Amores Arranz,"Alameda de Curro Puerta 88 Piso 4 
Segovia, 01316",+34972 317 708,ramon36@example.org,2025-02-17
443,Andrés Felipe Bellido Rivera,"Rambla Tristán Egea 5 Apt. 14 
Alicante, 12051",+34 941 023 546,martaaliaga@example.net,2024-06-04
444,Rita América Criado Belmonte,"Camino de Bartolomé Tomé 45 Puerta 6 
Lleida, 47768",+34 921 41 04 69,alonsojorda@example.com,2024-10-18
445,Nicolás Jara Sanabria,"Avenida de Roxana Verdugo 37 Puerta 3 
Albacete, 16116",+34 841056523,feliciana76@example.com,2024-05-01
446,Adelaida de Carro,"Camino Nydia Bernad 96
Pontevedra, 12009",+34 983 77 71 89,tlujan@example.com,2024-12-18
447,Hortensia Piñol Molins,"Glorieta de Asdrubal Guerra 94 Piso 5 
Toledo, 17882",+34 875995868,ubarco@example.org,2025-02-24
448,Marcelino Real-Murillo,"Glorieta Marcia Soriano 25 Piso 7 
Cáceres, 23783",+34977 02 35 88,ycastilla@example.com,2025-01-14
449,Lupe Zabala Morán,"C. de Verónica Saez 4
Melilla, 24837",+34 925 95 21 53,leon58@example.com,2024-07-04
450,Fortunata Contreras,"Callejón Julio Valderrama 609
Jaén, 33859",+34 871801694,llabrescleto@example.net,2024-11-30
451,Edgardo Benito Casal,"Glorieta de Reina Granados 529
Almería, 08860",+34708146970,jcanellas@example.com,2024-07-20
452,Iris Rosell Guillen,"Alameda de Albina Olivares 23
Cáceres, 16575",+34949276650,cabanaslucio@example.net,2025-01-05
453,Isabel Carmona Girón,"Callejón Edelmiro Crespo 14 Puerta 5 
Santa Cruz de Tenerife, 43350",+34 932624578,julietabarcelo@example.org,2024-08-16
454,Eva Ramón Colomer,"Vial de Sara Luís 51
Lugo, 41356",+34 977760320,mgalvez@example.net,2024-09-04
455,Fátima Oliveras Conde,"Plaza de Herminia Quirós 92 Piso 0 
Guadalajara, 44290",+34884229240,gustavogranados@example.com,2024-07-24
456,Bernarda de Benito,"Callejón de Ariadna Quevedo 640
Ourense, 09404",+34 900263886,piamunoz@example.net,2025-04-02
457,Osvaldo Uriarte,"Pasadizo de Micaela Gimenez 6
Ávila, 23061",+34922 693 535,salcedoleandro@example.org,2024-10-31
458,Augusto Benítez-Montoya,"Avenida de Maribel Rincón 135 Puerta 4 
Castellón, 44681",+34 931 41 23 58,lcardenas@example.org,2025-03-18
459,Gilberto Josep Carrera Bermúdez,"C. Manolo Cuenca 495 Piso 2 
Las Palmas, 25509",+34 976 05 60 60,falvaro@example.net,2024-12-30
460,Baltasar Hernando Maestre,"Calle Alonso Meléndez 10 Apt. 07 
Guadalajara, 32014",+34 875923313,wrobledo@example.org,2025-02-13
461,Camila Juan Rocha,"C. Clotilde Escalona 38 Puerta 9 
Ceuta, 30149",+34 876 613 916,javi29@example.net,2024-08-26
462,José Tolosa Beltrán,"Urbanización de Juliana Benítez 779
La Coruña, 39447",+34 841 03 01 09,camposadoracion@example.org,2025-03-12
463,Odalys Castellanos Castells,"Cuesta Isabel Martinez 812
León, 36392",+34 740 264 050,dionisia74@example.org,2024-08-25
464,Rómulo Carballo Ripoll,"Calle Odalys Campos 16
Guipúzcoa, 14733",+34806 17 15 85,reyna92@example.com,2025-01-11
465,Inés Olmedo-Girona,"Plaza Jennifer Alarcón 94 Puerta 7 
Melilla, 32996",+34902607723,omarduran@example.org,2024-08-31
466,León Azcona Dueñas,"Plaza Raimundo Plana 318
Palencia, 19334",+34882678732,palomaalberdi@example.net,2024-09-03
467,Ernesto Galvez Palomo,"Callejón Américo Flores 59 Piso 6 
Valencia, 02982",+34 982381704,fabrasebastian@example.org,2024-06-01
468,Araceli del Prado,"Urbanización de Íñigo Coll 72
Soria, 48315",+34 842 88 60 64,soledadzaragoza@example.net,2025-02-10
469,Gastón Manjón Prats,"Acceso Loida Bautista 546 Piso 0 
Las Palmas, 33481",+34873120845,jllado@example.org,2025-01-18
470,Vidal Arroyo Olivera,"Urbanización Carlota Pombo 51
La Coruña, 07197",+34 932 09 00 27,lazaro93@example.com,2024-12-23
471,Julián Asenjo Oliveras,"Calle de Ruy Redondo 47
La Rioja, 07437",+34 924563460,leandro47@example.net,2024-12-26
472,Bárbara Llanos Castell,"Alameda Adalberto Llabrés 55
Barcelona, 47152",+34803 19 05 84,armando94@example.org,2025-01-01
473,Blanca Quevedo-Fábregas,"Via de Marcio Aguilera 73 Apt. 56 
Salamanca, 08558",+34 842 16 86 65,maciasdani@example.net,2024-05-26
474,Basilio Bermudez Medina,"Avenida de Yaiza Alemán 42 Apt. 91 
La Coruña, 09864",+34827 490 247,juan-manueluria@example.org,2024-09-18
475,Toribio Cortés-Aguirre,"Pasadizo Xavier Martín 62
Palencia, 30848",+34 887 585 573,goyo30@example.net,2024-06-19
476,Ezequiel Jódar Ramírez,"Ronda Nydia Barba 45 Puerta 0 
Ciudad, 41891",+34 921352454,bvalera@example.com,2024-10-22
477,Kike Feijoo Nadal,"Callejón de Evaristo Álamo 2 Puerta 0 
Burgos, 38254",+34644591833,lourdes10@example.com,2024-07-05
478,Marco Calvo Tudela,"Pasadizo Dora Valderrama 4 Piso 1 
Melilla, 09043",+34 839219374,cristianroyo@example.org,2024-09-01
479,Adoración Alemany-Bello,"Alameda María Pilar Armas 389 Puerta 6 
Alicante, 30780",+34943262424,aragoneshermenegildo@example.net,2024-07-27
480,Jonatan Rocamora Quero,"Calle Maximiliano Peña 80 Piso 3 
Cantabria, 45324",+34942 37 70 31,paco93@example.net,2024-11-17
481,Hernán Bustos Miralles,"Ronda de Sonia Báez 80
Zamora, 19151",+34 949673104,cosme75@example.net,2024-08-23
482,Berto Anselmo Tur Girona,"Pasaje de Jose Antonio Salamanca 88 Piso 0 
Granada, 07569",+34 807 669 006,hervasleocadia@example.org,2024-11-28
483,Bonifacio Tudela Puerta,"Urbanización Donato Lozano 25
Valencia, 27584",+34946 210 512,benigno51@example.com,2024-09-26
484,Áurea Becerra Cuadrado,"Camino Sara Alegre 7
Toledo, 17394",+34 879271708,rebolloirene@example.org,2024-05-03
485,Teodoro Suárez Guillen,"Glorieta de Juana Cid 9 Piso 7 
Jaén, 12118",+34844760373,jorge15@example.net,2024-12-07
486,Pelayo Parra Llamas,"Cañada de Herminio Piñol 41
Lleida, 10099",+34 875 377 436,ceciliaserra@example.org,2024-11-25
487,Natividad Ugarte,"Avenida de Felicia Ballester 18 Puerta 5 
Burgos, 40383",+34882 939 686,lisandrocid@example.com,2025-03-17
488,Elías Alberdi Chico,"Alameda de Concha Vigil 459
Barcelona, 36702",+34 822 31 55 42,nestor67@example.org,2025-02-20
489,Reyes Seco Tolosa,"Vial de Guillermo Ugarte 49
Barcelona, 51504",+34987 252 517,marcia75@example.org,2025-01-08
490,Gerardo Cortés Durán,"Glorieta de Porfirio Mármol 537 Puerta 7 
Valencia, 45114",+34 878 859 475,luzorozco@example.org,2025-02-10
491,Fidel Evaristo Sola Jimenez,"Camino de Aitor Pons 19 Puerta 7 
Castellón, 24404",+34 820 16 76 44,tdieguez@example.org,2024-10-20
492,Narcisa Chaparro Téllez,"Ronda Noemí Feliu 5
Huelva, 47481",+34803282484,lagusti@example.net,2024-08-05
493,Nico Pagès Font,"Pasaje Gregorio Vazquez 40 Puerta 2 
Castellón, 23701",+34941 190 887,plinio70@example.com,2024-07-11
494,Benito Bartolomé Cerdá,"Rambla Alfredo Estrada 16
Soria, 47500",+34 841 399 752,peiroesther@example.org,2024-05-27
495,Estrella Casado Vicente,"Avenida de Wilfredo Alberola 226
Santa Cruz de Tenerife, 26065",+34 982 298 169,penassebastian@example.com,2024-12-02
496,Valerio Arias,"Glorieta Vanesa Manjón 66
Barcelona, 25167",+34 983978443,fonsecaadora@example.org,2024-12-24
497,Candelario del Cal,"C. Abilio Ferrández 9 Puerta 3 
Castellón, 17309",+34977 08 89 27,qdelgado@example.com,2025-01-12
498,Evita Atienza Ferrándiz,"Vial Nélida Vélez 6 Apt. 41 
Valladolid, 21958",+34847 51 74 22,saturninoquiros@example.net,2025-03-28
499,Juan Manuel de Bermúdez,"Vial de Gisela Olmedo 99 Piso 0 
Zamora, 47018",+34 923 611 342,mcarrion@example.net,2024-12-29
500,Cristóbal Navas Calatayud,"C. Juan Pablo Fuentes 22
Girona, 08790",+34872 24 56 08,doritaribes@example.net,2024-07-22
501,Jonatan Cruz,"Calle Gonzalo Saura 38 Apt. 81 
Cádiz, 25760",+34827 88 67 41,ambrosio04@example.com,2025-04-17
502,Juan Francisco de Corominas,"Ronda Sancho Pizarro 41
Valladolid, 31449",+34 984 20 28 46,tblanca@example.net,2024-07-27
503,Isidora Rosado-Gutierrez,"Urbanización de Eusebia Valderrama 33
Albacete, 18439",+34945 21 08 87,dariocanales@example.org,2025-04-15
504,Chus Mosquera Godoy,"Camino de Eliseo Seco 5
Zaragoza, 19272",+34941062469,jordana25@example.com,2024-06-02
505,Osvaldo Corbacho Barberá,"Paseo Buenaventura Barón 32
Soria, 04282",+34885558741,barberojoel@example.net,2024-11-01
506,Jimena Aroca Mate,"Acceso Cristóbal Ferrándiz 67
Vizcaya, 41825",+34 984703115,vazquezjordana@example.com,2024-12-05
507,Juan Antonio del Tomás,"Via Teodoro Colom 16
Zamora, 05212",+34941 947 374,kguzman@example.org,2024-07-09
508,Rodrigo Moles-Arnau,"Vial Inés Múgica 952
Badajoz, 02292",+34841 963 398,jeronimorincon@example.net,2024-12-21
509,Chema Fiol Trujillo,"Urbanización de Clímaco Mosquera 34 Apt. 41 
Guipúzcoa, 11444",+34 886443948,dianaferrer@example.org,2024-11-10
510,Rodolfo Delgado Marcos,"Avenida de Atilio Solano 19
Santa Cruz de Tenerife, 38593",+34803953176,fdomenech@example.org,2024-06-29
511,René Zorrilla Nebot,"Alameda de Albano Galiano 33
Lugo, 07752",+34846 627 635,saturnina53@example.net,2025-04-06
512,Nilo Pepito Morán Marti,"Glorieta de Sofía Guzmán 88 Apt. 74 
Guipúzcoa, 13701",+34 936399894,isidoratamarit@example.net,2025-01-31
513,Jennifer Valenciano Bertrán,"Glorieta Rubén Salas 2
Girona, 30521",+34979183952,sabinaabril@example.org,2024-11-25
514,Fanny Ferrera Giner,"Via Bernardino Perez 26 Puerta 8 
Albacete, 04691",+34 902 24 20 55,camilocasado@example.com,2024-05-28
515,Lidia Priego-Donoso,"Cuesta de Arturo Lloret 98 Piso 0 
Valencia, 07750",+34 800 264 799,manzanareslalo@example.com,2024-05-30
516,Jordán Mur Oliva,"Via Calista Guillén 7
Málaga, 14536",+34 824 179 002,odaliscoca@example.org,2024-09-10
517,Aristides Pinilla-Aroca,"Glorieta de Ariadna Peláez 58
Granada, 17594",+34 822308923,qlumbreras@example.net,2024-11-27
518,Salud Sebastián-Arroyo,"Pasadizo de Imelda Beltran 19 Piso 0 
Lugo, 12671",+34910 70 99 78,nuria64@example.net,2024-11-23
519,Heliodoro Carnero Cuevas,"Glorieta de Visitación Balaguer 276
Cuenca, 04496",+34 843 690 000,pastoraalcantara@example.org,2025-02-09
520,Gabriela Mendoza Ramis,"Pasadizo Gervasio Fuster 72
Albacete, 03881",+34 825998073,fherranz@example.net,2025-03-17
521,Victoriano Ferreras Grande,"Glorieta Trinidad Cárdenas 998 Apt. 35 
Badajoz, 46545",+34 972 434 198,eloy53@example.net,2024-05-13
522,Piedad Marquez,"Avenida de Jordana Mora 58
Cantabria, 40740",+34920477721,narciso21@example.net,2025-02-12
523,Abril Amor Verdú Palomares,"Glorieta de Anastasio Cabello 97
Málaga, 26266",+34 880 809 607,augusto70@example.net,2024-09-23
524,Osvaldo Rico Larrañaga Tello,"Pasaje de Maricruz Segovia 31 Puerta 0 
Cáceres, 43214",+34927918213,elbataboada@example.com,2024-09-21
525,Belén de Ferrero,"Alameda de Vilma Palomares 13 Apt. 76 
Madrid, 12751",+34983 29 87 15,pouconcha@example.com,2024-09-20
526,Carmelo Raya Hervia,"Callejón de Paz Cabañas 57 Piso 1 
Ourense, 07542",+34900 68 08 88,zteruel@example.com,2024-09-02
527,Juan Carlos Vergara Corominas,"Paseo Paulina Benet 36
Vizcaya, 04049",+34946 72 99 37,placidoalmazan@example.com,2024-09-02
528,Bartolomé Galvez,"Ronda de Alfredo Herrera 41 Apt. 40 
Soria, 46395",+34984 862 537,ema90@example.com,2025-01-27
529,Evaristo del Casado,"Cañada Valentín Diaz 41
Córdoba, 46197",+34881 13 24 99,odominguez@example.org,2025-03-23
530,Soledad Garriga Ballesteros,"Avenida de Prudencia Armas 5
Valladolid, 24160",+34 803649563,mayoinmaculada@example.com,2024-10-04
531,Aitana Carmona Salamanca,"Acceso de Olga Viña 32 Piso 4 
Zamora, 24884",+34825 69 29 02,juliadavila@example.net,2024-10-28
532,Roxana Sosa Sandoval,"C. de Buenaventura Varela 77 Puerta 8 
Huesca, 20196",+34 632100907,oferreras@example.net,2024-05-28
533,Edelmira Cañas-Garcia,"Calle Albina Caro 48
Sevilla, 41610",+34913 323 130,vnogueira@example.org,2025-03-25
534,Raúl Eleuterio Fernández Cañellas,"Acceso de Anabel Antón 69
Albacete, 22179",+34858 97 68 77,melisa11@example.org,2024-05-04
535,Maximino Casado Diez,"Avenida de Marisol Medina 33 Piso 6 
La Coruña, 43702",+34 928821159,candelaguitart@example.net,2024-10-01
536,Cebrián Boix Catalán,"Ronda Luis Ángel Bermudez 77 Piso 6 
Teruel, 20324",+34800 545 868,sbecerra@example.org,2024-07-07
537,Magdalena Mariño Mulet,"Acceso de Gerónimo Flores 3 Puerta 2 
Sevilla, 48855",+34973 136 524,aznaryolanda@example.net,2025-04-28
538,Roberto Cano,"Camino de Maximiano Porta 13
Huelva, 16295",+34 972792143,joseborrego@example.com,2024-11-14
539,Juan Francisco Carreras Mesa,"Alameda Claudio Gordillo 89
Ávila, 31531",+34928662030,oaparicio@example.net,2024-05-08
540,Perlita Casals-Franco,"Rambla Lorenza Frías 41
Cantabria, 05321",+34 803 02 35 02,oacuna@example.org,2025-01-13
541,Javiera Bernad Plana,"Ronda Amanda Antón 88 Apt. 53 
La Rioja, 38149",+34 876 43 33 07,eleuterio47@example.net,2024-11-22
542,Ligia Girona Cepeda,"Ronda Albert Gaya 8 Piso 6 
Guadalajara, 46344",+34 974 261 022,lunanerea@example.com,2025-04-09
543,Lucho Camino Balaguer,"Alameda de Rosalina Reina 15 Piso 7 
Cantabria, 34546",+34826 534 943,urbanomarques@example.net,2024-06-11
544,Raimundo Salvà Miralles,"Callejón de Dafne Rivero 20
Madrid, 24625",+34846 15 81 09,regina11@example.org,2025-02-18
545,Isaías Chamorro Gutierrez,"Urbanización Severiano Chamorro 24 Piso 4 
Girona, 24358",+34888 922 058,proldan@example.net,2024-10-28
546,Salvador Rebollo Naranjo,"Vial Amanda Navas 272
Valladolid, 51231",+34981 39 54 81,ricoaroa@example.net,2024-12-25
547,Rafael Carmona Adán,"Vial Amador Luz 69
Granada, 30859",+34 872 183 257,amaro91@example.net,2024-11-21
548,Amílcar Perez Cisneros,"Via de Sebastian Bárcena 74 Puerta 8 
Segovia, 05109",+34 858 790 575,octaviaandreu@example.org,2025-04-26
549,Juan José Villaverde Moya,"Paseo Florina Pelayo 42 Piso 6 
Castellón, 21241",+34 981 84 05 10,celestinoguardia@example.com,2024-08-27
550,Miriam Gomez Lumbreras,"Paseo Raquel Vives 74
Lleida, 30985",+34888 65 09 02,victor-manuel21@example.net,2024-08-01
551,Belen Pedraza,"Paseo de Gil Arranz 60
Girona, 12202",+34920 21 12 57,martinamor@example.com,2024-06-13
552,Emilio Barrena,"C. de Gabriel Borrego 5 Puerta 2 
Baleares, 38226",+34 803 796 774,oaramburu@example.net,2024-12-25
553,Andrés Felipe Amor Marí Mesa,"Callejón de Casemiro Muñoz 91
Cantabria, 11571",+34886135885,dafnehuertas@example.org,2024-12-24
554,Álvaro Ruy Mendoza Cerdá,"Pasaje Cipriano Noguera 10
Guipúzcoa, 34487",+34 845 995 945,lcontreras@example.org,2025-02-25
555,Elodia Sanz Codina,"Via Aristides Sanz 43 Puerta 9 
Teruel, 08996",+34985 08 73 13,cordobabenigna@example.org,2024-12-14
556,Ambrosio Cardona Blanco,"C. de Herminio Viña 93
Melilla, 42322",+34975 846 109,horacio31@example.org,2024-07-08
557,Héctor Marquez Ferrández,"Urbanización de Susana Cabello 567 Piso 5 
Toledo, 24212",+34884 898 305,hipolito64@example.com,2025-02-06
558,Agustina Cerezo Tejero,"Avenida de Bernarda Porta 9 Piso 2 
León, 40387",+34 872 409 743,rosauraalmagro@example.com,2024-07-03
559,Olivia Solé Lucas,"Calle de Gertrudis Neira 5
Cádiz, 40450",+34888 89 69 47,reinaldoarana@example.com,2024-07-20
560,Ruy Samper Valentín,"Alameda de Encarnación Sacristán 12
Cáceres, 51709",+34 971 001 234,boadalazaro@example.net,2024-11-28
561,Ariel Lledó,"Urbanización de Gerardo Vila 25 Piso 1 
Valencia, 10223",+34 741541563,valmagro@example.org,2025-03-27
562,Soledad Fernandez Cerdán,"Alameda de Nadia Sancho 895 Apt. 33 
Vizcaya, 22617",+34971712781,zaidacorbacho@example.net,2024-10-04
563,Ani Cobos,"Glorieta de Malena Miralles 25
Guadalajara, 12315",+34 953493498,emilianosaenz@example.com,2025-01-31
564,Guillermo Torrecilla,"Urbanización Bonifacio Esteban 4
Alicante, 49259",+34 923 65 41 30,montenegrocamila@example.com,2025-03-18
565,Amor Verdejo Adadia,"Via de Ariel Morante 6
Soria, 27168",+34971 41 09 48,cerveramartin@example.org,2025-03-17
566,Gregorio Garriga,"Calle de Esther Romeu 3 Puerta 4 
Córdoba, 06602",+34 943028587,fabian07@example.org,2025-01-13
567,Hilda Tovar-Ferrer,"Ronda Florencia Gallart 13 Piso 7 
Soria, 15351",+34 901543214,erodriguez@example.net,2024-05-03
568,Candelario Rivero Amores,"Urbanización de Alberto Cadenas 94 Apt. 94 
Cuenca, 13946",+34 886277249,osoriojose@example.com,2024-11-03
569,Natividad Hernando Lledó,"Vial Lupe Oliva 69
Madrid, 18148",+34 825232289,candelastejero@example.net,2024-10-07
570,Hortensia Fonseca Isern,"Cuesta de Pedro Pineda 832
La Rioja, 23615",+34 948 979 169,alejandrocorrea@example.com,2025-03-15
571,Gerardo Benet Herranz,"Pasadizo Clotilde Alcalá 966 Puerta 2 
Sevilla, 26364",+34 926335683,almagrowalter@example.net,2025-01-05
572,Nazario Valls Arellano,"Paseo de Edelmiro Menendez 6
Las Palmas, 37916",+34842 48 23 71,tristanelias@example.org,2024-11-18
573,Cornelio Torrens Carpio,"Pasadizo de Reyna Quevedo 24 Piso 9 
Guadalajara, 37576",+34722 72 44 38,pardoernesto@example.com,2024-07-07
574,Albina Estevez Pozo,"Cuesta Azahara Solís 2
Guadalajara, 24168",+34973 944 581,olimpiamari@example.org,2025-02-16
575,Violeta Correa,"C. Hilario Salas 38
Ourense, 18389",+34875 915 710,carbajoadelardo@example.net,2025-03-06
576,Brunilda Angulo Tomas,"Vial Ruth Goicoechea 48
Girona, 03806",+34807 10 21 67,guillengracia@example.net,2024-11-08
577,Jacobo Bustos Jaén,"Paseo de Silvio Llabrés 426 Apt. 40 
Huesca, 23323",+34 901 257 047,chusmora@example.org,2024-07-25
578,Mariana Prat Quintero,"Calle Chuy Rosales 63 Apt. 20 
Granada, 41727",+34878 572 472,sabinaarco@example.com,2024-09-03
579,Agapito Madrigal Carlos,"Avenida de Rafaela Pineda 96 Apt. 55 
Lleida, 24909",+34924 246 392,vivianalamas@example.net,2024-09-24
580,Félix de Gascón,"Calle de Gonzalo Gonzalo 81
Guadalajara, 02283",+34 834739424,rossellosusana@example.com,2025-03-02
581,Primitivo Giner Cases,"Pasadizo de Emiliano Manzanares 3 Apt. 63 
La Coruña, 24721",+34 924 23 75 70,artigashector@example.net,2024-11-17
582,María Teresa Fernández,"Cuesta de Florentina Orozco 74
Almería, 12987",+34806 35 85 05,nelida01@example.org,2024-12-22
583,Carlito de Fajardo,"Glorieta de Jessica Bonet 8 Puerta 3 
Soria, 07848",+34977 95 42 48,guadalupebustos@example.net,2025-04-03
584,Jenaro de Torrecilla,"Calle de Plinio Ayuso 6 Piso 2 
Barcelona, 40007",+34923 819 484,jose-ramon45@example.org,2024-12-20
585,Lourdes Abella-Ortiz,"Camino de Rodolfo Arco 237 Puerta 8 
Cáceres, 25362",+34737 363 516,celestinatolosa@example.com,2024-06-20
586,Beatriz Celia Torrent Expósito,"Plaza Luisina Arias 603 Apt. 32 
Guipúzcoa, 37972",+34 901298625,etelvinagonzalez@example.org,2025-03-09
587,Rogelio Cañas Company,"Plaza de Joan Blanch 93
Soria, 23912",+34944 598 344,maximosalas@example.net,2024-10-10
588,Roque Berenguer Cortes,"Vial de Rafa Catalán 8
Navarra, 09417",+34 843 722 088,valenzuelapaulino@example.org,2024-06-13
589,Simón Vinicio Guardia Carballo,"Vial Abril Ariño 44
Soria, 03746",+34 988 97 12 46,penasteo@example.net,2024-09-20
590,Aurelia Verdugo-Yáñez,"Avenida Maximiano Arce 4
Málaga, 25589",+34 980 25 49 39,pnicolau@example.org,2024-11-23
591,Luis Reguera,"Alameda de Armando Santana 21 Apt. 98 
Almería, 42613",+34944 615 535,menaruy@example.com,2024-07-29
592,Dalila Porras-Herranz,"Vial de Berto Manzanares 59 Apt. 71 
Cádiz, 05921",+34 941243141,ferrandezmarcelo@example.org,2024-06-16
593,Brunilda Borrell-Montesinos,"Cañada Caridad Julián 58 Piso 7 
Málaga, 26039",+34856 892 043,osoriopaulina@example.org,2025-04-22
594,Marina Castrillo Diego,"Camino de Flora Plana 973
Huelva, 33365",+34874524357,valbuenaulises@example.org,2024-09-01
595,Rocío Aragonés,"Pasaje de Teófilo Moliner 5 Piso 2 
Baleares, 48855",+34 924 70 04 09,reginario@example.net,2024-05-22
596,Benigna Cabeza Torrents,"Ronda Jose Angel Arranz 71
Lugo, 05258",+34 871910189,adelia77@example.net,2024-07-10
597,Mar Delgado Marin,"Vial Corona Valenzuela 68 Piso 3 
Soria, 21876",+34846 32 15 15,oarribas@example.net,2024-12-16
598,Mateo del Vallés,"Avenida Máximo Arroyo 365
Almería, 33130",+34 973 077 046,pastorbotella@example.org,2024-09-16
599,Bonifacio Prado Avilés,"Calle de Enrique Vicens 36 Puerta 5 
Barcelona, 01386",+34947 908 474,alcazarcarmela@example.com,2025-02-15
600,Apolinar Amaya Salamanca,"Via Calixta Izaguirre 92
Málaga, 43454",+34 902 11 50 88,mirta02@example.org,2024-12-11
601,Ruth Domingo Carreño,"Acceso Eugenio Palomo 97 Apt. 64 
Albacete, 19722",+34872 605 629,paola69@example.org,2024-12-13
602,Arturo Girón Nogueira,"Pasaje Lorenza Granados 80
Badajoz, 11471",+34 954 661 518,wferran@example.net,2024-05-29
603,Arturo Seve Vega Recio,"Calle Nuria Cazorla 29 Piso 4 
Almería, 23625",+34 982 39 76 38,valverdecharo@example.org,2025-03-24
604,Diana Merino Lloret,"Pasadizo Iker Fernández 454
Ceuta, 21793",+34925713206,ncarrillo@example.org,2025-03-31
605,Sebastián Bárcena Vives,"Via Marciano Carro 14
Cantabria, 11467",+34825 444 869,susanitapino@example.net,2024-12-11
606,Noé Campos,"Pasaje Agustín Álvarez 33
Almería, 09064",+34 988848555,sferrero@example.org,2024-12-19
607,Prudencio Páez Osuna,"Urbanización de Carmelita Ruiz 58 Puerta 3 
Ceuta, 17338",+34807603081,tadeocolom@example.net,2024-12-11
608,Rosa Gilabert Alcalde,"Paseo Álvaro Carbó 51 Piso 1 
Baleares, 23595",+34823 531 488,delia69@example.net,2024-10-22
609,Reinaldo Adadia Gil,"C. Jordana Soler 219 Puerta 2 
Santa Cruz de Tenerife, 40204",+34 988 71 88 39,sevillamaximiliano@example.org,2025-01-13
610,Gaspar Bruno Higueras Ibañez,"Callejón de Abigaíl Santana 14
Huelva, 29669",+34 972141896,teclabaena@example.com,2024-09-27
611,Fernanda Hervás Ros,"Vial Hugo Rosselló 1 Puerta 8 
Teruel, 25048",+34 845802910,cesar09@example.com,2024-12-08
612,Cirino del Páez,"Pasaje de José Mari Ródenas 911
Soria, 21900",+34 877375306,folchevangelina@example.net,2024-06-24
613,Vicente de Casas,"Urbanización Encarnacion Campos 60
Las Palmas, 15971",+34 920 083 041,kvalles@example.org,2024-10-20
614,Clotilde Roselló Barba,"Acceso Isidoro Sosa 3 Piso 7 
Valencia, 36906",+34947928585,ricardocaparros@example.net,2024-05-09
615,Victorino Viña Azcona,"Callejón de Olivia Calzada 66
Álava, 25647",+34 979 34 37 33,donosooscar@example.org,2024-07-05
616,Petrona Castells Correa,"Cañada de Vinicio Viñas 78
Ciudad, 48959",+34 923 323 143,clarairiarte@example.com,2025-03-12
617,María Cristina Pastor Sarmiento,"Alameda de Adelia Benavides 192
Segovia, 07711",+34949 51 06 31,anunciacion62@example.org,2024-10-28
618,Lidia de Benitez,"Cañada de Octavio Lerma 71
Cuenca, 02270",+34 826 71 63 53,fmercader@example.org,2024-07-06
619,Bernabé Arana,"Vial Ariel Araujo 624
Ciudad, 35433",+34846 27 62 74,alcides86@example.com,2025-04-06
620,Mariano Landa Sastre,"Calle Gloria Soriano 64 Puerta 7 
Cáceres, 32928",+34800 517 739,croca@example.org,2024-12-01
621,Ruy Collado Catalán,"Pasadizo Tito Sevilla 95 Piso 2 
Cádiz, 13878",+34 983 230 144,vilanovamaria-jesus@example.org,2024-11-14
622,Esther Pombo Catalán,"Glorieta Marciano Franco 73
Girona, 48555",+34 880 69 04 30,loboseveriano@example.com,2024-11-23
623,Azucena Gascón Leal,"Avenida Roque Carbó 81 Piso 6 
Álava, 22867",+34888 61 93 22,ygarrido@example.org,2024-12-08
624,Joan Arce Ferrando,"Rambla Evangelina Ruano 84
Asturias, 46666",+34971921896,belen54@example.net,2025-04-13
625,Isaías Sedano,"Callejón Julián Aguirre 98 Piso 5 
Las Palmas, 28120",+34 902 07 16 98,abascalmiguela@example.com,2024-09-24
626,Jacinta Ángel Perelló,"Callejón de Macario Chaves 2 Puerta 7 
Pontevedra, 11789",+34980021418,gagustin@example.org,2024-07-30
627,Óscar Cisneros,"Paseo de Lola Alba 334 Apt. 73 
Baleares, 09474",+34844 95 01 99,aranaseverino@example.org,2024-07-20
628,Evelia Peinado Ibarra,"Rambla de Armando Cuervo 827
Badajoz, 33870",+34800 88 08 72,candelaria50@example.com,2025-04-04
629,Eli Ortuño Conesa,"Cañada Odalis Sandoval 30
Las Palmas, 49413",+34 729 98 98 28,nizquierdo@example.com,2024-05-15
630,Obdulia Macías,"Via Álvaro Priego 596
Vizcaya, 40829",+34825 451 845,cortesmaria-teresa@example.net,2024-10-13
631,Manuelita Palmer Farré,"Cuesta Isidro Coronado 67
Albacete, 36580",+34920 698 981,motero@example.net,2025-03-25
632,Moisés Gálvez Garrido,"Callejón de Inocencio Berenguer 31
Albacete, 14597",+34910 755 086,merinomariana@example.com,2024-06-16
633,Lalo Tapia-Contreras,"Pasaje Héctor Carretero 91 Piso 8 
Huesca, 47737",+34845 17 73 77,dorotea17@example.net,2024-11-25
634,Evangelina Bárcena Carrión,"Cuesta de Zaira Aguirre 763 Piso 9 
Navarra, 29998",+34871 05 31 40,nmiguel@example.com,2024-05-17
635,Alicia Martorell Español,"Alameda de Isaac Ferreras 13
Vizcaya, 16942",+34987008809,marcosfederico@example.net,2025-04-01
636,Imelda Eufemia Beltran Casanovas,"Ronda Begoña Escalona 5
Badajoz, 11384",+34921 61 70 50,felicidadbaeza@example.com,2025-01-22
637,Rosa María Perera Gomez,"Vial de Georgina Durán 71
Zaragoza, 51567",+34 887 91 64 03,leonorsalgado@example.org,2024-05-25
638,Tomasa de Gimeno,"Urbanización Elías Castillo 69
Salamanca, 47853",+34872 97 37 37,xpalacios@example.org,2024-05-29
639,Yéssica Torrijos Roldán,"Alameda Pili Rubio 91 Piso 2 
Granada, 19199",+34841 37 89 94,llopisaranzazu@example.net,2024-09-14
640,Conrado Simó Portero,"Callejón de Berto Saavedra 53
Las Palmas, 38151",+34 944 60 58 30,acabello@example.org,2024-11-29
641,Marcos Gil-Oliveras,"Plaza Ainara Ayuso 38 Puerta 8 
Guipúzcoa, 42663",+34972 676 193,juliana33@example.net,2024-08-23
642,Carina Jara Catalán,"Alameda Trinidad Ballester 2 Puerta 3 
La Coruña, 13747",+34947 878 027,lumbrerassergio@example.net,2024-09-06
643,Leticia Ruano Jaén,"Via de Tomás Varela 15
Melilla, 08373",+34848 19 47 45,pastoramoros@example.net,2024-05-04
644,Soraya de Vilar,"Glorieta de Bibiana Torralba 17 Apt. 93 
Toledo, 13595",+34 945 404 748,roque72@example.com,2024-12-18
645,Andrés Pons Anaya,"Cuesta de Román Blazquez 67
Las Palmas, 30969",+34 827750881,vinasreyes@example.org,2024-08-31
646,Ramona Lucena Estevez,"Alameda de Gracia Olivares 17
Valencia, 49013",+34942 415 340,mvinas@example.org,2024-08-20
647,Duilio Pineda Sanmartín,"Paseo de Rogelio Sacristán 15
Melilla, 35030",+34847 14 40 52,sotofaustino@example.com,2024-12-28
648,Berta Gonzalez-Barberá,"Rambla Jorge Campoy 89 Piso 0 
Zaragoza, 18274",+34 913 180 308,oalfonso@example.net,2024-11-30
649,Luis Milla-Goñi,"Avenida de Anna Reyes 6
Salamanca, 43356",+34 841 916 977,vacero@example.net,2024-05-03
650,Conrado Franco Pinto,"Paseo de Amaya Casares 4 Puerta 2 
La Coruña, 04577",+34957634994,marincirino@example.net,2024-06-10
651,Guillermo Bonifacio Andreu Heras,"Calle de Trinidad Pellicer 116 Puerta 1 
Baleares, 30558",+34 880 243 884,mbaro@example.net,2025-03-18
652,Adelina Angulo Serra,"Camino Tomasa Hoz 32 Puerta 1 
Vizcaya, 33857",+34926 176 218,eloisacoronado@example.org,2024-11-01
653,Haydée Cuesta,"Camino de Jimena Roman 52 Apt. 60 
Guipúzcoa, 40031",+34844714677,eamaya@example.com,2025-01-30
654,Ciro Pastor-Valencia,"Callejón Eugenia Aparicio 297
Barcelona, 04000",+34946991099,casaresmar@example.net,2024-10-13
655,Jonatan Roda-Ripoll,"Calle Heraclio Quesada 983 Apt. 17 
Alicante, 47161",+34827080134,marcio98@example.com,2025-04-21
656,Gabriela del Vives,"Pasadizo de Cristian Coll 9 Puerta 8 
Asturias, 09389",+34 655807661,alfredolillo@example.net,2025-04-14
657,Alcides Guijarro Heras,"Ronda de Zacarías Cuesta 2 Piso 2 
Ávila, 05584",+34972877719,caridadsalgado@example.com,2025-04-18
658,Jacinto Dueñas,"Alameda Ángela Reyes 36
Segovia, 44856",+34 988 97 94 05,angelina99@example.net,2024-10-13
659,Cintia de Daza,"Plaza Aníbal Arenas 90
Soria, 02986",+34 902 05 60 43,pacamoliner@example.net,2024-10-20
660,Tomasa Vendrell Lobo,"Rambla Sarita Riba 40 Puerta 1 
Navarra, 48086",+34846 98 46 01,jafetmayo@example.net,2025-04-29
661,Felicia del Batalla,"Rambla Aureliano Andrés 2
Ávila, 23669",+34 981 394 923,jesusa09@example.com,2024-06-19
662,Milagros Jover-Hierro,"Glorieta Mónica Lucena 4 Apt. 58 
Córdoba, 06537",+34 844 864 688,amarilissanmiguel@example.com,2024-10-13
663,Isabel Cadenas Izquierdo,"Rambla María José Jurado 23 Piso 6 
Jaén, 01033",+34 843 471 939,tgarcia@example.org,2024-06-13
664,Úrsula Montes Bernal,"Paseo de Vicente Rosselló 90 Piso 4 
Málaga, 38720",+34928 03 89 31,elias11@example.org,2024-11-09
665,Ignacio Valle,"Glorieta de Patricio Barriga 97 Piso 8 
León, 36990",+34 888 706 000,falcalde@example.com,2024-09-14
666,Hernando Vilar Antón,"Cañada de Jordán Carreño 70 Piso 4 
Toledo, 18152",+34 872 778 209,camachoanabel@example.org,2024-08-28
667,Goyo del Rocamora,"Cuesta Elisabet Lladó 8
Granada, 47702",+34925 95 29 46,blancacasanovas@example.net,2024-10-02
668,Virgilio del Guzmán,"Urbanización Graciela Ribes 74
Zamora, 41146",+34926 250 561,mayomarcial@example.org,2025-04-12
669,Cristian Prieto,"Pasaje de José Acevedo 279 Puerta 5 
Sevilla, 24070",+34984 795 861,paloma00@example.org,2024-05-16
670,José Luis Lastra Rosales,"Rambla de Manu Linares 36 Puerta 5 
Almería, 16996",+34 880 46 41 43,jose-ramonbaez@example.com,2025-03-19
671,Adora Garay Agustín,"Paseo de Brunilda Diéguez 43 Piso 3 
Castellón, 49494",+34704954497,ipaniagua@example.net,2024-09-16
672,Inmaculada Tomás Cuéllar,"Calle de Dafne Mulet 912 Puerta 6 
Toledo, 47767",+34948497202,opaniagua@example.org,2024-07-27
673,Feliciano Cuenca-Mendoza,"Callejón de Fortunata Aguiló 642
La Rioja, 23810",+34 983 334 495,inmaculada81@example.com,2024-05-27
674,Herberto Guitart Hurtado,"Callejón de Otilia Hoz 18 Puerta 2 
Soria, 11195",+34813 060 625,arceliaguardia@example.org,2024-07-31
675,Rosario Maximino Girón Castillo,"Acceso de Josué Cabello 92
León, 51093",+34 806518659,roberto07@example.net,2025-02-24
676,Aureliano Espejo,"Pasadizo de Aarón Verdú 57 Piso 7 
Alicante, 03734",+34 900 142 276,joancanete@example.net,2025-01-19
677,Luna Barreda Cid,"Plaza Cruz Tomás 52
Madrid, 02702",+34737 466 115,barrosulises@example.com,2025-04-13
678,Teresa Miguel Martínez,"Rambla Calixto Losa 96 Piso 4 
Jaén, 19191",+34 800 225 778,oliveraflorentina@example.net,2024-07-06
679,José Pío Ayllón Linares,"Cuesta Malena Navas 4 Puerta 1 
Cuenca, 39268",+34949519306,ollerciro@example.com,2025-03-03
680,Amaya Perez Mena,"Alameda de Plácido Tolosa 66
Guadalajara, 39698",+34 823 22 04 82,rafaotero@example.com,2024-10-24
681,Ambrosio Peñas Farré,"Vial de Galo Benitez 107 Apt. 12 
Granada, 51163",+34 981801651,silvio21@example.net,2024-05-22
682,Genoveva de Alegre,"C. Haydée Colom 90
Huesca, 40489",+34 842 166 385,amandomorera@example.com,2024-07-14
683,Estela Sarita Seguí Catalán,"Avenida de Jose Ignacio Martin 42
Zamora, 50574",+34 886 327 867,alonsobernardita@example.org,2024-05-06
684,Baudelio Manuel Campillo,"Alameda Teodoro Dalmau 3
Vizcaya, 07761",+34874285781,plajose-mari@example.com,2025-02-11
685,Calista Cid,"Avenida de Abraham Osorio 53 Apt. 77 
Navarra, 27880",+34976063653,leonorpozuelo@example.com,2025-02-26
686,Eutimio Lloret Montalbán,"Callejón Florencio Barceló 54 Piso 7 
Palencia, 46658",+34 827 420 376,teodora04@example.net,2024-07-05
687,Calixta Pavón,"Avenida Clímaco Briones 3 Apt. 70 
Zaragoza, 44842",+34986 30 04 56,canalesjosep@example.com,2024-07-06
688,Marianela Arias Medina,"Camino de Guadalupe Sabater 88
Navarra, 02294",+34 886 994 079,ireal@example.com,2024-09-05
689,Calisto Ávila Franch,"Camino de Elpidio Pi 606 Apt. 33 
Ávila, 43982",+34 984 16 44 01,chuybejarano@example.com,2024-12-17
690,Lucila Iglesia Gallego,"Alameda de Glauco Valencia 2 Puerta 0 
Madrid, 04897",+34986 961 712,carlito09@example.net,2024-12-01
691,Anita Plana-Campillo,"Calle de Aránzazu Priego 44
Lleida, 44276",+34848 119 623,pmachado@example.org,2024-12-23
692,Balduino del Barros,"Plaza de Santiago Yuste 94 Apt. 27 
Burgos, 39958",+34 877 832 844,yquintero@example.com,2025-04-02
693,Marcos Tomás,"C. Ámbar Coll 841 Piso 5 
Palencia, 32148",+34803710397,iblanes@example.com,2025-04-17
694,Jerónimo Amigó Matas,"Urbanización de José Antonio Roman 477
Palencia, 12604",+34 981 128 523,eugeniapinedo@example.net,2024-05-04
695,Elisabet Corral Llorens,"Avenida de Paola Cerezo 455 Piso 8 
Castellón, 09380",+34945108254,carranzadulce@example.org,2024-06-12
696,Aroa Román Márquez,"Camino de Virgilio Ballesteros 46 Puerta 8 
Huelva, 44207",+34 900 487 060,ycal@example.com,2025-02-13
697,Saturnino Mir Aragonés,"Alameda Ximena Montes 331 Puerta 3 
Baleares, 10692",+34 656 70 52 54,rangel@example.com,2024-05-12
698,Sonia Enríquez Gimeno,"Paseo Marcio Cañellas 1 Apt. 43 
Asturias, 44237",+34941885549,melendezmanolo@example.net,2024-09-17
699,Soledad del Nuñez,"Camino Gracia Pina 60
Santa Cruz de Tenerife, 02728",+34807871684,zmilla@example.com,2025-02-23
700,Josep del Mosquera,"Acceso de Dora Batlle 114
Toledo, 21061",+34 974 242 242,roquetorrijos@example.org,2025-02-13
701,Elvira Ariza Medina,"Acceso Benito Blazquez 48 Piso 2 
Lugo, 26714",+34972468140,vinaignacio@example.net,2025-04-22
702,Renata Casares-Juan,"Pasaje María Pilar Vicens 60
Zamora, 34894",+34 725 86 07 36,roldanverdu@example.org,2024-10-15
703,Feliciana Gomez Polo,"Paseo Luis Miguel Torre 17 Apt. 32 
Lugo, 14932",+34 925 74 78 27,pedro66@example.net,2024-06-01
704,Serafina del Canet,"Alameda Xavier Sainz 233
Huesca, 24923",+34708 31 06 25,rosellomaricruz@example.net,2024-09-06
705,Casandra de Pereira,"Pasadizo de Ruperto Haro 335 Apt. 04 
Melilla, 50140",+34928 914 975,primitiva94@example.net,2024-12-21
706,Jacinto Abril Pinilla,"Callejón de Morena Alberto 63
Málaga, 41799",+34 927 715 436,abelvilla@example.com,2025-01-28
707,Teófila Llorens Ojeda,"Camino Jose Carlos Comas 28
Jaén, 48421",+34800 60 97 05,rllano@example.net,2024-05-31
708,Juan Manuel Cañas Cornejo,"Via de Adriana Núñez 90
Ourense, 25066",+34 884379338,carlos85@example.com,2025-01-07
709,Judith del Moliner,"Plaza de Cirino Sarabia 60
Girona, 45007",+34902 424 091,ucatala@example.com,2024-09-29
710,Carmina de Hernando,"Calle Débora Gual 23
Badajoz, 08458",+34927876468,ainoaperello@example.com,2025-04-21
711,José Ángel Bertrán-Azorin,"Acceso María Fernanda Fonseca 2
Cantabria, 19090",+34 847817153,romanballester@example.net,2025-03-11
712,Domitila Carranza Cerro,"Callejón de Trinidad Múgica 56 Apt. 23 
Badajoz, 40047",+34973 161 524,jordana66@example.net,2025-02-22
713,René Miró Zamorano,"C. de Marcial Borrell 66
Soria, 41655",+34824 791 746,reinarafaela@example.net,2024-07-16
714,Artemio Jordán-Cuervo,"Cuesta de Carmela Jove 50
Ourense, 26312",+34 849 28 45 43,maximiano46@example.net,2024-09-15
715,María Fernanda Roma Olivares,"Cañada Irene Crespo 92 Puerta 1 
Albacete, 09420",+34926990372,agustina14@example.org,2024-06-21
716,Amaya Marcos Tello,"Urbanización de Etelvina Arrieta 92 Apt. 00 
Ceuta, 41523",+34 820938275,ramoncarlos@example.com,2024-08-17
717,Ruy Matas,"Camino Angélica Cadenas 37 Puerta 9 
Sevilla, 03234",+34920 37 24 54,armengolbelen@example.net,2025-02-03
718,Victor Manuel Tapia Barrios,"Vial Jordán Lamas 3
Valencia, 11334",+34934114895,julieta21@example.org,2024-12-25
719,Claudio Cano,"Glorieta Eloísa Dominguez 47 Apt. 99 
Toledo, 03959",+34844 485 850,rserrano@example.org,2024-12-06
720,Concepción Duarte Alberdi,"Alameda de Corona Gimeno 94 Puerta 5 
Castellón, 46430",+34846 29 87 76,praya@example.org,2024-06-07
721,Pastora Gracia Jáuregui Marin,"Acceso de Esperanza Bravo 26 Piso 2 
Ceuta, 15144",+34 846 62 07 11,etorrent@example.com,2024-09-14
722,Adán Andres Cañete,"Calle Dan Fuster 9 Apt. 51 
Burgos, 39362",+34 987206754,susana41@example.org,2025-02-15
723,Manuela Villalonga Miguel,"Vial de Lupita Urrutia 47
Guipúzcoa, 14864",+34 925 270 705,vavila@example.org,2024-12-03
724,Victoria Lidia Fábregas Mascaró,"Urbanización de Gisela Duran 52
Ourense, 18683",+34831 23 82 06,cramon@example.org,2025-01-06
725,Rogelio Fiol Pablo,"Glorieta de Ema Gámez 6
Granada, 41114",+34902832061,qhidalgo@example.net,2024-12-07
726,Nieves Sierra Ojeda,"Callejón de Luciana Borrego 97 Apt. 51 
Guipúzcoa, 43268",+34806 75 02 76,quirogahernando@example.com,2024-05-16
727,Aitana Calleja Chamorro,"Cañada Luis Ángel Sáez 17
Ciudad, 16565",+34945 83 78 02,norbertojulia@example.org,2025-02-15
728,Eligia Valera,"Pasaje de Cristina Alarcón 94 Piso 8 
Lleida, 35060",+34842412542,constanzahernandez@example.net,2024-12-30
729,Irma Hoyos Figueras,"Avenida de Nicolasa Carballo 21
Teruel, 33528",+34925 72 01 19,carroanselma@example.com,2024-06-15
730,Clementina Moreno Calvet,"Rambla de Piedad Morán 66
Teruel, 15536",+34 823 00 97 69,visitacion32@example.org,2024-12-21
731,Gerardo Conesa Mora,"Alameda Edgardo Sanchez 28 Puerta 7 
Murcia, 51905",+34985 906 677,ltorrijos@example.com,2024-06-23
732,Isabel Sales Mora,"Urbanización Jose Francisco Juárez 15
Córdoba, 03833",+34 928 68 88 38,cristina61@example.com,2024-12-12
733,Anselma Coronado Yáñez,"Vial de Carmela Nicolau 63 Apt. 71 
Ceuta, 13360",+34961 198 670,fernandezrafael@example.net,2024-12-12
734,Sosimo Sureda Pascual,"Camino Calisto Cámara 6
Ciudad, 44541",+34881 327 992,cortesviviana@example.com,2025-02-23
735,Fabiana Ochoa Prado,"Via Pía Viñas 82 Puerta 4 
Segovia, 23067",+34949 941 158,ofelia62@example.com,2024-07-16
736,Marcelino Berenguer Pera,"Via Gregorio Castells 6
Guipúzcoa, 19142",+34 921 46 71 48,erasmo55@example.com,2024-12-30
737,Isaac Duque-Caballero,"Urbanización Severo Castro 36
Huesca, 34998",+34 921 977 352,npedraza@example.org,2025-02-15
738,Yago Elías Lledó,"Alameda de Angelino Manzano 1
Vizcaya, 15268",+34 618 786 777,alberomaxi@example.net,2025-02-13
739,Severo Duarte Cánovas,"Paseo de Buenaventura Rivas 8 Puerta 4 
Valladolid, 31342",+34 943746272,kaparicio@example.com,2024-09-29
740,Chelo Barberá-Núñez,"Pasaje de Cecilio Donoso 73 Puerta 7 
Burgos, 22318",+34980 207 621,rafael47@example.net,2025-01-18
741,Calixta Ariza Gil,"Callejón Fidela Agustí 29
La Coruña, 49639",+34835656209,solaemma@example.net,2024-08-15
742,Buenaventura Salinas Arellano,"Plaza de América Miralles 88 Puerta 8 
Ceuta, 30634",+34844 06 77 45,fabian90@example.com,2024-10-14
743,Ignacia Cifuentes,"Camino Asdrubal Hernando 797 Puerta 9 
Guipúzcoa, 07444",+34 945 20 48 56,becerracandelaria@example.org,2024-09-11
744,Miguel Ángel Millán Jáuregui,"Paseo Caridad Garcés 86
Ávila, 44516",+34 921 455 236,balcolea@example.org,2025-01-05
745,Alejandra Yuste-Antúnez,"Pasaje Ainara Piña 66
Ceuta, 15511",+34 928 200 114,ariadna94@example.org,2024-07-01
746,Damián Galvez Bermejo,"Alameda de Rubén Ruiz 66
Salamanca, 14153",+34 852096402,fortega@example.com,2024-08-22
747,Cesar Montero Cuadrado,"Urbanización Jose Ramón Rosado 45 Piso 8 
Zaragoza, 38154",+34 980 52 81 29,urrutiaisaura@example.com,2024-05-30
748,Mamen Ortiz-Farré,"Plaza de Lina Palacios 30 Apt. 16 
Asturias, 21117",+34983 62 55 21,blas86@example.net,2024-10-19
749,Jordana Montes Bonet,"Pasaje Leoncio Sanabria 522
Santa Cruz de Tenerife, 33541",+34 983155440,gcolomer@example.com,2025-01-21
750,Rosenda de Camino,"C. de Emigdio Muñoz 77
Palencia, 15278",+34 977 947 604,irma25@example.com,2024-07-13
751,Nicolás del Tamayo,"Glorieta de Ricarda Alonso 44 Apt. 46 
Zaragoza, 24942",+34 972 82 46 59,soleracarlito@example.net,2024-08-10
752,Marianela Amelia Borja Ledesma,"Via Ainoa Luís 44 Puerta 7 
León, 12055",+34 848 571 294,gervasio25@example.org,2024-11-01
753,Imelda Alvarado Gascón,"Glorieta de Marino Oliver 30 Piso 8 
Valladolid, 20711",+34 847 055 207,kagudo@example.com,2024-05-05
754,Sonia Miguela Tamayo Expósito,"Vial Segismundo Páez 93
Castellón, 03731",+34941268870,maximorodrigo@example.org,2024-06-25
755,Agapito Olivares Casals,"Pasaje Julieta Ochoa 16
Sevilla, 39057",+34 984448842,lumbrerasaugusto@example.net,2024-09-16
756,María Manuela Alarcón Mateu,"Acceso Manuelita Villalba 51 Apt. 20 
Murcia, 42970",+34 949 90 60 43,lespejo@example.net,2024-11-03
757,Margarita Merche Lillo Manzano,"Avenida de Enrique Plaza 18 Piso 2 
Córdoba, 35128",+34928 22 73 37,zpolo@example.net,2024-08-26
758,Luis Ángel Alemany Montserrat,"Paseo de Vicenta Roca 28
Ávila, 12688",+34980 378 376,cornelio20@example.org,2024-07-11
759,Quique Benavent Oliveras,"Acceso Jafet Falcón 5 Apt. 91 
La Coruña, 24419",+34 847 923 747,josefa75@example.org,2024-10-03
760,Saturnina Manjón Costa,"Ronda de Paco Serna 48
Castellón, 38641",+34828 00 25 80,marisa34@example.net,2024-05-09
761,Eric Folch Báez,"Pasadizo José Antonio Mayo 68
Pontevedra, 43552",+34 957 07 29 61,carminasancho@example.org,2024-09-09
762,Armando del Alcalde,"Pasaje de Albano Mulet 6
Córdoba, 46177",+34 947 04 18 50,qtamarit@example.org,2025-01-03
763,Cornelio Isaías Sandoval Recio,"Urbanización de Teodosio Blasco 71
Santa Cruz de Tenerife, 18016",+34923 56 07 19,aguadofabio@example.org,2025-03-25
764,Goyo Mate Mateu,"Rambla de Alma Ros 642
La Coruña, 46437",+34926 773 824,hsegovia@example.com,2025-02-11
765,Sosimo Solé-Cerezo,"Urbanización de Rafaela Rovira 1
Burgos, 43701",+34948 312 632,kcobo@example.com,2024-11-20
766,León Ramón Mir Reyes,"Pasadizo Carina Baena 45
Burgos, 01233",+34971 20 89 92,ojedaedgar@example.org,2024-09-28
767,Celestina Felipa Colomer Segura,"Plaza Amada Santamaria 1 Puerta 3 
Lleida, 29436",+34 987652593,felicidadsierra@example.net,2024-08-05
768,Juan Castells Ortega,"Cuesta Rufino Fiol 52 Piso 2 
Ávila, 01156",+34 881679129,emigdiomiguel@example.net,2025-01-11
769,Concha Bermudez,"Glorieta de Arcelia Palomino 147
Córdoba, 06015",+34 823328299,riosnatividad@example.net,2024-08-13
770,León Sebastián,"Paseo de Emiliana Valenzuela 46
Guipúzcoa, 07484",+34880 96 33 22,llanojenny@example.org,2024-08-15
771,Joel Reynaldo Ureña Azorin,"Callejón de Josué Vázquez 37
Cantabria, 22105",+34 716 095 955,fustermanuela@example.org,2024-12-07
772,Nando Mas Morcillo,"Ronda Loreto Roda 705 Apt. 65 
Zaragoza, 05769",+34 848559957,sancho38@example.net,2024-07-28
773,Nieves Andrés Español,"Glorieta Pastor Oliveras 70 Piso 3 
Madrid, 11447",+34 887 704 587,federico83@example.org,2024-05-29
774,Esther Salamanca-Marti,"Avenida Lalo Ariza 13 Apt. 19 
Madrid, 20706",+34 875 46 04 30,victorberenguer@example.net,2024-11-14
775,Amada Badía Vicens,"Glorieta Fabián Salas 48
Málaga, 18018",+34856 51 33 16,utolosa@example.com,2024-07-01
776,Reyes Quintana Tena,"Avenida de Mirta Pablo 137 Piso 7 
Navarra, 19819",+34918 61 16 06,carolinarojas@example.org,2024-11-09
777,Andrés Suárez Chico,"Plaza de Raquel Roldan 6 Puerta 2 
Guipúzcoa, 23413",+34877 151 075,mayte11@example.com,2024-10-14
778,Daniel Saldaña Saura,"Paseo de María Manuela Calderón 8
Cáceres, 41706",+34721 352 873,guiomarcarranza@example.net,2024-05-02
779,Ciro Romero-Barriga,"Vial de Ariadna Bertrán 930 Puerta 2 
Málaga, 09453",+34 857 312 065,candido68@example.com,2024-11-23
780,Cayetano de Jaume,"Rambla de Pacífica Azorin 45 Piso 3 
Ávila, 18096",+34 800 75 59 35,palominoconrado@example.org,2024-06-03
781,Genoveva Lago Gárate,"Ronda de Rosalina Calleja 53 Puerta 8 
Huelva, 19850",+34 873 047 857,anacletozorrilla@example.org,2024-11-07
782,Ramón Cánovas Viñas,"Paseo Ana Belén Fajardo 24 Puerta 9 
Valladolid, 47363",+34878 537 928,artemiosuarez@example.org,2024-12-02
783,Victor Luis Ángel Núñez Rebollo,"Ronda de Julieta Carro 49 Piso 4 
Lleida, 24863",+34 846 448 845,soraya05@example.org,2025-01-11
784,Edu Luz Abascal,"Vial Aurora Franco 3 Piso 9 
Zaragoza, 10395",+34913895308,jose-franciscobustamante@example.com,2024-06-18
785,Julio Lago Bermudez,"Rambla Hernán Aragón 664 Piso 3 
Salamanca, 29360",+34 921 585 269,maciasfelipe@example.com,2024-08-03
786,Nando Jeremías Arcos Feijoo,"Glorieta Flavia Ramirez 4 Apt. 30 
Navarra, 31288",+34 980 237 032,leoncio58@example.net,2025-03-07
787,Dalila Coll-Cabello,"Calle de Rosenda Luís 50
Girona, 33414",+34 974 325 016,bagusti@example.org,2024-08-30
788,Juan Pablo Colomer Cózar,"Glorieta Luz Poza 9 Piso 3 
Asturias, 08191",+34942 135 948,segarrahumberto@example.net,2024-05-17
789,Javier Redondo Hoyos,"Pasaje de Nilo Cañete 430 Apt. 70 
Alicante, 30314",+34828 457 796,consuelaquintana@example.org,2024-06-23
790,Damián Puente-Leiva,"Rambla Maribel Serrano 772 Puerta 8 
León, 36721",+34846846267,isales@example.org,2024-06-04
791,Anastasia Méndez Carbó,"Alameda de Calixta Quiroga 81 Piso 9 
Palencia, 49983",+34 948 88 71 45,lpalomares@example.org,2024-10-31
792,Ale Salomé Doménech Navarro,"C. Rosalina Leon 888 Puerta 1 
Álava, 44484",+34986 17 79 26,prudenciodiaz@example.com,2024-05-25
793,Fabiola Balaguer Soria,"Acceso Isidoro Gálvez 87 Puerta 1 
Ceuta, 14787",+34925 52 28 25,pardomanolo@example.com,2024-06-04
794,Juanito Amaya,"C. Anastasio Prats 15
Segovia, 01270",+34974 404 901,erius@example.net,2024-11-26
795,Amor Páez Román,"Glorieta de Anna Cabeza 570
Alicante, 49943",+34 839 396 540,mateocomas@example.com,2024-12-28
796,Melania Huertas Lorenzo,"Vial Guillermo Romero 84 Piso 0 
Murcia, 14606",+34 943 57 37 78,raul19@example.net,2024-07-18
797,Maura Maldonado Cerro,"Calle de Victoriano Río 41 Puerta 9 
Cádiz, 31585",+34847 421 646,alcides60@example.org,2024-11-08
798,Joaquina Castilla Gual,"Plaza Lorenzo Lamas 626 Puerta 6 
Las Palmas, 20180",+34 872 521 980,rita96@example.org,2025-04-30
799,Florencio Jover Fuentes,"Alameda Maximino Hoyos 85
Ciudad, 07697",+34 981 67 84 46,manjonnidia@example.com,2024-10-23
800,Flavia Valcárcel Milla,"Urbanización Serafina Roma 23
Málaga, 25614",+34880 65 01 93,qsevilla@example.com,2024-11-16
801,Goyo Rubio Duque,"Via de Leocadio Mena 764 Apt. 83 
Tarragona, 26505",+34843 350 005,vidalcharo@example.net,2025-04-02
802,Moreno Lisandro Herrera Crespi,"Avenida de Juan Pablo Seguí 417 Piso 9 
Segovia, 30808",+34738797371,lidia34@example.org,2024-06-25
803,Juan Pablo Bárcena Bárcena,"Camino Almudena Perera 87
Valladolid, 42133",+34 848 803 944,aurelia62@example.org,2024-06-21
804,Antonio Angulo Carretero,"Paseo Modesta Gracia 9 Piso 7 
Cáceres, 20288",+34 977 04 29 34,julia72@example.com,2025-03-03
805,Aureliano Monreal Carretero,"Avenida de María Bastida 92
Cuenca, 36474",+34942 72 68 58,valenciaevaristo@example.com,2024-08-02
806,Hortensia Guadalupe Saez Castells,"Rambla Aureliano Estévez 4
Álava, 29399",+34980 10 16 41,dora34@example.net,2025-01-29
807,Carmela Cepeda Aznar,"Alameda de Toribio Torrent 37 Puerta 1 
Ourense, 32124",+34923781813,ihernando@example.com,2024-12-13
808,Loida Serrano Rosselló,"Avenida de Paco Piñeiro 320 Puerta 5 
Ourense, 50840",+34 821882038,carvajalemigdio@example.net,2024-07-07
809,Lorenzo Alsina Carballo,"Cañada de Cayetana Manzanares 8 Puerta 8 
Cádiz, 23423",+34823 271 991,angela79@example.net,2025-01-24
810,Aristides de Pujadas,"Calle Aitana Sotelo 540
Baleares, 47234",+34 979910228,padillazaida@example.com,2024-08-03
811,Fátima Corbacho Roma,"Acceso de Esmeralda Enríquez 2
Málaga, 42310",+34 884 013 233,desideriogoicoechea@example.com,2024-11-21
812,Evelia Exposito Salinas,"Ronda de Alondra Gomez 14 Puerta 1 
Baleares, 18926",+34 973772572,clarisa38@example.com,2024-05-18
813,Dora Jennifer Mateu Barrena,"Plaza de Inmaculada Rico 14 Apt. 02 
Castellón, 23343",+34 923 20 67 39,felixcarvajal@example.com,2025-02-22
814,Pablo Salvà Real,"Glorieta de Isa Solano 68 Puerta 7 
Jaén, 07297",+34975 92 62 16,teofilacarlos@example.org,2025-03-31
815,Ramona Cabanillas León,"Camino Camilo Carreño 214
Huelva, 09523",+34 943 112 704,carminacortes@example.net,2025-01-20
816,Jenny Arias Mateo,"Camino de Gabriel Cárdenas 1 Puerta 6 
Alicante, 51646",+34820 649 209,teresa70@example.net,2024-06-15
817,Inmaculada Solana Goñi,"C. Lucas Hernandez 48
Granada, 21592",+34 945798592,rllado@example.com,2024-06-22
818,Natalio Pío Llano Anglada,"Alameda de Luna Villalonga 46 Piso 6 
Ourense, 03463",+34 846 670 420,hcanton@example.com,2024-05-04
819,Jenaro Reyes Borrás,"Alameda de Reyna Salazar 87
Valladolid, 36708",+34925 98 53 94,ivan55@example.com,2025-02-20
820,Erasmo Robles,"Via Obdulia Sans 7 Apt. 84 
Palencia, 10716",+34 980 530 449,martigas@example.org,2025-03-11
821,Duilio Carrillo Giner,"Vial Arturo Sarmiento 84 Puerta 8 
Tarragona, 44005",+34848572122,carbonellemilio@example.net,2024-08-26
822,Armando del Calzada,"Rambla Blanca Bertrán 1
Valladolid, 06394",+34 843476300,clarisa69@example.org,2025-02-08
823,Lucio Moraleda Llorente,"Avenida de Virgilio Vallés 1
Cáceres, 06516",+34975 709 819,manuelita40@example.org,2024-08-12
824,Jesusa del Sacristán,"Ronda de Ximena Monreal 38
Murcia, 06417",+34982 543 588,irmaruiz@example.com,2024-06-29
825,Ricarda Peiró,"C. Octavio Gonzalez 70 Apt. 15 
Cáceres, 14415",+34 946145350,corbacholazaro@example.com,2024-10-21
826,Renata Cabrera Orozco,"Via de Alexandra Ferrándiz 6 Apt. 90 
Lleida, 11955",+34 979 97 89 38,dominga68@example.net,2025-01-31
827,Samu Patiño Araujo,"Alameda de Anabel Roman 19
Murcia, 02368",+34 922 825 468,cabellobalduino@example.com,2024-09-24
828,Gervasio Jaén Zabaleta,"Acceso Cruz Prat 8 Puerta 0 
Cádiz, 19641",+34 988 95 37 52,tenabenito@example.org,2025-01-19
829,Sigfrido Gonzalo Arroyo,"Acceso de Felicia Jaume 3 Puerta 8 
Sevilla, 05387",+34 711 233 123,montanayaiza@example.org,2024-05-05
830,Georgina Quintana Calvet,"Avenida de Dolores Rosado 91
Melilla, 09729",+34 852 112 734,asdrubal86@example.net,2024-10-22
831,María Carmen Ribes,"Urbanización Basilio Salazar 955 Piso 7 
Álava, 07478",+34984 05 81 57,ipinilla@example.net,2025-01-17
832,René Palomares-Conesa,"Plaza Yaiza Busquets 87
Salamanca, 02719",+34846 02 96 42,reynabonet@example.org,2024-12-23
833,María Pilar Alemany,"Acceso Ramón Bernad 98 Piso 9 
Tarragona, 15080",+34883507137,banoscesar@example.org,2024-06-25
834,Rosaura Almagro Múgica,"Calle Adalberto Fortuny 93
Alicante, 18096",+34921 88 07 58,antonio47@example.org,2025-02-21
835,Esteban Rebollo-Juárez,"Vial Toribio Yáñez 942
Cantabria, 47603",+34828 983 028,machadolupita@example.org,2024-12-15
836,Benjamín Batlle Anglada,"Vial Román Fajardo 76
Teruel, 11701",+34 924 744 545,maciasalondra@example.com,2024-11-07
837,Lorenzo Guzmán,"Pasadizo Ariadna Riquelme 5 Apt. 87 
Badajoz, 15015",+34978848127,peranacho@example.com,2024-05-03
838,Ariel Puente Badía,"Cañada de Xavier Reina 49 Puerta 8 
Asturias, 08439",+34 879751933,nazario91@example.com,2024-06-11
839,Petrona de Soria,"Cañada Ángel Piñol 8
Guipúzcoa, 12127",+34839 272 415,eladio56@example.org,2024-06-18
840,Xavier de Simó,"Avenida de Jesús Riera 35
Guipúzcoa, 38045",+34985 385 314,gastonvillalonga@example.net,2024-05-23
841,Samu Urrutia-Galiano,"Glorieta de María Teresa Prieto 6
Córdoba, 50419",+34 873 088 213,kclemente@example.org,2025-01-29
842,Eufemia Manuel,"Calle Salvador Manso 5
Córdoba, 09678",+34 872 28 08 66,abrillisandro@example.com,2024-07-09
843,Leocadio Cifuentes,"Camino Gabino Segovia 63 Apt. 14 
Guipúzcoa, 50482",+34604153988,gracielabru@example.org,2024-08-25
844,Celestino Perelló López,"Calle Javi Tamarit 850
Sevilla, 41898",+34 863728225,emmamanzanares@example.net,2024-05-10
845,Donato Pastor Villalba Lopez,"Rambla de Felipe Millán 7 Puerta 0 
Cádiz, 06671",+34 825 20 54 19,lmiranda@example.com,2024-06-12
846,Consuela de Marco,"Pasaje Angélica Arana 2 Piso 6 
Ceuta, 02653",+34917 637 473,rodolfo81@example.net,2024-09-07
847,Sol Cuenca Domínguez,"Rambla Perla Tena 139
Burgos, 09330",+34 943 62 66 71,maxi10@example.org,2024-06-22
848,Íngrid Benavent Villalba,"Via Lisandro Villar 65
León, 03480",+34 746 76 72 47,tpages@example.com,2024-08-29
849,Efraín Ordóñez Antón,"Cañada Cristina Calderon 20 Puerta 5 
Cuenca, 18520",+34983877620,garciaherminia@example.net,2024-07-11
850,Palmira de Benito,"Cañada Ainara Segura 7 Piso 3 
Cáceres, 47271",+34 881 19 75 75,cayetana83@example.com,2025-03-26
851,Leonor Verdejo Riquelme,"Pasaje Marc Gomis 82
Melilla, 28518",+34 822153361,fmateos@example.com,2024-08-26
852,Guiomar Arana Bárcena,"Avenida Rolando Arnaiz 315 Apt. 63 
Pontevedra, 24008",+34945248326,nilobotella@example.org,2025-02-24
853,Leyre Manrique Daza,"Camino Áurea Pedraza 733 Piso 8 
Albacete, 33193",+34 845014126,lcarnero@example.com,2025-03-08
854,Joan Plaza Coronado,"Via Virginia Jara 94
Navarra, 26785",+34 931 435 524,miguelrosalinda@example.net,2025-04-03
855,Paulino del Viana,"Glorieta de Salvador Vega 81
Burgos, 04199",+34885 09 63 50,nievescalatayud@example.org,2024-12-05
856,Alex Comas Figueras,"Camino Evaristo Sáez 1
Huesca, 05045",+34 824 460 828,salazarmaura@example.org,2024-09-12
857,Maxi del Torrecilla,"Cuesta de Cristina Catalán 57 Apt. 68 
Asturias, 07226",+34928 531 539,tpalau@example.com,2024-05-31
858,Ezequiel Royo Ariño,"Pasadizo de Clotilde Esparza 84
Álava, 39725",+34742 358 809,monicaibanez@example.com,2025-04-20
859,Antonia Guijarro-Reguera,"Plaza de Fernando Gallego 5
Albacete, 02603",+34978 773 541,poncio62@example.net,2024-05-29
860,Baldomero Bosch Pellicer,"Via Glauco Valero 130 Puerta 3 
Pontevedra, 40321",+34 871238567,salomon08@example.org,2024-12-13
861,Gertrudis Bartolomé Cañellas,"Via Marc Pi 27 Puerta 1 
Málaga, 30828",+34 877 584 731,piedadolivera@example.com,2024-05-08
862,Amado Fermín Sola Lluch,"Pasadizo de Cebrián Verdú 63
Burgos, 44512",+34 975972279,gbermejo@example.com,2024-05-08
863,Belen Laura Cifuentes Oliva,"Plaza Evelia Carreño 72 Apt. 03 
Baleares, 24264",+34902 91 42 35,teofiloespana@example.com,2024-07-25
864,Daniel Manuel Torrijos,"Alameda Jesusa Acosta 93 Apt. 17 
Sevilla, 19282",+34878 62 37 96,calixta33@example.com,2024-12-28
865,Isaías de Ribas,"Ronda de Eva María Calvet 2 Piso 6 
Ciudad, 38240",+34900 25 43 85,rafaelasomoza@example.org,2024-08-05
866,Belen Pelayo Robles,"Avenida de Nerea Rius 89 Puerta 9 
Cantabria, 33725",+34856 809 353,lunabuendia@example.net,2025-03-04
867,Ana Sofía Cabeza Salazar,"Cañada Lupe Montesinos 47
Castellón, 14035",+34843 89 08 34,danilo93@example.net,2024-12-02
868,Vicenta Diaz-Beltrán,"Callejón de Tomasa Arribas 94
Toledo, 08022",+34 977 562 979,eligia23@example.net,2025-03-22
869,Felipa Briones Nogués,"C. Sigfrido Múñiz 22
Valladolid, 24915",+34927 859 095,bgarcia@example.com,2024-09-16
870,Cayetana Linares-Baró,"Camino de Rodolfo Mate 8 Apt. 99 
Baleares, 15149",+34823 47 58 62,jose-antonio06@example.com,2025-01-25
871,Salud Tomás Ramón,"Glorieta Arcelia Boix 23 Piso 7 
Las Palmas, 13373",+34874 199 569,taboadaconsuela@example.net,2024-07-04
872,Blas Ramirez,"Cañada de Lope Río 202
Murcia, 32583",+34871 82 98 03,baudelio91@example.com,2024-11-08
873,Cebrián Cazorla,"Plaza de Lucas Rojas 9
Teruel, 21234",+34985 262 181,ycanellas@example.org,2024-05-21
874,Víctor del Pérez,"Pasaje Florencio Ferrando 80 Apt. 36 
Huelva, 18382",+34 980160791,acollado@example.com,2024-09-03
875,Ulises Alcalá Moraleda,"Acceso Ruth Juárez 18
Ciudad, 13341",+34828727578,nzapata@example.net,2025-02-27
876,Tecla Arévalo-Marqués,"Vial Gustavo Márquez 19 Apt. 96 
Pontevedra, 51188",+34 882206686,macaria73@example.com,2024-09-11
877,Odalis Tur,"Alameda Bernarda Múñiz 16
Cuenca, 12772",+34 820 30 92 13,fortunyjuan-antonio@example.net,2025-01-15
878,Marita Rios Diaz,"Via Elpidio España 7
Santa Cruz de Tenerife, 44045",+34 945 06 32 39,csuarez@example.com,2024-09-25
879,Amando Márquez-Serra,"Camino de Eutropio Vicens 745 Apt. 40 
Baleares, 15064",+34947007205,demetriovicens@example.net,2024-08-18
880,Áurea Alba Sanchez,"Pasadizo de Remedios Céspedes 9 Piso 4 
Valencia, 32189",+34871 06 55 49,ubastida@example.org,2024-06-16
881,Aarón Benavides Riba,"Urbanización de Haroldo Moya 93 Puerta 2 
Huesca, 22928",+34727 409 396,adelardocoronado@example.org,2025-04-30
882,Matías Peral Casares,"Pasaje Georgina Querol 66
Jaén, 11871",+34 981108810,ainara93@example.com,2024-08-24
883,Pili del Agudo,"Plaza Jesús Heras 25
Córdoba, 07235",+34843 17 96 50,teodoracordero@example.com,2024-12-18
884,Carlos Baró,"Glorieta de Óscar Font 8 Apt. 87 
Málaga, 14386",+34 806 91 53 50,wamor@example.net,2024-07-14
885,Pacífica Pedraza Sotelo,"Urbanización Ricarda Díez 12 Apt. 71 
Jaén, 28369",+34853629550,julianmaristela@example.net,2024-09-30
886,Dominga Agustín,"Plaza de Chelo Alarcón 67
Toledo, 13883",+34923 280 584,teodosiopazos@example.com,2025-01-03
887,Lope del Palomares,"Calle de Lina Barros 87
Granada, 35046",+34922076301,nereahoz@example.org,2025-03-06
888,Javiera Aparicio Gutiérrez,"Ronda Marcio Torrent 10 Piso 9 
Ourense, 03350",+34 874964974,grosa@example.org,2024-10-05
889,Vera Seguí,"Vial de Flavia Mariscal 736
La Rioja, 50571",+34921 85 27 67,qdiez@example.net,2024-05-10
890,Flavio Manu Guardiola Gárate,"Cuesta de Cornelio Redondo 92
Melilla, 21313",+34827 75 74 15,jecheverria@example.net,2025-03-09
891,Alicia Ríos Iglesia,"Ronda de Irma Santamaria 99
Sevilla, 04896",+34871 309 596,inigueztiburcio@example.net,2024-11-23
892,Remedios Corral Casanovas,"Plaza Benito Raya 60 Apt. 18 
Cantabria, 48206",+34845 15 38 23,nacho75@example.org,2024-06-25
893,Maximino Gomila Diaz,"Rambla de Anastasio Suarez 47
Madrid, 40982",+34921674716,maytemulet@example.com,2025-01-02
894,Flor Cuevas,"Pasadizo Ulises Cervera 51
Navarra, 42757",+34988 70 48 17,angelesangulo@example.net,2024-05-07
895,Calista Rosselló Pons,"Ronda de Victorino Maldonado 35
Cáceres, 41219",+34821 476 081,vvalbuena@example.net,2024-11-17
896,María Dolores Cornejo-Cobo,"Acceso de Olalla Falcón 88
Granada, 09177",+34874 60 48 10,adolfo86@example.net,2024-07-15
897,Vicenta Sevilla Pozuelo,"Callejón Valero Rodríguez 1
La Coruña, 02489",+34928068063,tlujan@example.net,2024-07-01
898,Adán Cazorla-Peña,"Glorieta de Claudia Tirado 33 Apt. 76 
Santa Cruz de Tenerife, 06904",+34 987498204,domingobenito@example.com,2025-03-12
899,Primitiva Roselló Borrás,"Rambla Aroa Ibarra 65
Palencia, 26465",+34946 283 518,tonidalmau@example.net,2024-05-05
900,Hernán Peña Piña,"Camino Eusebia Olmedo 30 Puerta 6 
Málaga, 27930",+34 982 255 877,emilianogiron@example.com,2025-03-10
901,Leonardo Guardiola,"C. de Chelo Peláez 84 Apt. 45 
Jaén, 27669",+34982 840 006,darana@example.com,2025-01-25
902,Pancho Zamorano Plaza,"Glorieta Diego Echevarría 8 Puerta 2 
Ceuta, 44880",+34888 69 06 57,herviacornelio@example.com,2025-01-18
903,Ascensión Arévalo Amor,"Rambla Daniela Álvarez 40 Piso 2 
Las Palmas, 35925",+34848 30 04 54,pcanet@example.org,2025-04-05
904,Reyes Revilla Valbuena,"Paseo Jacinta Gil 686 Apt. 00 
Zamora, 44680",+34 902808175,navassabas@example.org,2024-12-16
905,Dominga Royo Iriarte,"Ronda de Yéssica Mateos 10 Piso 6 
Soria, 02960",+34880 86 63 71,crescenciabonet@example.com,2025-03-18
906,Rubén Armengol Cortes,"Glorieta de Edmundo Moreno 86
Ávila, 02400",+34 981 60 64 53,angladamartin@example.org,2024-07-03
907,Julie Villegas Cal,"Pasaje Duilio Valle 868 Puerta 1 
Zamora, 03687",+34 879499799,belloluz@example.net,2024-11-08
908,Aarón Arranz Juárez,"C. Cornelio Calderon 462 Piso 9 
Ourense, 08123",+34 841914512,ialberdi@example.com,2025-04-05
909,Manuelita de Vilalta,"Cuesta de Mercedes Menéndez 10
Cantabria, 34926",+34861942266,valbuenafrancisca@example.net,2024-06-26
910,Mireia Florina Melero Serrano,"Rambla de Jonatan Montaña 81 Apt. 49 
Girona, 12669",+34 885294850,andradenatanael@example.net,2024-08-25
911,Claudia Talavera Mayol,"Callejón Florentino Villa 64 Puerta 3 
Valladolid, 34606",+34871305536,crescencia99@example.com,2024-10-05
912,Amado Duran Morell,"Pasadizo de Estela Galán 317
Lleida, 14418",+34979620507,riusdani@example.net,2024-05-17
913,Luz Elisa Quirós Acero,"Pasadizo de Juliana Tovar 39
Las Palmas, 21326",+34882 17 92 30,grasdominga@example.org,2025-01-22
914,Cayetano Mosquera Prieto,"Paseo Rosalva Pinto 21
Lleida, 43083",+34 928 524 283,mbaena@example.net,2024-10-19
915,Lorenza Clarisa Goñi Solana,"Acceso Emiliano Palomares 727 Puerta 5 
Lleida, 35214",+34 833 733 664,mateoignacio@example.org,2025-03-25
916,Dominga Pozuelo,"Acceso Marcelino Aliaga 92
Tarragona, 22650",+34923 38 97 28,mar26@example.com,2024-11-30
917,Adelina Castilla Ropero,"Ronda Tere Blasco 70 Apt. 16 
Cuenca, 35429",+34983771731,emateos@example.org,2024-10-15
918,Marcelino René Pablo Juárez,"Alameda Eladio Parra 31
Girona, 47449",+34926031361,rebolloinocencio@example.com,2024-11-23
919,Graciano Casanova Ripoll,"Via de Nando Marí 89
Asturias, 15862",+34924 378 279,luisina03@example.com,2024-11-07
920,Fidela Luna,"Glorieta Eliana Abad 39
Zaragoza, 36739",+34821993474,palmadimas@example.org,2025-03-09
921,Clemente Corral Vilalta,"Cuesta de Pánfilo Lladó 92 Apt. 97 
Valencia, 44220",+34822 572 728,lilianafernandez@example.org,2024-05-17
922,Valeria Manzanares Coll,"Vial Nydia Mendoza 338
Albacete, 41173",+34 871975426,odalys36@example.net,2025-02-24
923,Crescencia Mínguez Daza,"Alameda de Miriam Ortiz 70 Apt. 59 
Córdoba, 13005",+34748 12 97 95,hhuerta@example.org,2024-12-01
924,Natalia Esteve,"Rambla de Aroa Carbonell 247
Cádiz, 22714",+34888 17 36 35,calvetsocorro@example.org,2024-05-16
925,Teobaldo Nieto Nogueira,"Paseo de Jordi Giralt 17 Apt. 41 
Castellón, 42970",+34944 741 290,jmacias@example.org,2025-04-02
926,Ariel Bilbao Sales,"Plaza de Belen Araujo 794
Segovia, 44423",+34 949 93 91 32,cintiaalcantara@example.org,2025-04-01
927,Baldomero Álvaro Cerdán,"Camino de Mónica Duran 25
Granada, 13175",+34 739 06 59 98,silviomontes@example.net,2025-03-31
928,Dorotea Niño Márquez,"Paseo de Guadalupe Garay 16 Apt. 25 
Zaragoza, 40429",+34 872 270 970,maritaalcaraz@example.org,2024-05-19
929,Noa Sabater Hervás,"Pasaje Celestino Moll 18 Piso 0 
Salamanca, 14766",+34 966138079,modestamaza@example.net,2024-05-13
930,Nieves Bermejo,"Camino Daniela Nadal 12 Puerta 5 
Tarragona, 12214",+34880 794 212,osunaluis@example.com,2024-06-09
931,Primitivo Velasco González,"Alameda de Fabián Torrents 530 Puerta 3 
Ávila, 38270",+34871 25 41 00,vlillo@example.net,2025-03-25
932,Felicidad Fajardo Salom,"Vial de Julieta Elías 25
Lleida, 02974",+34 824 977 807,uvera@example.com,2024-11-05
933,Nieves González Julián,"Plaza Ambrosio Cadenas 239
Barcelona, 23414",+34 857 16 93 51,isidora85@example.org,2024-08-31
934,Eli Rocha-Alcolea,"Via de Azeneth Botella 64
Palencia, 41140",+34 921 36 71 73,vallsmiguela@example.com,2024-09-08
935,Encarna Caro,"C. de Macarena Trujillo 28 Apt. 10 
Palencia, 02680",+34927832939,montespatricio@example.org,2024-10-20
936,Reinaldo Velasco Gras,"Cuesta Lope Cárdenas 76
Murcia, 09678",+34844 64 15 29,calderoncirino@example.org,2025-01-22
937,Valeria Calderon-Bilbao,"Alameda de Ileana Perelló 54 Puerta 3 
Burgos, 10227",+34824 31 67 17,florentinamurcia@example.com,2025-03-10
938,Ibán de Cabañas,"Avenida Estrella Arnal 340 Piso 5 
Málaga, 43918",+34 949 69 60 33,jose-carlos49@example.net,2024-08-24
939,Ruth Mateo Salvador,"Avenida Anastasio Tur 1
Valladolid, 27375",+34972881789,cpera@example.com,2024-05-06
940,Rosalinda Anglada Bravo,"Alameda de Jose Montero 17 Piso 6 
Segovia, 35689",+34 944875964,casalsandrea@example.com,2024-12-02
941,Melchor Escamilla Zapata,"Plaza de Amparo Gonzalo 902
Girona, 22521",+34974934766,valentinmorell@example.net,2025-04-10
942,Ascensión Bauzà Zabaleta,"Cañada Agustina Cabezas 566
Lleida, 34754",+34882 70 90 95,bernabe67@example.org,2024-06-07
943,Luis Ángel Sedano Vilaplana,"Glorieta Danilo Sanchez 42
Guipúzcoa, 18374",+34 814667844,maricela79@example.org,2024-11-13
944,Florentino Cáceres Sáez,"Glorieta de Arturo Leiva 78 Piso 0 
Albacete, 08706",+34 943179035,marcelosoto@example.com,2024-08-20
945,Patricio Bartolomé Calderón Tovar,"Plaza Modesta Puig 83
Jaén, 29167",+34942 36 13 65,olalla45@example.net,2024-05-13
946,Candela Quintero Manzanares,"Paseo de Dolores Ródenas 923
Sevilla, 28897",+34881 32 68 12,eulalia69@example.com,2024-12-14
947,Viviana Batlle Marco,"Alameda Marcelo Méndez 2
Teruel, 25808",+34 712193347,jcastells@example.com,2024-10-29
948,Cipriano Arroyo Borrás,"Pasaje de Nacho Cañizares 89 Piso 5 
Toledo, 32871",+34984 81 13 03,elodiaplanas@example.org,2025-02-19
949,Javier Palma,"Acceso de Febe Olivé 36 Apt. 22 
Pontevedra, 10205",+34988 701 432,luisvisitacion@example.com,2024-10-27
950,Esperanza Pons,"Calle de Sergio Sastre 26 Puerta 1 
La Coruña, 14218",+34947 055 559,rcastells@example.com,2024-10-10
951,Julio César de Morcillo,"Calle Hector Blazquez 32
Valladolid, 12741",+34 979 87 43 92,coraldavila@example.net,2024-09-30
952,Marisa Bermejo,"Paseo de Azucena Salgado 54
Girona, 51297",+34980 39 64 38,echamorro@example.net,2024-08-11
953,Baudelio Arenas Gisbert,"C. Bartolomé Feijoo 70 Apt. 79 
Cádiz, 20483",+34 705 481 279,francisco35@example.net,2025-03-23
954,Angelita Montesinos Bejarano,"Alameda de Teobaldo Perelló 25 Piso 1 
Salamanca, 04484",+34882 836 074,vegaamado@example.com,2025-02-11
955,Azahar Seco Llamas,"Vial Aurora Cañellas 443 Apt. 80 
Albacete, 31305",+34 838 73 05 77,coronadomaria-del-carmen@example.net,2024-07-31
956,Anita Dalmau Daza,"Cañada Encarnacion Gutierrez 26 Puerta 4 
Teruel, 50567",+34 816 838 774,nazaretferrer@example.com,2024-10-28
957,Emilia Posada Luna,"Urbanización Ildefonso Hidalgo 71
Teruel, 06029",+34888 832 910,ferreraetelvina@example.com,2024-09-20
958,Rafa Chaparro Ojeda,"Pasaje de Telmo Arranz 90 Apt. 82 
Guadalajara, 07621",+34 806 84 64 97,albinapaz@example.com,2024-12-17
959,Felisa Solsona Cisneros,"Camino Luciano Santos 82
Granada, 08734",+34841482212,manzanaresangelina@example.net,2024-11-02
960,Manuelita Monreal Portero,"Glorieta Juanita Galvez 99
Álava, 03041",+34 975 34 87 08,mohamedsaez@example.com,2024-09-21
961,Belen Carballo,"Pasaje Martina Sanchez 8 Apt. 10 
Ceuta, 07186",+34845 38 23 74,vizcainocarlota@example.net,2024-12-25
962,Guiomar Cabello Sureda,"Callejón de Apolonia Rico 9
Jaén, 26119",+34946 10 79 06,isaacgisbert@example.com,2025-02-24
963,Merche Maricela Espinosa Martín,"Cañada Leonor Moreno 9 Puerta 1 
Cáceres, 36082",+34 924 64 94 14,ktomas@example.com,2025-04-09
964,Xavier Peral Pozo,"Via de Samuel Segarra 43 Piso 9 
Málaga, 05895",+34946664222,francisca49@example.org,2025-02-23
965,Adolfo Robles,"Urbanización Elba Casanovas 135
León, 33978",+34925 92 15 40,herbertomata@example.net,2024-07-20
966,Lisandro Garcés Morillo,"Urbanización de Nicodemo Company 8 Apt. 35 
Córdoba, 08564",+34944460537,maria-del-carmen03@example.net,2024-08-11
967,Balduino de Herranz,"Plaza Celso Pacheco 67
Ourense, 10519",+34820967475,eesparza@example.org,2025-04-30
968,Toni Villaverde Ferrán,"Calle de Lucila Casals 36 Piso 8 
Badajoz, 15333",+34 703 87 75 47,fabio67@example.net,2024-12-22
969,Elba de Manuel,"Via Valero Toledo 6 Apt. 07 
Navarra, 20369",+34 938994433,cruzbadia@example.com,2025-04-02
970,César del Duran,"Ronda de Febe España 2 Puerta 1 
Álava, 11967",+34 957905787,gjuan@example.org,2024-07-19
971,Nayara de Llopis,"Calle Prudencia Real 13
Ávila, 48254",+34977 97 94 99,estevejoan@example.org,2024-12-27
972,Gaspar Vara Salinas,"Via Teresa Mármol 645
Ciudad, 14545",+34843 65 26 72,escalonajulian@example.org,2024-05-06
973,Jovita Ibáñez Ferrán,"Vial Carmela Campillo 43
Burgos, 35182",+34 987354283,lucho61@example.net,2024-06-11
974,Patricio Aparicio Hoyos,"Via Natalia Godoy 74 Puerta 0 
Tarragona, 43927",+34 925 56 50 27,erobles@example.com,2024-10-05
975,Carolina Olivé,"Pasaje Ovidio Patiño 856
Santa Cruz de Tenerife, 34580",+34849669441,hjordan@example.net,2024-07-02
976,Chema Villa Esteve,"Alameda de Moreno Quero 56
Burgos, 11697",+34742 01 84 85,rozasjulieta@example.net,2025-03-09
977,Rafaela de Suárez,"Cuesta Marcela Vallés 7
Zaragoza, 51744",+34973 03 60 22,ooliver@example.org,2024-08-16
978,Miguela Diez Rico,"C. de Jessica Viana 9 Apt. 28 
Tarragona, 14081",+34 821 056 846,ofelia47@example.net,2024-06-18
979,Néstor Cepeda,"Camino Tito Urrutia 760 Apt. 46 
Ciudad, 32397",+34881 07 30 07,nduque@example.com,2024-05-27
980,Carolina Gálvez,"Alameda de Seve Pineda 43 Piso 5 
Cáceres, 50403",+34 820 821 395,tiburcioatienza@example.org,2024-11-27
981,Candela Bermudez Villalobos,"Plaza de Juan Antonio Barba 47
Teruel, 50154",+34 952522784,ferminsalgado@example.org,2025-01-24
982,Juan Bautista Carbonell,"Alameda Leonardo Moraleda 81 Apt. 56 
Ceuta, 34032",+34 873 450 984,cayetana24@example.com,2024-10-31
983,Azucena Bermejo,"Vial de Amílcar Patiño 9 Apt. 36 
Soria, 20181",+34 878585063,palaciosmaria-teresa@example.com,2024-11-10
984,Martirio del Santana,"Cañada Paz Quiroga 2
Ceuta, 38790",+34982 05 58 05,svillalobos@example.com,2024-07-24
985,Aroa Cifuentes,"Via de Morena Guillén 43
Valladolid, 23964",+34980 55 37 70,matapanfilo@example.com,2024-10-14
986,Benjamín Carlos Calatayud Gabaldón,"Ronda Leandro Rivera 76 Apt. 57 
Toledo, 09308",+34 979464502,leocadiasanmartin@example.org,2024-06-04
987,Javiera Garriga Corbacho,"Ronda Calisto Bas 11 Piso 9 
Palencia, 51783",+34 888848867,paulina86@example.org,2024-06-08
988,Benjamín Casanovas Mancebo,"Pasaje de Remedios Castelló 49
Zamora, 28301",+34 944 14 32 94,leoncio00@example.com,2024-07-07
989,Chus Solé Sevillano,"Plaza Ágata Suarez 52 Piso 6 
Santa Cruz de Tenerife, 08305",+34 981 401 870,mercaderblas@example.com,2025-04-06
990,Carlota Aurelia Conesa Santos,"Rambla Ángel Francisco 672
Guadalajara, 18730",+34977494666,esolano@example.net,2024-06-21
991,Yolanda del Peiró,"Alameda de Zoraida Moya 6 Piso 1 
Huelva, 50168",+34823309760,xalfaro@example.net,2024-10-18
992,Nuria Pujadas Otero,"Via Pilar Tur 57 Apt. 09 
Ciudad, 31372",+34922 28 43 13,palmerluis@example.org,2024-06-25
993,Tadeo Font Cózar,"Pasadizo de Francisco Javier Roselló 93
Vizcaya, 34100",+34971877291,juan-bautistabaez@example.net,2024-05-14
994,Adolfo Roca-Ortega,"Calle de Malena Nicolás 27
Ciudad, 06629",+34 878862225,teruelsigfrido@example.net,2025-02-10
995,Águeda Bonet Bonilla,"Callejón Amada Bru 92
Tarragona, 51100",+34672886966,hmariscal@example.net,2025-01-17
996,Aníbal Cantón Castells,"Pasaje de Cebrián Baños 392
Alicante, 14116",+34901 542 651,calistoalsina@example.net,2024-05-27
997,Geraldo Manrique Osuna,"Cuesta Pepito Llobet 78
Sevilla, 41231",+34 847 37 97 78,pouobdulia@example.org,2025-01-15
998,Dorotea Quintero-Cózar,"Paseo Ema Solé 7 Puerta 9 
Segovia, 29095",+34 946 379 388,umorcillo@example.com,2024-11-02
999,Jose Luis de Zaragoza,"C. de Chus Villena 2 Apt. 61 
Soria, 42335",+34985 878 940,redondorodrigo@example.net,2024-09-29
1000,Ezequiel Colomer Alfonso,"Via Cristóbal Reyes 15 Apt. 10 
Guipúzcoa, 42978",+34 920558212,ichaparro@example.org,2024-11-11
