id,fecha,id_cliente,id_corresponsal
1,2025-01-21,947,293
2,2024-09-03,68,977
3,2024-06-29,352,731
4,2024-08-31,77,753
5,2024-09-29,811,771
6,2024-05-25,394,681
7,2024-05-28,467,125
8,2024-05-27,662,214
9,2024-11-20,540,211
10,2024-12-18,30,354
11,2024-06-16,745,931
12,2024-10-16,695,932
13,2024-12-14,657,422
14,2025-03-19,99,992
15,2024-11-05,213,376
16,2025-02-15,818,422
17,2024-10-23,536,378
18,2025-02-26,551,431
19,2025-03-29,614,435
20,2025-03-20,159,821
21,2024-08-27,65,713
22,2024-05-30,539,39
23,2025-04-08,221,766
24,2024-11-27,478,889
25,2024-05-08,451,918
26,2024-08-11,559,251
27,2024-06-07,689,572
28,2024-07-27,138,754
29,2024-12-20,269,247
30,2024-11-27,50,386
31,2024-10-28,222,796
32,2024-09-07,709,117
33,2025-04-28,41,519
34,2025-04-20,651,958
35,2025-01-22,901,183
36,2025-01-29,860,551
37,2024-05-24,254,271
38,2024-09-18,911,707
39,2024-06-02,466,198
40,2025-04-12,119,517
41,2024-05-02,135,382
42,2024-06-12,39,340
43,2024-11-29,875,333
44,2025-01-03,369,459
45,2024-09-15,578,292
46,2025-01-12,495,519
47,2025-01-03,679,793
48,2024-07-08,752,937
49,2024-06-14,983,147
50,2024-11-07,617,26
51,2025-02-17,707,398
52,2025-01-12,73,27
53,2025-01-12,6,690
54,2024-05-23,472,872
55,2025-04-20,146,983
56,2025-01-23,232,648
57,2025-02-06,80,956
58,2024-06-07,920,98
59,2024-06-20,558,461
60,2024-08-11,628,377
61,2024-11-27,169,904
62,2024-05-07,739,184
63,2024-07-29,234,888
64,2024-12-18,635,470
65,2025-04-02,932,844
66,2024-09-18,358,460
67,2024-08-30,595,500
68,2024-05-21,577,142
69,2024-12-30,999,254
70,2025-04-20,125,901
71,2025-02-05,456,973
72,2025-04-14,602,270
73,2024-09-16,768,158
74,2025-04-07,534,513
75,2024-05-28,805,664
76,2024-06-21,498,145
77,2024-08-16,683,421
78,2025-02-27,678,657
79,2025-01-25,674,585
80,2024-10-27,160,966
81,2024-11-22,975,455
82,2025-02-28,909,14
83,2024-12-11,927,991
84,2025-01-06,686,90
85,2024-06-11,10,799
86,2025-04-16,84,166
87,2024-06-06,782,188
88,2025-04-30,560,736
89,2025-02-04,443,791
90,2025-04-17,754,988
91,2024-07-18,36,451
92,2024-09-15,348,621
93,2024-07-05,113,989
94,2024-06-02,250,535
95,2025-03-23,525,216
96,2024-10-13,717,903
97,2025-03-12,274,582
98,2025-01-22,208,873
99,2024-10-16,893,757
100,2025-03-22,771,686
101,2024-10-10,760,305
102,2024-08-03,866,240
103,2024-05-05,391,818
104,2025-03-11,764,59
105,2024-11-30,466,627
106,2025-03-21,925,910
107,2024-05-23,701,542
108,2025-04-13,651,340
109,2024-12-24,249,703
110,2024-08-23,555,578
111,2024-10-11,157,861
112,2024-11-24,561,735
113,2024-10-09,669,819
114,2025-02-07,526,833
115,2024-06-01,902,475
116,2025-02-19,242,9
117,2024-06-07,38,50
118,2024-05-29,865,114
119,2025-02-11,400,464
120,2024-06-21,345,751
121,2024-11-22,492,183
122,2024-11-25,387,570
123,2025-04-06,78,167
124,2024-05-13,705,434
125,2024-08-25,956,725
126,2025-01-20,419,212
127,2025-01-19,481,34
128,2024-12-09,961,907
129,2025-02-24,79,478
130,2024-11-03,794,674
131,2025-01-13,87,445
132,2025-01-29,199,471
133,2024-11-26,818,996
134,2024-06-02,108,344
135,2025-04-12,197,41
136,2024-07-12,503,744
137,2024-12-27,816,458
138,2025-04-01,395,245
139,2025-03-25,76,137
140,2024-04-30,945,633
141,2025-03-09,436,3
142,2024-07-30,784,626
143,2024-12-30,622,474
144,2024-10-08,984,444
145,2024-09-03,71,311
146,2025-03-15,396,428
147,2024-11-25,601,390
148,2025-01-18,285,308
149,2024-12-23,383,280
150,2024-12-06,502,459
151,2025-03-01,614,613
152,2024-11-01,82,98
153,2025-04-23,73,397
154,2024-06-26,689,728
155,2024-12-31,646,638
156,2025-02-17,528,979
157,2024-05-08,758,353
158,2024-08-07,258,625
159,2024-05-14,454,675
160,2024-06-11,290,818
161,2024-12-09,944,764
162,2024-08-01,410,624
163,2024-07-11,281,615
164,2024-12-23,982,817
165,2025-03-25,761,370
166,2024-05-31,353,107
167,2025-01-30,194,146
168,2025-03-02,64,359
169,2024-10-24,357,346
170,2024-05-16,945,782
171,2025-02-16,629,918
172,2025-03-19,328,142
173,2024-06-06,159,544
174,2024-12-04,275,478
175,2024-06-02,362,486
176,2024-12-31,443,613
177,2024-09-18,901,5
178,2024-05-10,19,680
179,2024-09-18,351,606
180,2024-08-02,437,527
181,2025-01-14,995,791
182,2024-06-05,252,842
183,2024-12-04,406,965
184,2024-08-23,299,927
185,2024-06-23,804,645
186,2025-04-22,772,635
187,2024-05-06,87,22
188,2024-07-20,737,163
189,2025-01-20,169,952
190,2025-02-03,884,220
191,2024-04-30,435,785
192,2025-01-20,802,989
193,2025-02-16,425,577
194,2024-07-24,568,50
195,2025-02-16,566,769
196,2024-06-06,891,465
197,2025-02-17,402,710
198,2024-07-15,16,105
199,2024-08-02,593,368
200,2024-12-23,798,720
201,2024-07-23,230,108
202,2024-07-06,591,391
203,2025-03-11,739,682
204,2024-11-15,592,680
205,2024-12-15,399,143
206,2024-05-22,182,83
207,2025-03-28,839,727
208,2024-06-17,461,355
209,2024-12-28,531,564
210,2024-10-10,910,944
211,2025-04-01,975,982
212,2025-02-25,959,260
213,2025-02-27,363,100
214,2024-11-20,300,367
215,2024-12-04,393,130
216,2024-08-30,259,17
217,2024-08-06,312,925
218,2025-03-27,208,121
219,2025-01-15,968,802
220,2025-03-13,370,376
221,2024-05-06,208,510
222,2025-04-15,360,222
223,2024-06-05,742,328
224,2024-08-24,195,795
225,2024-12-27,238,859
226,2024-07-19,580,835
227,2024-09-24,870,965
228,2025-03-24,458,686
229,2025-03-07,961,304
230,2024-12-29,251,819
231,2024-10-12,33,163
232,2025-01-25,241,879
233,2024-06-08,789,361
234,2024-07-10,194,988
235,2024-07-02,332,94
236,2024-09-06,922,578
237,2025-01-18,889,75
238,2024-05-17,510,566
239,2024-06-28,107,108
240,2025-04-26,598,410
241,2024-06-12,867,396
242,2024-12-17,860,61
243,2024-12-28,300,746
244,2024-06-10,337,565
245,2024-11-26,148,80
246,2024-09-14,81,891
247,2024-12-23,679,433
248,2025-04-30,261,359
249,2025-02-05,222,312
250,2024-06-01,524,538
251,2025-03-14,237,606
252,2024-09-12,732,107
253,2024-05-12,555,398
254,2024-11-30,504,817
255,2024-12-08,442,450
256,2024-11-26,232,2
257,2024-10-22,432,272
258,2025-03-06,320,870
259,2025-03-21,236,866
260,2024-12-18,706,686
261,2025-04-05,232,916
262,2025-04-04,824,396
263,2024-12-08,399,934
264,2024-06-11,911,398
265,2025-01-05,824,946
266,2025-01-25,607,415
267,2025-04-04,683,99
268,2024-11-03,176,323
269,2025-02-22,841,809
270,2025-04-22,986,262
271,2024-06-01,635,645
272,2024-08-23,197,180
273,2024-05-12,29,83
274,2025-03-03,404,860
275,2025-01-31,193,942
276,2025-03-26,248,539
277,2024-10-27,898,785
278,2024-08-15,967,585
279,2024-12-06,965,926
280,2024-11-09,445,491
281,2024-09-30,504,535
282,2024-11-02,442,630
283,2024-08-16,159,760
284,2024-05-13,236,329
285,2024-07-01,247,999
286,2025-02-16,242,862
287,2024-10-06,637,476
288,2024-11-09,188,847
289,2024-08-22,532,155
290,2024-11-11,405,351
291,2025-03-05,395,709
292,2025-04-08,899,70
293,2025-01-06,143,656
294,2024-10-12,531,943
295,2024-11-29,142,518
296,2024-10-01,562,143
297,2024-12-23,526,496
298,2024-05-23,492,322
299,2024-08-08,188,827
300,2025-03-09,485,191
301,2024-10-16,696,192
302,2024-07-26,920,959
303,2024-05-20,546,259
304,2025-01-13,783,361
305,2025-02-27,247,802
306,2025-02-09,552,588
307,2024-08-05,223,360
308,2024-09-12,883,299
309,2025-02-10,722,352
310,2024-12-22,91,116
311,2024-10-29,756,183
312,2024-10-08,520,56
313,2025-04-22,655,884
314,2024-09-07,401,485
315,2024-05-06,723,826
316,2025-01-15,882,928
317,2025-04-30,91,487
318,2025-03-25,585,16
319,2025-03-24,88,141
320,2025-02-16,545,829
321,2025-03-16,401,552
322,2024-12-22,766,465
323,2025-02-08,944,788
324,2025-03-20,279,52
325,2024-07-08,472,890
326,2024-05-17,778,753
327,2025-04-29,79,64
328,2024-05-31,579,562
329,2024-08-14,613,933
330,2024-06-09,83,638
331,2025-04-03,428,402
332,2024-05-17,220,243
333,2025-04-17,282,968
334,2024-11-29,695,576
335,2025-04-16,731,148
336,2024-08-13,13,240
337,2024-12-07,330,228
338,2025-03-20,393,994
339,2025-04-14,207,686
340,2024-05-29,643,452
341,2025-03-04,726,340
342,2024-11-15,967,612
343,2024-07-20,796,367
344,2024-12-25,109,897
345,2024-08-11,418,444
346,2024-10-06,651,230
347,2024-09-24,983,455
348,2024-05-10,584,463
349,2024-07-14,711,153
350,2024-12-19,65,172
351,2024-07-17,635,427
352,2024-09-13,104,841
353,2025-03-01,710,848
354,2024-11-01,338,643
355,2025-04-17,237,968
356,2025-01-20,8,701
357,2025-03-21,429,711
358,2024-09-25,65,356
359,2024-09-02,32,433
360,2024-12-31,919,381
361,2024-07-06,256,274
362,2024-05-27,171,578
363,2025-01-05,668,938
364,2024-05-26,257,24
365,2025-04-16,688,285
366,2024-06-08,949,412
367,2024-06-26,479,329
368,2024-10-22,190,105
369,2024-11-21,593,971
370,2025-03-27,35,965
371,2024-12-04,1000,681
372,2024-11-09,154,400
373,2025-02-06,587,394
374,2024-11-29,765,971
375,2024-11-02,604,899
376,2024-05-23,741,432
377,2025-04-01,857,506
378,2024-06-22,847,115
379,2024-07-20,729,368
380,2025-01-07,930,759
381,2024-09-12,412,581
382,2024-04-30,226,142
383,2024-10-26,445,849
384,2024-05-29,945,246
385,2024-10-24,781,618
386,2025-03-27,714,64
387,2024-12-10,83,475
388,2025-01-29,587,276
389,2025-03-02,228,278
390,2025-02-12,529,186
391,2025-01-23,367,913
392,2024-08-30,713,79
393,2024-11-08,244,598
394,2024-09-05,247,940
395,2025-03-27,297,581
396,2025-03-09,913,787
397,2025-04-08,183,158
398,2025-01-10,201,270
399,2025-02-06,50,508
400,2024-07-19,319,432
401,2024-06-15,1000,454
402,2024-12-06,165,188
403,2025-03-31,321,736
404,2024-10-16,690,237
405,2024-09-22,835,379
406,2025-02-14,591,555
407,2024-05-02,630,127
408,2024-12-11,945,888
409,2024-07-17,140,519
410,2024-10-18,173,447
411,2025-01-20,995,567
412,2024-08-05,928,993
413,2024-07-01,778,214
414,2024-05-31,187,273
415,2024-07-21,645,629
416,2024-09-30,268,609
417,2024-07-01,77,894
418,2025-02-09,949,753
419,2024-10-05,154,821
420,2024-08-05,168,5
421,2024-09-25,12,194
422,2024-09-21,57,431
423,2024-05-12,484,296
424,2024-11-14,679,441
425,2024-08-07,457,516
426,2024-10-24,302,688
427,2024-11-28,251,941
428,2024-12-10,696,272
429,2024-08-01,100,937
430,2025-03-27,645,325
431,2024-11-30,255,893
432,2025-04-03,309,684
433,2024-10-23,222,965
434,2025-01-23,80,808
435,2024-08-08,762,11
436,2025-01-10,138,415
437,2025-04-02,765,486
438,2024-11-22,401,770
439,2024-08-09,812,602
440,2024-09-05,964,454
441,2025-03-29,395,629
442,2024-12-02,457,199
443,2024-08-18,730,834
444,2025-01-11,5,681
445,2024-09-18,298,533
446,2024-10-27,265,168
447,2025-02-19,875,341
448,2025-03-08,667,537
449,2024-08-24,467,183
450,2024-12-20,574,423
451,2024-05-07,975,600
452,2024-10-09,467,846
453,2024-12-01,943,514
454,2025-03-18,780,952
455,2025-02-04,357,100
456,2024-08-27,710,688
457,2025-04-20,155,870
458,2024-06-20,915,885
459,2024-06-12,88,663
460,2024-05-11,51,450
461,2025-03-20,917,109
462,2024-09-11,393,784
463,2025-01-18,907,547
464,2025-03-03,26,406
465,2024-12-14,636,288
466,2024-05-06,69,339
467,2024-11-08,495,831
468,2025-04-28,184,126
469,2024-11-02,713,109
470,2024-12-27,854,458
471,2025-02-26,163,518
472,2025-02-21,979,550
473,2025-04-07,805,990
474,2025-01-03,762,701
475,2024-11-03,264,298
476,2024-09-01,371,260
477,2024-10-25,114,733
478,2025-04-22,417,886
479,2024-08-02,470,796
480,2025-03-04,820,4
481,2024-12-11,224,615
482,2024-11-18,426,775
483,2025-04-30,164,204
484,2024-09-28,947,561
485,2025-01-24,478,895
486,2024-10-11,482,685
487,2024-11-23,628,403
488,2025-04-16,373,966
489,2024-06-02,386,756
490,2024-05-11,547,359
491,2024-11-08,621,527
492,2024-07-01,905,564
493,2024-12-28,597,163
494,2025-04-12,472,740
495,2024-12-16,416,695
496,2025-01-18,969,230
497,2025-04-27,507,317
498,2024-11-16,615,438
499,2025-03-24,713,797
500,2024-09-04,559,137
501,2024-09-17,340,205
502,2024-08-02,882,896
503,2024-07-24,293,150
504,2024-07-22,417,601
505,2025-04-13,989,973
506,2024-11-28,165,890
507,2024-04-30,787,216
508,2025-01-11,901,378
509,2025-04-06,443,153
510,2025-04-10,380,889
511,2024-10-31,752,167
512,2025-02-28,383,103
513,2024-09-15,434,967
514,2024-10-03,112,291
515,2024-04-30,552,271
516,2024-05-01,934,382
517,2024-07-23,325,213
518,2025-04-26,523,335
519,2024-08-26,549,656
520,2024-12-29,975,770
521,2024-07-06,802,808
522,2024-07-17,965,615
523,2024-10-15,970,95
524,2024-05-08,365,958
525,2025-01-21,802,171
526,2025-01-13,41,664
527,2024-12-04,672,474
528,2025-01-18,440,392
529,2024-05-11,836,206
530,2025-02-03,991,883
531,2024-12-13,729,868
532,2025-01-14,575,21
533,2025-04-21,676,442
534,2025-04-16,736,363
535,2024-07-02,459,574
536,2025-03-19,559,628
537,2024-11-06,95,455
538,2024-09-17,858,741
539,2024-08-21,510,796
540,2024-08-05,690,961
541,2024-06-19,116,293
542,2025-01-04,613,321
543,2025-01-02,540,538
544,2025-03-09,597,689
545,2024-08-10,491,609
546,2025-01-27,828,544
547,2024-09-30,144,14
548,2025-03-29,15,497
549,2024-08-21,416,82
550,2024-12-31,17,579
551,2024-06-24,444,294
552,2025-01-12,59,834
553,2024-06-11,860,316
554,2025-01-11,143,849
555,2024-05-22,280,802
556,2024-07-23,572,537
557,2024-08-25,850,656
558,2024-12-06,855,5
559,2025-01-10,357,499
560,2024-07-11,185,953
561,2025-03-11,904,89
562,2025-02-12,970,977
563,2024-05-16,378,698
564,2024-07-04,199,242
565,2024-11-10,568,990
566,2024-05-27,300,962
567,2025-04-23,537,486
568,2024-12-03,157,365
569,2025-03-29,515,901
570,2024-06-27,655,738
571,2024-07-15,142,775
572,2024-08-01,789,337
573,2024-10-25,828,1000
574,2024-05-06,10,305
575,2025-04-18,514,208
576,2024-10-30,44,158
577,2025-03-10,664,23
578,2024-09-17,827,737
579,2024-12-28,6,776
580,2025-04-07,438,520
581,2024-07-25,758,530
582,2025-01-27,390,616
583,2025-02-10,52,581
584,2024-05-30,829,509
585,2025-04-14,687,294
586,2024-10-14,517,712
587,2024-10-26,546,837
588,2025-01-22,696,330
589,2024-08-01,70,582
590,2024-11-17,333,357
591,2024-06-30,743,13
592,2024-05-04,259,968
593,2025-02-28,524,917
594,2025-02-02,240,704
595,2024-11-12,954,226
596,2024-06-06,307,12
597,2024-06-20,819,326
598,2024-05-09,39,548
599,2025-04-30,944,693
600,2024-12-03,576,559
601,2024-10-12,829,41
602,2025-04-13,694,244
603,2024-07-03,953,346
604,2025-04-14,104,466
605,2024-09-15,48,360
606,2025-02-03,973,40
607,2024-05-24,480,92
608,2024-10-21,782,92
609,2024-09-23,956,49
610,2025-03-08,4,704
611,2024-10-09,140,512
612,2024-09-23,378,79
613,2025-01-24,767,39
614,2024-07-03,555,763
615,2024-08-15,323,123
616,2024-09-04,847,959
617,2024-08-21,639,3
618,2024-09-24,467,948
619,2024-10-29,195,675
620,2024-08-02,953,293
621,2025-03-26,193,618
622,2025-02-19,586,100
623,2025-04-06,145,212
624,2025-04-12,681,69
625,2024-07-22,105,372
626,2024-07-18,595,753
627,2025-04-17,608,791
628,2025-01-26,176,990
629,2024-07-18,351,343
630,2024-08-14,734,113
631,2024-05-20,628,395
632,2024-05-24,467,843
633,2025-03-26,699,967
634,2024-08-08,28,719
635,2024-06-30,445,283
636,2025-01-16,866,358
637,2025-01-23,748,999
638,2024-09-06,760,907
639,2025-03-19,846,503
640,2024-06-04,570,499
641,2024-07-01,625,7
642,2025-03-13,235,821
643,2025-02-22,207,930
644,2024-08-24,778,416
645,2025-01-10,713,328
646,2025-01-13,948,656
647,2025-02-18,243,349
648,2025-02-21,586,210
649,2024-09-10,252,478
650,2024-05-21,68,216
651,2024-06-20,614,481
652,2024-11-28,531,601
653,2024-06-06,118,320
654,2024-08-10,803,871
655,2025-01-04,287,727
656,2024-08-18,595,564
657,2024-06-13,330,358
658,2025-03-25,609,925
659,2025-02-13,615,292
660,2024-12-12,247,851
661,2024-08-23,30,538
662,2025-02-19,665,530
663,2024-10-14,936,592
664,2025-02-11,815,674
665,2024-06-30,246,78
666,2025-02-15,47,243
667,2024-08-18,952,284
668,2025-04-18,450,908
669,2024-10-12,276,898
670,2025-03-16,820,857
671,2025-03-14,554,705
672,2025-02-25,603,862
673,2024-06-22,504,838
674,2025-01-07,152,613
675,2024-07-25,689,742
676,2024-11-21,876,610
677,2025-01-26,617,137
678,2025-02-28,721,797
679,2024-11-13,712,571
680,2024-09-06,522,99
681,2024-07-13,880,92
682,2024-12-26,297,617
683,2024-07-27,558,329
684,2024-06-13,613,26
685,2024-10-17,205,738
686,2025-02-05,990,286
687,2024-11-09,781,101
688,2025-02-17,721,702
689,2024-09-02,216,805
690,2024-08-08,920,369
691,2024-07-16,18,481
692,2025-01-30,488,687
693,2024-08-14,834,772
694,2024-07-24,194,956
695,2024-12-16,127,818
696,2025-02-13,204,768
697,2024-10-13,591,725
698,2024-05-08,619,224
699,2025-03-12,957,8
700,2025-04-17,446,271
701,2024-11-14,691,512
702,2024-09-22,691,231
703,2025-02-18,538,795
704,2024-09-14,900,95
705,2024-05-24,941,469
706,2025-04-13,854,51
707,2024-12-08,213,457
708,2025-04-20,721,45
709,2024-12-26,577,131
710,2024-10-05,467,649
711,2024-07-22,26,763
712,2025-04-23,594,144
713,2024-06-17,609,638
714,2024-05-06,531,706
715,2025-01-15,938,577
716,2025-02-05,287,190
717,2025-03-31,890,743
718,2025-01-26,879,606
719,2024-07-25,647,977
720,2024-12-09,714,55
721,2025-02-28,838,496
722,2024-10-24,224,38
723,2024-12-02,776,920
724,2024-12-09,741,342
725,2024-05-04,174,125
726,2025-02-08,662,117
727,2025-04-15,276,879
728,2025-01-02,101,157
729,2024-11-10,44,186
730,2024-07-19,788,597
731,2024-08-26,442,887
732,2024-10-10,718,247
733,2024-11-07,702,309
734,2024-07-19,312,601
735,2024-05-17,451,846
736,2024-08-19,693,743
737,2024-10-22,801,620
738,2024-06-09,983,939
739,2025-02-20,478,364
740,2024-11-02,638,869
741,2025-04-08,772,715
742,2024-07-01,414,593
743,2025-04-13,185,487
744,2024-09-20,731,808
745,2025-04-22,241,774
746,2025-04-08,12,337
747,2024-05-14,275,81
748,2024-11-10,426,45
749,2024-09-04,57,961
750,2025-01-03,111,844
751,2025-04-02,913,639
752,2024-08-18,125,219
753,2024-09-18,731,550
754,2024-05-19,901,533
755,2025-04-07,220,889
756,2025-02-27,773,880
757,2024-12-17,870,688
758,2024-11-19,280,279
759,2024-08-07,600,924
760,2024-08-26,662,269
761,2024-12-17,792,593
762,2024-10-08,339,938
763,2024-07-15,841,735
764,2025-02-13,837,974
765,2025-01-22,300,394
766,2024-08-19,871,929
767,2024-06-08,930,46
768,2025-03-29,863,239
769,2024-11-13,667,514
770,2025-03-04,35,200
771,2024-06-08,604,307
772,2025-04-28,319,42
773,2024-10-02,492,926
774,2024-06-15,202,291
775,2024-05-18,351,39
776,2024-09-09,198,982
777,2024-11-25,173,518
778,2024-07-18,76,571
779,2024-06-29,831,787
780,2024-07-04,662,171
781,2025-03-23,296,119
782,2025-04-28,728,688
783,2024-07-27,850,629
784,2024-06-20,630,635
785,2024-06-16,403,532
786,2025-02-26,981,602
787,2025-02-03,115,18
788,2024-11-17,345,746
789,2024-06-09,759,821
790,2025-01-24,16,862
791,2025-02-22,913,762
792,2024-09-24,527,536
793,2024-08-11,317,265
794,2025-03-26,677,680
795,2025-02-21,733,834
796,2025-01-15,400,717
797,2024-05-18,828,1
798,2024-10-14,935,104
799,2025-02-09,108,219
800,2025-01-27,925,393
801,2025-01-26,476,201
802,2024-10-08,889,392
803,2024-07-27,978,833
804,2025-03-21,46,705
805,2024-05-07,302,589
806,2024-06-16,767,256
807,2024-11-17,333,907
808,2025-03-11,964,740
809,2024-09-17,546,701
810,2024-05-18,868,903
811,2024-09-11,402,311
812,2024-11-05,771,636
813,2025-02-05,485,321
814,2025-04-08,287,338
815,2024-10-04,884,229
816,2024-08-01,711,332
817,2024-05-15,478,499
818,2024-12-13,695,575
819,2024-06-24,236,495
820,2025-01-28,32,783
821,2025-01-15,474,253
822,2024-07-20,195,556
823,2024-05-10,289,448
824,2024-10-02,195,784
825,2025-02-08,587,485
826,2024-12-01,300,415
827,2025-04-17,566,312
828,2024-07-09,384,976
829,2025-03-03,758,484
830,2024-10-02,128,364
831,2024-07-29,781,343
832,2024-12-24,768,318
833,2024-11-12,746,416
834,2024-10-08,856,940
835,2024-11-27,293,502
836,2024-07-17,457,71
837,2024-12-17,924,288
838,2024-10-13,575,799
839,2024-06-18,55,934
840,2025-02-17,181,694
841,2024-07-26,524,727
842,2024-11-24,915,466
843,2024-10-09,77,436
844,2024-06-21,798,357
845,2024-12-21,528,978
846,2025-01-09,965,387
847,2024-10-16,215,940
848,2024-12-19,749,411
849,2024-05-30,628,893
850,2024-08-27,272,962
851,2024-09-14,530,679
852,2024-10-14,757,63
853,2024-06-14,291,668
854,2025-01-16,28,363
855,2024-10-15,265,830
856,2024-11-24,434,851
857,2024-06-24,363,238
858,2024-09-12,334,257
859,2024-08-03,452,408
860,2024-05-17,261,823
861,2024-09-08,431,58
862,2025-02-16,327,559
863,2024-06-12,721,337
864,2024-06-26,706,1000
865,2025-03-14,597,392
866,2025-01-22,532,608
867,2024-10-07,200,994
868,2025-01-19,17,316
869,2024-07-18,479,141
870,2024-09-03,380,546
871,2024-05-29,2,299
872,2024-06-16,834,79
873,2025-02-10,610,14
874,2024-12-25,81,361
875,2025-01-13,791,219
876,2024-09-23,735,118
877,2024-12-07,284,493
878,2024-10-28,503,203
879,2024-09-29,607,400
880,2024-05-01,522,713
881,2024-09-04,608,895
882,2024-11-12,986,8
883,2025-01-02,610,722
884,2025-03-07,296,718
885,2024-10-28,382,208
886,2025-01-28,434,492
887,2025-02-02,60,364
888,2024-09-21,272,914
889,2024-09-26,552,938
890,2024-11-14,253,895
891,2024-11-05,953,773
892,2024-05-11,362,267
893,2025-03-13,179,98
894,2025-02-03,493,952
895,2025-02-22,884,121
896,2024-06-03,858,875
897,2024-12-19,342,636
898,2024-07-31,342,701
899,2024-05-30,268,522
900,2025-03-03,767,541
901,2024-12-30,917,610
902,2024-08-22,37,383
903,2024-11-16,790,107
904,2024-11-05,647,44
905,2025-03-05,806,392
906,2024-10-21,642,793
907,2024-10-18,379,87
908,2024-07-14,550,796
909,2025-03-25,743,909
910,2024-12-17,545,206
911,2024-06-04,632,7
912,2024-09-11,593,377
913,2024-06-08,231,582
914,2025-01-05,49,871
915,2025-04-18,392,223
916,2025-02-04,202,384
917,2025-03-22,53,128
918,2025-02-16,922,262
919,2024-06-10,930,267
920,2024-11-22,131,601
921,2025-02-04,366,690
922,2024-10-03,520,862
923,2025-04-30,381,302
924,2024-07-05,920,274
925,2025-03-24,900,718
926,2025-02-07,810,270
927,2024-07-10,457,217
928,2024-08-15,661,9
929,2024-05-21,648,938
930,2024-08-08,620,623
931,2025-03-02,520,772
932,2024-06-16,73,311
933,2024-07-13,477,964
934,2024-10-12,215,170
935,2025-01-06,769,677
936,2025-01-18,841,680
937,2025-02-21,887,236
938,2024-10-21,560,111
939,2024-10-12,432,299
940,2024-09-24,28,859
941,2024-11-02,671,869
942,2024-08-05,635,745
943,2025-04-02,947,152
944,2025-01-30,670,411
945,2025-01-15,824,445
946,2024-06-10,756,736
947,2024-07-08,102,420
948,2025-02-19,517,346
949,2024-11-22,784,165
950,2025-02-19,867,679
951,2024-06-08,378,420
952,2024-09-19,147,461
953,2025-04-03,620,948
954,2025-03-30,400,613
955,2025-02-25,780,291
956,2025-04-23,246,700
957,2024-12-27,541,942
958,2024-11-25,706,388
959,2024-12-25,647,69
960,2025-02-18,226,831
961,2024-11-14,899,277
962,2024-12-03,70,867
963,2025-04-11,371,679
964,2025-03-05,223,764
965,2024-10-24,212,823
966,2024-11-30,172,600
967,2025-01-23,536,139
968,2024-06-17,339,941
969,2024-11-15,450,916
970,2024-09-19,29,712
971,2024-11-05,732,261
972,2024-07-08,501,879
973,2024-05-25,101,209
974,2025-04-04,225,702
975,2024-10-19,50,392
976,2024-12-18,470,29
977,2024-07-16,425,380
978,2024-06-20,993,98
979,2024-05-02,941,766
980,2024-08-07,77,807
981,2024-11-26,14,781
982,2024-05-02,110,1000
983,2024-11-02,672,753
984,2024-08-08,139,590
985,2024-08-21,171,137
986,2025-04-07,76,989
987,2024-05-17,479,583
988,2024-12-23,161,203
989,2025-01-10,360,438
990,2024-05-31,809,720
991,2024-07-16,638,841
992,2024-06-24,102,790
993,2024-09-14,898,509
994,2025-02-28,98,735
995,2024-10-31,220,756
996,2024-08-03,300,506
997,2024-06-03,981,401
998,2025-02-28,798,338
999,2024-11-26,380,81
1000,2025-02-18,623,982
1001,2024-10-20,451,520
1002,2024-06-12,615,803
1003,2024-11-08,269,467
1004,2024-10-28,10,684
1005,2024-06-21,57,827
1006,2024-11-03,578,156
1007,2024-09-25,258,943
1008,2024-11-29,864,862
1009,2025-03-24,410,417
1010,2024-07-21,88,604
1011,2025-04-27,335,569
1012,2024-06-14,364,67
1013,2024-09-28,925,496
1014,2024-08-04,584,1000
1015,2024-08-23,957,434
1016,2025-03-01,113,257
1017,2025-04-10,849,202
1018,2024-06-02,998,218
1019,2025-02-27,290,695
1020,2024-11-10,647,623
1021,2024-05-10,491,975
1022,2024-09-22,842,155
1023,2024-07-10,440,715
1024,2025-01-30,507,284
1025,2025-02-12,205,33
1026,2025-03-07,541,304
1027,2024-07-08,281,797
1028,2024-06-10,783,439
1029,2024-11-19,843,996
1030,2024-06-23,745,968
1031,2025-03-18,712,755
1032,2025-01-15,971,121
1033,2025-01-14,363,968
1034,2024-05-10,178,406
1035,2024-10-24,47,893
1036,2024-08-25,166,947
1037,2024-12-08,255,415
1038,2024-11-13,578,180
1039,2024-08-16,550,333
1040,2024-07-18,611,983
1041,2025-04-18,564,905
1042,2025-04-26,970,200
1043,2024-06-01,386,862
1044,2024-12-02,189,533
1045,2024-07-07,450,916
1046,2025-03-08,702,355
1047,2024-11-28,30,750
1048,2024-09-16,63,354
1049,2024-10-26,486,522
1050,2024-12-31,632,340
1051,2024-06-12,249,623
1052,2024-12-17,881,887
1053,2025-01-05,877,546
1054,2025-01-30,555,97
1055,2025-04-29,962,874
1056,2024-08-13,684,657
1057,2025-02-06,117,13
1058,2025-02-12,350,326
1059,2024-06-02,43,346
1060,2024-11-29,85,413
1061,2024-07-11,126,216
1062,2025-03-27,18,759
1063,2024-10-21,20,138
1064,2024-09-12,933,410
1065,2024-05-16,207,931
1066,2025-03-25,114,493
1067,2024-07-01,703,809
1068,2025-01-22,280,289
1069,2024-08-22,233,998
1070,2024-12-09,747,469
1071,2024-12-20,187,104
1072,2025-03-01,775,247
1073,2024-07-09,482,772
1074,2024-11-26,962,690
1075,2024-10-05,750,290
1076,2025-01-10,172,507
1077,2024-06-01,619,114
1078,2024-05-21,217,961
1079,2024-08-10,878,828
1080,2024-06-01,510,932
1081,2025-02-28,765,649
1082,2024-07-22,920,501
1083,2024-10-21,372,971
1084,2024-12-19,263,351
1085,2024-07-23,287,984
1086,2024-05-20,749,537
1087,2024-06-22,54,779
1088,2025-02-09,276,884
1089,2024-06-10,17,304
1090,2024-12-24,478,763
1091,2025-03-16,375,447
1092,2024-07-31,228,211
1093,2025-03-24,493,251
1094,2024-06-10,520,429
1095,2024-12-31,45,247
1096,2025-01-31,971,771
1097,2024-12-16,915,895
1098,2024-05-27,779,603
1099,2024-12-31,708,783
1100,2025-03-03,797,812
1101,2025-04-06,310,411
1102,2024-11-03,322,341
1103,2025-03-17,465,38
1104,2024-09-19,318,260
1105,2025-01-23,743,555
1106,2025-03-24,922,624
1107,2025-04-13,458,835
1108,2024-05-13,279,486
1109,2024-09-09,96,389
1110,2024-07-07,923,332
1111,2024-07-24,593,543
1112,2025-02-15,40,452
1113,2025-01-02,893,107
1114,2024-09-18,12,152
1115,2024-08-20,386,76
1116,2024-11-07,903,390
1117,2025-01-04,325,969
1118,2024-12-07,301,587
1119,2025-01-25,778,719
1120,2025-02-15,125,287
1121,2025-03-30,56,371
1122,2024-08-01,296,862
1123,2025-04-17,90,163
1124,2025-04-29,845,103
1125,2025-01-30,97,831
1126,2024-11-13,663,999
1127,2025-04-06,708,786
1128,2024-09-03,162,270
1129,2025-04-29,52,970
1130,2024-08-07,12,321
1131,2024-12-17,620,502
1132,2024-09-06,599,565
1133,2024-12-24,859,707
1134,2025-01-06,94,515
1135,2025-02-01,690,959
1136,2025-02-14,179,214
1137,2024-08-04,115,270
1138,2024-07-23,541,558
1139,2024-06-11,520,50
1140,2024-10-11,341,978
1141,2024-06-28,621,477
1142,2024-07-15,264,365
1143,2024-08-14,231,608
1144,2024-09-17,497,78
1145,2025-02-26,356,357
1146,2024-09-03,270,238
1147,2024-11-09,656,193
1148,2024-07-30,434,709
1149,2025-02-09,425,417
1150,2025-01-04,534,64
1151,2025-04-01,575,247
1152,2024-12-02,21,109
1153,2025-03-25,657,293
1154,2024-08-07,435,246
1155,2025-03-07,234,568
1156,2024-06-27,981,704
1157,2024-08-23,894,901
1158,2024-06-09,268,701
1159,2024-12-17,434,293
1160,2025-04-05,396,868
1161,2025-02-13,499,72
1162,2025-01-17,218,498
1163,2024-10-09,734,298
1164,2025-01-13,1,250
1165,2024-07-06,221,642
1166,2024-07-21,558,398
1167,2024-10-23,311,313
1168,2024-06-09,404,264
1169,2025-02-15,1000,709
1170,2024-07-22,620,747
1171,2024-12-22,431,418
1172,2024-09-17,269,815
1173,2024-08-08,30,427
1174,2024-07-21,870,246
1175,2025-04-15,757,82
1176,2024-05-23,265,224
1177,2024-10-09,267,200
1178,2024-06-19,384,697
1179,2025-01-29,524,182
1180,2025-03-05,393,663
1181,2024-09-03,414,324
1182,2025-04-03,331,462
1183,2024-05-09,626,886
1184,2024-12-30,12,416
1185,2024-06-05,573,54
1186,2024-05-24,569,611
1187,2024-08-05,383,974
1188,2024-05-18,977,812
1189,2025-03-15,266,809
1190,2024-10-10,20,602
1191,2024-08-29,346,651
1192,2024-06-16,332,118
1193,2024-10-08,499,209
1194,2024-05-14,618,412
1195,2024-10-30,5,298
1196,2024-08-10,249,829
1197,2024-06-18,227,759
1198,2025-04-18,880,931
1199,2024-06-27,214,351
1200,2024-12-14,397,222
1201,2024-05-08,890,836
1202,2024-11-14,298,691
1203,2024-07-06,597,469
1204,2025-03-18,535,87
1205,2024-06-23,930,128
1206,2024-07-29,305,182
1207,2025-02-10,820,767
1208,2025-01-07,586,777
1209,2025-01-01,877,668
1210,2024-06-12,753,356
1211,2024-07-11,684,137
1212,2024-05-26,471,866
1213,2024-06-01,222,169
1214,2025-03-28,284,278
1215,2024-11-09,758,447
1216,2025-04-28,717,738
1217,2025-02-28,861,802
1218,2024-08-17,658,681
1219,2024-06-16,968,112
1220,2025-02-21,613,165
1221,2024-08-17,57,419
1222,2025-04-29,652,400
1223,2024-10-18,562,182
1224,2024-08-15,27,828
1225,2025-02-11,475,534
1226,2024-10-17,716,514
1227,2024-09-21,744,133
1228,2024-12-10,525,869
1229,2025-04-19,949,634
1230,2024-09-10,632,966
1231,2024-07-28,614,927
1232,2024-12-22,557,324
1233,2025-01-03,757,447
1234,2024-09-25,169,427
1235,2024-11-17,745,707
1236,2025-02-05,500,779
1237,2024-05-30,125,888
1238,2024-11-20,168,402
1239,2024-10-31,47,639
1240,2024-09-20,165,375
1241,2024-05-07,691,975
1242,2024-06-06,408,852
1243,2024-12-01,134,946
1244,2024-05-17,334,437
1245,2025-03-11,350,58
1246,2024-09-07,26,256
1247,2025-04-03,207,138
1248,2025-02-23,445,832
1249,2024-06-07,378,726
1250,2025-03-22,183,155
1251,2024-05-22,138,219
1252,2024-10-21,367,954
1253,2024-09-11,270,527
1254,2024-06-10,428,715
1255,2024-07-15,140,965
1256,2024-05-10,662,377
1257,2024-10-08,128,806
1258,2024-06-01,43,384
1259,2024-10-15,805,486
1260,2024-07-14,386,357
1261,2024-10-30,667,324
1262,2025-02-14,227,314
1263,2025-04-12,299,869
1264,2024-06-28,358,880
1265,2025-04-12,794,357
1266,2025-04-11,803,345
1267,2025-04-20,450,505
1268,2024-07-19,74,967
1269,2024-09-06,136,676
1270,2024-11-30,489,475
1271,2024-08-15,153,5
1272,2025-02-19,972,630
1273,2024-10-05,603,410
1274,2025-01-18,728,838
1275,2024-08-28,907,724
1276,2024-10-01,555,773
1277,2024-08-30,773,605
1278,2025-01-26,876,11
1279,2024-08-05,433,423
1280,2025-02-07,260,531
1281,2024-05-04,293,878
1282,2025-01-27,616,918
1283,2024-12-12,470,444
1284,2024-08-18,667,442
1285,2025-01-09,732,289
1286,2025-02-13,158,281
1287,2025-03-23,967,310
1288,2025-01-26,470,836
1289,2024-11-21,481,800
1290,2025-01-10,21,790
1291,2024-06-14,14,439
1292,2024-07-23,656,844
1293,2025-03-20,563,239
1294,2025-02-09,254,837
1295,2024-09-18,764,755
1296,2025-01-04,984,872
1297,2024-08-16,443,845
1298,2024-09-13,551,212
1299,2025-04-12,883,729
1300,2025-01-29,217,234
1301,2024-10-21,672,394
1302,2024-09-04,932,674
1303,2024-06-25,990,287
1304,2024-06-24,294,816
1305,2024-06-21,359,677
1306,2024-07-05,379,524
1307,2024-07-05,521,964
1308,2024-05-15,869,188
1309,2024-10-31,539,299
1310,2025-02-02,865,967
1311,2024-05-16,377,768
1312,2024-06-17,645,479
1313,2024-09-01,676,157
1314,2025-04-23,151,997
1315,2024-07-18,901,577
1316,2024-08-31,449,922
1317,2024-12-06,725,662
1318,2024-06-29,454,728
1319,2024-11-21,786,793
1320,2024-08-22,926,123
1321,2024-07-23,340,507
1322,2024-12-27,168,498
1323,2024-10-20,843,175
1324,2024-08-14,163,703
1325,2024-10-10,598,241
1326,2024-07-27,597,455
1327,2025-02-10,31,769
1328,2024-10-22,954,772
1329,2024-09-18,945,487
1330,2024-12-16,352,477
1331,2024-06-04,778,156
1332,2024-12-02,772,612
1333,2025-04-21,330,864
1334,2024-09-02,949,502
1335,2025-01-17,588,381
1336,2024-09-30,523,707
1337,2024-10-08,585,562
1338,2025-01-29,76,197
1339,2025-03-30,727,710
1340,2024-05-04,826,561
1341,2024-08-26,79,624
1342,2024-06-01,906,35
1343,2024-10-15,933,781
1344,2024-10-01,562,793
1345,2025-02-19,916,361
1346,2024-06-14,792,89
1347,2024-11-22,562,457
1348,2024-10-15,247,191
1349,2024-05-31,966,417
1350,2025-03-06,288,312
1351,2024-11-25,485,794
1352,2024-08-27,777,90
1353,2024-12-07,858,729
1354,2024-06-08,632,327
1355,2024-06-05,340,319
1356,2025-03-25,215,189
1357,2024-05-27,473,357
1358,2024-08-02,961,325
1359,2025-04-02,312,650
1360,2024-11-21,419,951
1361,2024-08-26,524,303
1362,2025-03-23,719,952
1363,2024-07-17,194,449
1364,2025-02-03,798,299
1365,2024-12-19,550,480
1366,2025-02-15,401,422
1367,2024-09-08,61,469
1368,2024-08-07,904,392
1369,2025-04-16,286,752
1370,2024-10-30,427,239
1371,2024-06-06,254,932
1372,2024-12-15,328,665
1373,2025-04-12,858,615
1374,2024-08-19,784,629
1375,2024-11-10,278,703
1376,2024-08-05,380,848
1377,2024-09-06,274,151
1378,2024-12-27,598,923
1379,2024-11-20,177,464
1380,2025-04-09,294,982
1381,2024-12-04,302,662
1382,2024-11-04,679,799
1383,2024-12-18,56,59
1384,2024-11-18,538,891
1385,2025-02-18,901,457
1386,2025-01-16,696,227
1387,2024-09-18,589,442
1388,2025-02-03,464,901
1389,2025-04-12,106,488
1390,2025-02-16,705,919
1391,2024-06-20,173,222
1392,2024-05-05,301,297
1393,2024-09-30,562,513
1394,2024-12-06,476,841
1395,2025-03-04,558,190
1396,2025-04-19,635,785
1397,2024-08-15,947,820
1398,2025-03-22,563,800
1399,2025-02-15,701,454
1400,2024-06-26,131,91
1401,2025-01-26,563,85
1402,2024-09-27,766,452
1403,2024-11-20,652,797
1404,2025-04-01,392,60
1405,2024-12-08,104,32
1406,2024-12-25,164,885
1407,2025-03-09,492,580
1408,2024-06-02,147,118
1409,2025-03-24,406,74
1410,2024-05-25,745,984
1411,2024-10-12,164,151
1412,2024-05-26,557,821
1413,2024-09-07,532,391
1414,2024-11-19,121,892
1415,2025-04-02,595,562
1416,2024-07-02,4,403
1417,2024-11-08,800,708
1418,2025-04-21,613,538
1419,2024-07-30,362,806
1420,2025-03-11,697,97
1421,2024-08-17,996,437
1422,2025-02-02,52,98
1423,2024-11-03,4,147
1424,2024-06-10,706,232
1425,2024-09-10,474,606
1426,2024-09-16,260,128
1427,2024-07-07,25,994
1428,2025-02-19,972,237
1429,2024-12-14,757,723
1430,2025-03-17,638,31
1431,2025-02-28,613,502
1432,2024-08-07,941,485
1433,2024-09-01,287,991
1434,2024-08-05,602,49
1435,2024-10-13,524,328
1436,2024-10-13,570,707
1437,2025-01-11,725,269
1438,2024-09-13,340,35
1439,2024-12-01,772,209
1440,2024-08-15,657,36
1441,2024-09-26,19,950
1442,2024-05-17,175,430
1443,2025-04-30,440,363
1444,2024-08-02,993,383
1445,2024-11-04,655,420
1446,2025-04-10,420,319
1447,2025-04-20,72,600
1448,2025-01-18,886,588
1449,2025-01-12,617,520
1450,2024-11-26,979,543
1451,2024-10-30,999,122
1452,2024-10-05,982,856
1453,2025-02-17,799,1000
1454,2025-04-28,695,223
1455,2024-09-20,428,198
1456,2024-06-16,495,520
1457,2024-08-09,731,699
1458,2024-10-04,682,758
1459,2024-09-25,315,95
1460,2024-12-25,801,86
1461,2025-01-08,396,404
1462,2024-05-25,771,971
1463,2025-04-01,801,541
1464,2024-10-19,889,487
1465,2025-03-21,174,63
1466,2024-07-22,29,536
1467,2025-03-15,801,362
1468,2024-05-13,377,548
1469,2025-04-26,320,86
1470,2024-07-19,360,80
1471,2024-11-20,250,181
1472,2024-12-04,793,235
1473,2024-05-28,175,167
1474,2024-10-02,798,668
1475,2024-11-20,797,326
1476,2024-12-07,68,264
1477,2024-09-02,481,263
1478,2025-04-28,846,115
1479,2024-12-31,554,715
1480,2025-04-18,955,112
1481,2024-08-03,508,95
1482,2025-03-26,639,492
1483,2024-08-12,417,767
1484,2024-09-06,735,661
1485,2024-12-08,336,196
1486,2024-06-24,374,204
1487,2025-03-12,851,113
1488,2024-05-26,85,762
1489,2024-12-05,268,561
1490,2025-02-22,851,860
1491,2024-05-07,348,552
1492,2024-07-08,12,643
1493,2024-06-16,469,707
1494,2024-11-05,404,15
1495,2024-08-07,486,803
1496,2025-02-09,952,509
1497,2025-04-25,694,663
1498,2024-06-30,455,949
1499,2025-04-14,787,834
1500,2024-07-19,400,686
1501,2024-05-26,602,397
1502,2025-01-21,325,908
1503,2024-11-24,849,119
1504,2024-12-31,811,224
1505,2024-12-11,765,651
1506,2024-09-05,672,188
1507,2025-01-14,924,409
1508,2024-12-24,79,675
1509,2024-06-30,799,711
1510,2024-07-25,615,185
1511,2024-08-30,779,89
1512,2025-03-06,652,178
1513,2025-01-23,21,817
1514,2024-05-23,45,62
1515,2024-05-25,241,738
1516,2025-01-18,736,504
1517,2024-08-13,299,14
1518,2024-11-17,319,390
1519,2024-07-30,302,552
1520,2024-07-23,174,181
1521,2024-08-22,962,258
1522,2025-04-16,345,114
1523,2024-11-16,705,699
1524,2024-09-22,671,899
1525,2024-10-15,904,432
1526,2024-12-14,63,394
1527,2025-03-11,546,497
1528,2024-12-17,347,114
1529,2024-10-07,734,363
1530,2025-04-05,536,524
1531,2024-07-25,77,496
1532,2024-07-22,347,657
1533,2024-08-30,492,910
1534,2024-08-31,541,206
1535,2024-12-31,729,663
1536,2024-12-08,911,261
1537,2024-07-15,660,157
1538,2025-03-26,619,351
1539,2024-07-19,333,55
1540,2025-04-06,908,510
1541,2024-11-10,658,612
1542,2024-07-27,645,936
1543,2025-03-29,504,235
1544,2024-09-28,99,32
1545,2024-09-07,367,739
1546,2024-12-05,488,220
1547,2024-09-12,188,905
1548,2024-07-12,277,18
1549,2024-09-15,115,598
1550,2025-01-19,597,657
1551,2024-09-01,146,130
1552,2024-06-18,792,535
1553,2024-10-31,857,660
1554,2024-11-22,354,576
1555,2024-05-01,752,137
1556,2025-04-04,198,158
1557,2024-07-27,389,144
1558,2024-06-24,905,788
1559,2024-12-01,535,491
1560,2025-01-22,505,114
1561,2025-02-06,305,313
1562,2024-06-08,382,197
1563,2025-02-27,366,302
1564,2024-06-13,550,649
1565,2025-03-13,963,133
1566,2024-08-23,445,871
1567,2024-09-20,31,736
1568,2025-02-02,43,743
1569,2025-02-18,97,203
1570,2024-11-24,614,580
1571,2024-12-08,672,571
1572,2025-02-15,397,113
1573,2024-09-21,620,927
1574,2024-07-17,398,657
1575,2024-10-11,124,367
1576,2025-01-15,957,721
1577,2024-08-19,179,141
1578,2024-10-26,672,96
1579,2024-08-18,50,640
1580,2024-12-25,608,352
1581,2024-07-06,755,360
1582,2024-09-08,920,280
1583,2024-09-05,21,396
1584,2024-06-03,191,661
1585,2024-10-13,933,181
1586,2024-07-21,901,723
1587,2024-08-14,719,668
1588,2024-10-30,170,395
1589,2024-10-11,367,458
1590,2025-04-10,369,676
1591,2025-01-03,491,32
1592,2025-03-24,530,828
1593,2025-01-12,521,97
1594,2025-01-12,360,824
1595,2024-06-01,531,593
1596,2025-01-08,276,652
1597,2024-07-19,832,806
1598,2024-05-12,484,427
1599,2024-09-12,796,111
1600,2024-08-21,969,977
1601,2025-01-20,462,576
1602,2025-01-28,153,175
1603,2025-04-28,462,267
1604,2024-06-22,115,365
1605,2025-03-10,883,883
1606,2024-09-06,369,775
1607,2025-02-21,100,749
1608,2025-03-01,41,616
1609,2024-06-14,905,787
1610,2025-01-20,67,430
1611,2024-11-13,269,879
1612,2024-11-15,362,548
1613,2024-07-30,294,16
1614,2024-07-26,382,287
1615,2025-01-05,988,442
1616,2025-02-08,570,814
1617,2025-02-04,861,621
1618,2024-08-22,976,95
1619,2025-01-26,127,892
1620,2024-08-12,432,701
1621,2024-05-14,678,764
1622,2024-05-06,743,280
1623,2024-06-11,794,355
1624,2025-04-22,348,442
1625,2024-12-08,820,146
1626,2025-03-22,1,899
1627,2024-10-12,27,770
1628,2024-12-26,203,212
1629,2024-08-14,315,179
1630,2024-05-30,305,92
1631,2024-09-21,48,118
1632,2024-10-13,131,625
1633,2024-06-12,570,514
1634,2025-02-26,985,946
1635,2024-07-09,483,456
1636,2024-11-24,565,362
1637,2025-02-01,688,64
1638,2024-11-07,383,806
1639,2025-02-27,453,991
1640,2025-04-28,979,108
1641,2025-04-03,772,392
1642,2024-09-04,869,448
1643,2025-03-18,29,951
1644,2024-07-17,848,234
1645,2024-12-03,515,134
1646,2024-05-17,519,1
1647,2024-06-07,325,358
1648,2025-04-10,277,686
1649,2024-05-23,686,618
1650,2025-01-15,765,928
1651,2024-11-20,709,651
1652,2025-02-28,677,216
1653,2024-11-24,449,249
1654,2024-10-19,598,234
1655,2025-04-10,668,854
1656,2024-05-30,726,675
1657,2025-01-23,859,279
1658,2024-09-05,875,468
1659,2025-04-01,479,532
1660,2024-07-27,99,463
1661,2024-07-25,873,574
1662,2024-09-09,225,170
1663,2024-11-28,633,375
1664,2024-12-08,233,495
1665,2024-09-22,80,57
1666,2024-07-15,993,618
1667,2024-07-21,115,395
1668,2024-06-16,285,715
1669,2024-06-17,682,344
1670,2025-02-12,831,310
1671,2025-04-20,924,163
1672,2024-07-18,769,903
1673,2025-04-04,741,37
1674,2024-07-26,333,788
1675,2024-12-24,48,90
1676,2025-04-13,106,500
1677,2024-12-13,985,682
1678,2024-06-02,843,237
1679,2025-04-18,119,588
1680,2025-01-15,231,290
1681,2024-04-30,519,159
1682,2024-07-14,526,583
1683,2025-02-02,946,39
1684,2024-12-14,962,68
1685,2024-12-07,93,775
1686,2024-12-27,464,205
1687,2024-09-23,378,98
1688,2024-08-14,869,816
1689,2025-03-29,429,586
1690,2024-08-24,735,323
1691,2024-05-08,890,855
1692,2024-05-05,331,226
1693,2024-05-08,754,976
1694,2025-01-23,345,650
1695,2025-02-24,181,893
1696,2024-10-07,284,881
1697,2024-12-01,816,598
1698,2024-11-10,332,794
1699,2025-01-27,611,251
1700,2024-09-23,919,654
1701,2024-11-19,50,473
1702,2024-08-25,475,295
1703,2024-05-17,844,773
1704,2024-08-16,153,716
1705,2024-10-27,612,425
1706,2025-01-26,675,773
1707,2025-03-18,222,127
1708,2024-09-25,16,729
1709,2024-07-26,925,34
1710,2024-05-30,433,871
1711,2025-01-15,12,543
1712,2024-05-09,718,679
1713,2024-11-14,890,34
1714,2025-01-08,50,638
1715,2025-01-12,156,643
1716,2024-08-19,129,402
1717,2024-05-16,329,754
1718,2024-05-23,29,463
1719,2025-03-25,588,323
1720,2024-06-10,133,237
1721,2024-11-23,167,125
1722,2025-04-23,833,927
1723,2024-05-06,915,641
1724,2025-02-17,119,324
1725,2024-10-10,583,17
1726,2025-04-14,328,168
1727,2024-07-19,97,358
1728,2025-02-01,50,247
1729,2024-08-20,543,363
1730,2024-12-01,703,47
1731,2024-06-02,129,263
1732,2024-10-24,456,735
1733,2024-07-26,570,624
1734,2024-10-04,227,416
1735,2024-06-06,474,447
1736,2024-12-28,624,519
1737,2024-11-08,893,856
1738,2025-02-03,932,990
1739,2024-09-16,110,249
1740,2024-05-03,9,525
1741,2024-05-30,620,923
1742,2024-06-16,147,463
1743,2025-04-03,376,564
1744,2024-05-21,411,739
1745,2024-09-25,638,672
1746,2024-07-09,196,778
1747,2024-07-23,86,436
1748,2024-08-05,720,280
1749,2024-05-17,704,822
1750,2025-01-04,355,794
1751,2024-07-03,702,860
1752,2025-01-23,882,174
1753,2025-02-01,326,507
1754,2024-04-30,849,202
1755,2024-10-23,215,397
1756,2024-09-30,151,576
1757,2024-07-10,521,627
1758,2024-05-12,872,148
1759,2024-06-07,488,402
1760,2025-04-23,327,52
1761,2025-02-19,217,314
1762,2025-04-01,231,412
1763,2024-09-30,247,732
1764,2024-05-24,613,877
1765,2024-08-03,986,632
1766,2025-03-14,254,459
1767,2024-11-18,386,758
1768,2025-03-16,135,721
1769,2024-12-21,107,796
1770,2024-08-12,231,392
1771,2024-09-28,431,589
1772,2024-08-15,581,486
1773,2024-12-29,47,401
1774,2024-09-12,938,751
1775,2024-08-11,346,440
1776,2024-10-30,506,25
1777,2024-11-12,697,364
1778,2024-06-17,274,634
1779,2024-12-31,784,171
1780,2024-06-19,272,445
1781,2024-06-13,76,974
1782,2024-09-24,484,29
1783,2024-08-28,468,225
1784,2025-03-23,621,54
1785,2024-10-21,998,488
1786,2024-06-22,258,85
1787,2025-02-17,777,248
1788,2025-01-06,93,115
1789,2024-08-04,628,156
1790,2024-10-31,725,399
1791,2024-10-21,553,775
1792,2024-08-04,204,552
1793,2024-10-02,120,504
1794,2024-06-18,538,444
1795,2024-12-21,522,318
1796,2024-08-19,207,95
1797,2024-06-25,643,894
1798,2025-04-18,915,319
1799,2024-10-07,874,793
1800,2025-01-08,113,374
1801,2024-07-29,26,481
1802,2024-12-09,766,120
1803,2024-11-25,894,251
1804,2024-05-31,222,649
1805,2025-04-29,623,703
1806,2024-12-25,897,677
1807,2024-08-19,342,266
1808,2025-04-07,749,151
1809,2024-11-15,79,913
1810,2025-02-23,214,733
1811,2024-08-14,980,75
1812,2024-12-17,328,751
1813,2024-12-21,203,425
1814,2025-03-20,431,860
1815,2024-05-12,395,690
1816,2024-10-06,518,841
1817,2024-07-23,245,566
1818,2024-10-08,652,563
1819,2025-01-12,931,654
1820,2024-09-25,322,480
1821,2024-05-07,554,997
1822,2025-01-23,851,287
1823,2024-11-15,965,230
1824,2025-01-25,139,494
1825,2025-01-27,484,8
1826,2024-08-12,485,798
1827,2025-04-30,51,254
1828,2025-02-05,727,410
1829,2024-08-03,333,509
1830,2024-06-20,429,559
1831,2024-07-06,421,214
1832,2024-08-13,583,632
1833,2024-09-01,300,777
1834,2024-06-30,58,58
1835,2025-03-08,121,662
1836,2024-11-14,825,998
1837,2024-06-13,442,932
1838,2024-11-17,747,69
1839,2025-02-19,540,257
1840,2025-02-15,535,153
1841,2024-07-20,735,202
1842,2024-05-05,312,871
1843,2024-10-08,886,380
1844,2025-03-31,517,155
1845,2024-11-01,930,534
1846,2024-08-30,94,244
1847,2024-08-23,206,248
1848,2025-02-02,482,319
1849,2025-01-31,591,508
1850,2025-02-27,964,613
1851,2024-07-24,804,37
1852,2024-09-15,941,57
1853,2024-08-18,588,329
1854,2024-04-30,756,63
1855,2024-08-16,698,905
1856,2024-09-04,4,861
1857,2024-06-17,579,475
1858,2025-04-19,556,428
1859,2024-05-07,442,986
1860,2025-01-02,681,320
1861,2025-02-01,37,183
1862,2025-02-25,221,34
1863,2024-09-07,310,14
1864,2024-05-04,974,122
1865,2024-12-16,530,163
1866,2024-12-29,723,840
1867,2025-04-14,698,932
1868,2024-06-20,386,875
1869,2025-04-22,881,203
1870,2025-03-14,34,866
1871,2024-06-25,702,836
1872,2024-09-14,204,257
1873,2025-01-06,514,182
1874,2024-12-18,68,544
1875,2024-08-29,665,91
1876,2024-12-06,541,258
1877,2024-05-09,214,99
1878,2025-03-19,301,4
1879,2025-04-15,596,641
1880,2025-03-16,87,356
1881,2024-05-28,192,825
1882,2024-05-24,689,204
1883,2024-05-24,613,739
1884,2024-06-06,51,779
1885,2025-03-02,622,89
1886,2024-09-20,967,564
1887,2025-01-18,489,72
1888,2024-10-12,575,852
1889,2024-08-15,847,351
1890,2025-02-17,122,527
1891,2025-01-28,868,281
1892,2025-01-30,855,246
1893,2024-08-04,516,386
1894,2024-11-19,871,558
1895,2024-07-19,682,67
1896,2024-10-26,799,464
1897,2024-10-23,736,868
1898,2025-04-21,909,495
1899,2024-07-28,451,667
1900,2024-07-12,480,961
1901,2025-03-16,64,724
1902,2025-03-15,126,690
1903,2025-03-02,799,692
1904,2025-03-15,794,726
1905,2025-04-11,574,906
1906,2024-08-03,469,437
1907,2024-10-07,363,751
1908,2024-09-19,977,653
1909,2024-07-07,87,191
1910,2024-05-28,135,809
1911,2024-06-29,929,664
1912,2025-03-31,333,612
1913,2024-09-25,623,95
1914,2024-09-07,446,464
1915,2024-09-21,483,25
1916,2024-11-02,353,666
1917,2025-03-04,37,241
1918,2024-08-22,685,181
1919,2024-08-20,743,490
1920,2024-05-05,62,1
1921,2024-09-27,80,30
1922,2024-09-07,623,747
1923,2025-01-19,778,110
1924,2025-03-17,795,747
1925,2024-07-29,887,357
1926,2025-01-15,174,548
1927,2024-08-16,835,931
1928,2024-12-02,159,151
1929,2024-12-13,356,905
1930,2024-11-12,110,949
1931,2024-10-14,263,505
1932,2024-05-07,300,815
1933,2024-11-07,539,971
1934,2025-01-12,171,315
1935,2024-07-21,620,658
1936,2024-11-30,164,983
1937,2024-07-25,73,122
1938,2024-09-28,963,920
1939,2024-10-19,133,411
1940,2024-12-08,688,901
1941,2024-10-15,520,512
1942,2025-01-12,837,342
1943,2024-09-22,100,592
1944,2024-05-23,890,254
1945,2024-12-20,37,220
1946,2024-09-09,495,20
1947,2024-09-12,475,225
1948,2025-02-06,185,294
1949,2024-08-10,447,246
1950,2024-07-19,877,257
1951,2024-08-30,174,668
1952,2024-08-06,245,148
1953,2025-04-21,346,166
1954,2025-03-22,973,649
1955,2024-07-16,53,210
1956,2024-12-19,94,617
1957,2024-08-28,497,266
1958,2024-05-28,200,598
1959,2024-07-20,617,918
1960,2024-05-15,968,724
1961,2024-05-29,532,489
1962,2024-10-01,152,218
1963,2024-08-03,20,529
1964,2024-08-22,933,713
1965,2025-04-06,466,459
1966,2025-01-25,952,82
1967,2024-06-14,824,957
1968,2024-05-23,141,106
1969,2024-07-13,152,726
1970,2024-07-12,616,838
1971,2025-04-08,176,959
1972,2024-12-26,985,167
1973,2024-10-06,884,212
1974,2024-06-29,845,578
1975,2024-11-25,347,890
1976,2025-02-11,391,653
1977,2025-03-22,992,428
1978,2025-02-02,975,113
1979,2024-07-10,39,593
1980,2024-08-21,694,995
1981,2024-11-13,734,551
1982,2025-04-11,441,739
1983,2024-12-02,562,613
1984,2024-11-13,418,8
1985,2025-01-17,772,270
1986,2025-04-13,385,924
1987,2024-05-16,188,799
1988,2024-12-10,822,575
1989,2024-10-20,256,950
1990,2024-08-14,281,725
1991,2024-11-16,712,272
1992,2025-04-09,57,500
1993,2025-01-08,466,6
1994,2025-04-03,841,488
1995,2024-06-26,337,203
1996,2025-03-25,314,558
1997,2025-02-16,998,125
1998,2024-12-07,141,706
1999,2024-06-02,605,746
2000,2024-09-13,536,191
2001,2025-04-06,742,532
2002,2024-05-22,691,440
2003,2025-03-29,547,268
2004,2024-06-23,688,603
2005,2025-02-02,430,632
2006,2024-05-16,849,867
2007,2024-12-03,96,747
2008,2024-07-18,318,290
2009,2024-05-24,140,31
2010,2024-11-16,132,285
2011,2024-12-28,938,157
2012,2024-06-18,743,867
2013,2024-11-30,629,256
2014,2024-12-14,33,182
2015,2024-05-06,671,441
2016,2024-04-30,683,391
2017,2024-05-08,851,182
2018,2024-09-17,625,235
2019,2024-07-02,888,646
2020,2025-03-11,85,467
2021,2024-07-15,835,24
2022,2024-08-05,712,305
2023,2024-11-13,238,732
2024,2024-09-30,579,589
2025,2024-07-27,951,48
2026,2025-04-10,181,887
2027,2025-04-04,333,378
2028,2024-09-26,621,584
2029,2024-07-12,979,564
2030,2025-03-25,129,56
2031,2024-06-21,230,356
2032,2024-08-02,155,52
2033,2024-06-16,948,374
2034,2025-04-24,763,510
2035,2024-07-23,747,670
2036,2024-09-13,141,364
2037,2024-11-11,724,654
2038,2024-07-23,74,332
2039,2025-03-19,128,189
2040,2025-01-10,286,783
2041,2024-05-01,80,360
2042,2024-09-20,514,223
2043,2025-01-30,552,630
2044,2024-10-24,1000,552
2045,2025-04-27,624,896
2046,2024-09-18,483,659
2047,2024-08-29,554,650
2048,2025-01-10,741,587
2049,2024-12-01,376,621
2050,2024-07-31,129,448
2051,2025-02-18,273,284
2052,2025-02-21,624,673
2053,2024-05-15,851,747
2054,2024-09-23,359,81
2055,2024-05-23,654,14
2056,2025-01-12,861,70
2057,2025-04-26,302,922
2058,2024-11-17,947,822
2059,2024-12-05,96,460
2060,2025-04-11,607,289
2061,2024-08-21,865,775
2062,2024-08-08,768,962
2063,2024-11-26,790,575
2064,2024-12-08,929,376
2065,2025-02-11,668,772
2066,2025-04-01,301,972
2067,2025-04-16,786,887
2068,2025-01-07,666,320
2069,2024-06-25,380,888
2070,2024-11-17,756,394
2071,2024-08-31,211,711
2072,2025-04-19,256,345
2073,2024-12-05,962,215
2074,2024-05-10,169,114
2075,2024-05-05,459,179
2076,2025-04-22,635,175
2077,2025-01-30,287,899
2078,2024-10-07,155,160
2079,2024-09-28,867,452
2080,2024-09-03,108,382
2081,2024-10-28,253,627
2082,2024-05-16,397,598
2083,2025-03-07,525,217
2084,2024-09-25,852,294
2085,2024-07-11,433,93
2086,2024-12-14,619,799
2087,2024-05-21,874,520
2088,2024-11-01,182,150
2089,2025-01-13,21,974
2090,2025-03-06,800,725
2091,2024-10-15,738,46
2092,2025-04-04,395,714
2093,2024-10-23,628,458
2094,2024-07-28,172,411
2095,2025-02-03,187,430
2096,2024-06-11,547,782
2097,2024-11-29,99,490
2098,2025-01-12,775,16
2099,2024-07-28,409,848
2100,2025-03-02,588,531
2101,2024-06-04,334,811
2102,2025-03-22,581,168
2103,2025-03-29,871,815
2104,2024-12-29,406,87
2105,2024-09-18,231,571
2106,2024-10-25,953,724
2107,2025-04-19,569,472
2108,2024-05-06,415,223
2109,2025-03-24,937,753
2110,2024-05-27,539,134
2111,2024-09-06,255,313
2112,2024-08-29,421,521
2113,2025-04-25,44,852
2114,2024-07-03,371,121
2115,2024-06-10,180,684
2116,2025-02-14,128,168
2117,2025-01-03,678,18
2118,2025-02-05,382,228
2119,2025-02-18,267,722
2120,2024-10-30,842,302
2121,2024-09-23,463,224
2122,2025-01-25,424,97
2123,2024-05-08,417,525
2124,2024-12-28,757,880
2125,2024-08-25,963,272
2126,2024-05-06,221,541
2127,2024-10-09,836,899
2128,2024-07-13,917,380
2129,2024-07-30,373,322
2130,2025-04-23,561,712
2131,2024-07-23,720,112
2132,2024-08-23,921,843
2133,2024-12-29,887,910
2134,2024-08-01,2,330
2135,2024-12-14,737,928
2136,2024-06-09,836,452
2137,2025-03-25,925,114
2138,2024-07-28,943,583
2139,2024-06-12,293,83
2140,2025-03-23,185,394
2141,2024-10-02,646,127
2142,2025-04-19,883,248
2143,2024-05-06,456,101
2144,2025-03-08,162,286
2145,2024-12-12,371,105
2146,2025-03-26,852,245
2147,2024-05-21,755,925
2148,2024-10-23,122,285
2149,2024-05-31,868,82
2150,2024-06-03,539,801
2151,2025-01-19,335,376
2152,2025-04-01,816,703
2153,2024-08-11,42,997
2154,2024-07-23,772,613
2155,2025-03-19,533,332
2156,2024-05-07,393,57
2157,2025-01-26,418,206
2158,2025-03-01,99,243
2159,2024-09-28,231,905
2160,2024-07-18,1,763
2161,2024-11-24,33,788
2162,2025-01-20,754,177
2163,2025-02-04,848,452
2164,2025-03-08,990,481
2165,2024-12-22,201,718
2166,2025-02-10,631,823
2167,2025-02-22,822,869
2168,2024-06-17,722,575
2169,2024-07-22,95,635
2170,2024-10-16,638,358
2171,2024-08-31,273,592
2172,2025-02-01,384,119
2173,2024-09-29,78,235
2174,2025-02-28,496,607
2175,2024-05-08,249,932
2176,2025-03-12,579,772
2177,2024-10-20,714,578
2178,2024-05-26,628,280
2179,2024-05-29,340,868
2180,2024-07-06,664,209
2181,2025-02-15,748,531
2182,2024-09-13,257,373
2183,2025-01-07,469,164
2184,2024-10-14,504,112
2185,2025-01-16,792,769
2186,2025-04-16,113,45
2187,2024-11-30,588,240
2188,2024-10-26,495,64
2189,2024-10-28,748,646
2190,2024-06-10,684,499
2191,2024-07-26,76,998
2192,2024-08-30,152,856
2193,2024-06-20,889,558
2194,2024-05-06,826,348
2195,2025-03-02,305,927
2196,2024-12-07,568,611
2197,2024-10-14,715,702
2198,2025-01-29,490,453
2199,2024-06-02,401,124
2200,2025-01-19,622,409
2201,2024-06-25,213,836
2202,2024-08-31,485,846
2203,2025-01-14,244,986
2204,2024-11-25,53,549
2205,2024-11-07,735,453
2206,2024-08-30,565,194
2207,2024-05-24,813,828
2208,2025-03-10,300,23
2209,2024-11-28,142,65
2210,2024-10-26,378,253
2211,2025-02-05,318,958
2212,2025-01-09,629,444
2213,2024-08-20,50,785
2214,2024-08-10,403,462
2215,2024-06-10,353,368
2216,2024-11-02,622,256
2217,2024-10-07,560,224
2218,2024-07-25,463,791
2219,2024-08-13,526,576
2220,2024-10-30,629,869
2221,2024-12-25,540,424
2222,2024-08-09,771,265
2223,2024-06-15,310,624
2224,2025-04-01,490,978
2225,2025-04-29,858,49
2226,2025-03-04,970,746
2227,2025-03-15,489,748
2228,2024-05-09,592,423
2229,2024-12-23,309,179
2230,2025-01-18,430,149
2231,2025-02-06,266,397
2232,2025-02-28,387,332
2233,2025-03-16,418,952
2234,2025-02-25,407,734
2235,2024-05-09,972,671
2236,2025-04-14,364,24
2237,2025-01-11,476,335
2238,2024-08-27,403,508
2239,2024-12-26,778,472
2240,2024-10-09,588,22
2241,2025-04-27,22,565
2242,2024-12-06,797,738
2243,2024-05-14,285,82
2244,2024-09-21,846,693
2245,2024-08-28,474,430
2246,2024-09-20,562,344
2247,2025-03-12,144,603
2248,2024-12-09,513,826
2249,2025-02-23,845,84
2250,2024-09-17,793,736
2251,2024-09-27,900,953
2252,2025-03-20,321,28
2253,2024-10-17,703,338
2254,2024-09-22,718,792
2255,2025-01-25,128,150
2256,2024-08-02,212,191
2257,2024-12-27,198,796
2258,2024-06-06,951,589
2259,2024-12-28,849,862
2260,2024-10-05,493,220
2261,2025-04-03,167,657
2262,2024-05-07,950,590
2263,2024-10-14,31,219
2264,2024-08-19,688,762
2265,2024-05-08,652,9
2266,2024-12-04,782,869
2267,2024-08-20,13,399
2268,2025-04-22,708,124
2269,2025-01-06,682,414
2270,2025-02-05,400,538
2271,2025-03-28,936,913
2272,2025-01-01,263,747
2273,2024-07-28,455,137
2274,2024-08-09,519,62
2275,2025-01-16,84,444
2276,2024-09-26,572,979
2277,2025-01-03,700,592
2278,2025-02-26,968,219
2279,2024-10-26,698,9
2280,2024-06-19,425,951
2281,2024-09-10,320,783
2282,2024-05-15,52,461
2283,2024-12-03,139,170
2284,2024-10-28,772,833
2285,2024-12-13,245,215
2286,2024-11-17,425,943
2287,2024-09-07,966,4
2288,2024-05-30,214,754
2289,2025-04-26,541,303
2290,2024-10-15,777,879
2291,2025-04-25,183,362
2292,2024-07-15,348,492
2293,2024-08-12,497,609
2294,2024-10-28,779,820
2295,2025-03-31,453,177
2296,2024-12-10,193,908
2297,2025-02-05,702,316
2298,2024-08-24,531,833
2299,2025-03-06,36,471
2300,2024-12-14,560,854
2301,2024-12-15,744,631
2302,2024-06-11,125,188
2303,2025-04-07,109,920
2304,2024-06-12,209,876
2305,2024-12-17,841,37
2306,2025-04-15,663,265
2307,2024-05-06,508,559
2308,2025-04-23,778,903
2309,2024-05-02,938,545
2310,2024-12-30,526,581
2311,2025-04-09,180,898
2312,2024-10-13,363,412
2313,2025-02-15,120,853
2314,2024-10-20,234,648
2315,2024-12-02,234,276
2316,2024-07-11,157,857
2317,2024-08-01,129,516
2318,2025-01-17,295,663
2319,2024-08-04,540,725
2320,2024-10-25,686,978
2321,2024-07-13,913,995
2322,2025-04-19,648,206
2323,2024-06-20,281,550
2324,2024-07-29,117,125
2325,2024-07-04,944,754
2326,2024-06-06,521,365
2327,2024-09-08,525,636
2328,2024-11-03,438,830
2329,2024-12-13,945,577
2330,2024-12-28,977,166
2331,2024-10-09,646,174
2332,2024-05-23,939,117
2333,2024-05-24,539,411
2334,2024-05-29,931,816
2335,2025-03-09,308,888
2336,2024-06-23,275,113
2337,2024-07-26,354,263
2338,2024-11-09,359,39
2339,2024-05-19,114,108
2340,2024-11-19,766,799
2341,2025-04-30,537,373
2342,2024-07-06,484,296
2343,2024-11-16,375,699
2344,2025-01-10,421,8
2345,2024-06-23,135,238
2346,2024-11-10,524,574
2347,2025-04-30,566,263
2348,2024-08-17,895,828
2349,2025-04-02,333,44
2350,2025-03-18,764,484
2351,2025-03-01,755,320
2352,2025-02-02,844,409
2353,2025-04-28,68,170
2354,2024-05-08,649,210
2355,2025-03-28,442,139
2356,2025-04-14,626,933
2357,2024-07-24,591,830
2358,2025-03-21,832,989
2359,2025-02-08,797,974
2360,2024-08-29,53,82
2361,2024-05-26,952,851
2362,2025-02-06,828,858
2363,2024-06-13,525,200
2364,2024-08-16,429,637
2365,2025-03-05,87,272
2366,2024-07-18,285,302
2367,2024-09-16,647,568
2368,2025-03-20,290,407
2369,2024-11-19,55,152
2370,2025-04-18,499,516
2371,2024-06-27,989,556
2372,2025-03-15,821,873
2373,2024-06-10,673,403
2374,2025-04-13,534,246
2375,2024-07-14,879,530
2376,2024-07-05,225,716
2377,2025-04-20,405,807
2378,2024-05-24,366,823
2379,2024-11-17,767,722
2380,2024-12-30,441,65
2381,2025-04-26,114,815
2382,2024-08-08,55,723
2383,2024-10-15,183,269
2384,2024-06-27,232,649
2385,2024-05-06,262,837
2386,2025-04-05,646,933
2387,2025-03-24,588,556
2388,2024-11-24,590,609
2389,2024-12-14,563,453
2390,2024-09-16,854,642
2391,2024-09-02,842,723
2392,2025-04-01,743,365
2393,2024-10-05,109,407
2394,2024-10-17,205,204
2395,2025-02-20,738,164
2396,2024-08-05,573,587
2397,2024-12-01,715,509
2398,2024-09-27,584,732
2399,2024-07-21,992,492
2400,2024-09-08,835,712
2401,2024-07-09,653,866
2402,2024-06-09,880,532
2403,2024-05-24,993,750
2404,2024-10-13,844,270
2405,2024-05-22,664,217
2406,2024-09-14,745,937
2407,2025-03-03,655,91
2408,2025-01-10,620,610
2409,2025-03-31,652,49
2410,2024-08-17,634,617
2411,2025-04-24,986,861
2412,2024-06-04,792,398
2413,2024-05-05,143,425
2414,2025-04-27,602,702
2415,2025-04-19,136,260
2416,2025-02-14,209,388
2417,2024-12-30,955,919
2418,2025-03-31,404,102
2419,2025-01-08,655,222
2420,2024-09-27,842,353
2421,2024-10-02,900,14
2422,2025-02-18,222,658
2423,2024-11-06,811,622
2424,2024-05-29,835,626
2425,2024-11-03,851,388
2426,2024-07-28,699,171
2427,2024-05-29,813,800
2428,2024-05-31,785,13
2429,2025-01-30,834,647
2430,2024-11-03,843,122
2431,2024-05-04,166,65
2432,2024-07-06,14,17
2433,2024-08-09,989,289
2434,2025-02-08,940,979
2435,2024-10-23,3,817
2436,2025-01-28,93,782
2437,2024-05-15,21,478
2438,2024-11-02,195,879
2439,2024-12-23,529,926
2440,2024-08-28,364,135
2441,2025-01-06,398,779
2442,2024-05-29,950,97
2443,2024-08-16,803,274
2444,2024-05-17,876,701
2445,2024-10-25,208,791
2446,2024-06-18,579,176
2447,2024-07-31,184,141
2448,2025-03-11,453,777
2449,2024-10-18,424,153
2450,2024-04-30,555,7
2451,2025-01-23,986,653
2452,2024-07-28,952,437
2453,2024-05-29,366,733
2454,2024-09-04,168,820
2455,2024-10-03,397,845
2456,2025-03-10,746,297
2457,2025-02-19,267,763
2458,2024-05-30,743,99
2459,2024-12-17,694,194
2460,2024-06-07,184,181
2461,2024-12-05,620,348
2462,2025-04-22,275,928
2463,2025-04-03,806,935
2464,2024-11-08,22,47
2465,2024-08-27,112,941
2466,2024-06-25,223,634
2467,2024-12-22,256,343
2468,2025-04-25,62,191
2469,2025-02-07,902,802
2470,2024-08-10,790,883
2471,2024-09-12,849,313
2472,2024-04-30,715,892
2473,2024-12-01,679,345
2474,2025-02-22,874,996
2475,2025-02-27,977,32
2476,2025-04-30,14,185
2477,2025-03-26,466,47
2478,2024-07-12,660,438
2479,2024-12-25,602,308
2480,2024-07-22,598,731
2481,2024-12-13,344,878
2482,2025-04-01,991,950
2483,2025-02-28,939,7
2484,2025-02-10,334,47
2485,2024-09-27,437,819
2486,2024-08-30,10,289
2487,2025-02-07,607,19
2488,2024-11-03,602,937
2489,2025-04-10,59,972
2490,2025-03-09,651,193
2491,2024-10-09,757,965
2492,2025-03-10,854,6
2493,2024-08-04,681,600
2494,2024-07-28,452,218
2495,2024-08-07,447,571
2496,2024-11-05,440,257
2497,2024-07-17,949,460
2498,2024-09-04,886,863
2499,2024-09-06,476,523
2500,2024-10-21,220,641
2501,2024-07-07,626,182
2502,2024-11-12,986,497
2503,2024-07-13,628,266
2504,2025-03-26,117,85
2505,2025-03-15,576,656
2506,2024-11-03,411,250
2507,2024-10-10,738,885
2508,2024-06-10,266,433
2509,2024-12-24,712,456
2510,2024-11-21,941,504
2511,2024-10-19,364,251
2512,2024-06-22,848,303
2513,2025-01-18,201,754
2514,2025-03-05,69,265
2515,2025-02-21,445,793
2516,2024-07-25,670,788
2517,2024-09-03,888,238
2518,2025-02-02,975,390
2519,2024-07-01,884,416
2520,2024-07-13,191,387
2521,2024-11-15,946,769
2522,2024-11-14,508,851
2523,2024-11-09,84,869
2524,2024-10-26,737,732
2525,2024-06-17,321,144
2526,2024-08-21,447,919
2527,2024-08-28,225,562
2528,2024-06-25,96,162
2529,2025-04-23,61,250
2530,2025-04-13,431,476
2531,2025-04-13,695,193
2532,2024-05-09,940,485
2533,2025-04-02,496,338
2534,2025-01-25,667,144
2535,2024-12-14,528,753
2536,2025-01-11,632,971
2537,2025-01-30,594,400
2538,2025-04-23,584,322
2539,2025-03-25,919,808
2540,2024-09-24,114,585
2541,2025-03-07,191,507
2542,2024-06-21,833,374
2543,2025-01-08,680,505
2544,2025-03-01,4,983
2545,2024-06-29,315,922
2546,2025-02-02,713,486
2547,2024-11-22,896,404
2548,2025-04-10,219,212
2549,2024-07-25,533,555
2550,2024-11-15,299,569
2551,2024-07-08,680,326
2552,2024-06-04,244,227
2553,2024-10-20,13,77
2554,2024-11-27,244,136
2555,2025-02-22,881,280
2556,2024-06-21,493,176
2557,2024-04-30,644,552
2558,2025-04-06,866,355
2559,2024-05-07,238,206
2560,2025-02-12,135,302
2561,2025-02-22,943,989
2562,2025-04-08,802,892
2563,2024-10-04,995,303
2564,2024-08-20,269,505
2565,2024-05-03,54,92
2566,2025-01-31,315,822
2567,2024-06-27,537,445
2568,2024-07-22,135,380
2569,2024-11-17,868,480
2570,2024-11-26,790,276
2571,2024-07-06,75,676
2572,2024-05-16,261,917
2573,2024-08-10,407,661
2574,2025-03-30,627,68
2575,2025-02-05,829,550
2576,2024-06-21,40,862
2577,2024-09-29,634,880
2578,2024-08-04,948,564
2579,2024-07-11,155,505
2580,2024-05-27,316,980
2581,2024-07-14,868,671
2582,2024-12-15,169,151
2583,2025-01-18,788,613
2584,2025-02-18,677,918
2585,2025-01-07,233,74
2586,2024-10-21,518,698
2587,2024-12-22,904,31
2588,2024-06-28,221,54
2589,2025-01-17,270,955
2590,2025-04-21,241,621
2591,2024-09-01,379,436
2592,2025-01-09,971,657
2593,2024-07-21,277,973
2594,2024-06-10,543,520
2595,2024-07-21,613,872
2596,2024-12-30,839,235
2597,2024-05-06,832,659
2598,2025-04-09,267,76
2599,2025-01-21,300,77
2600,2025-01-29,4,699
2601,2024-09-22,521,870
2602,2024-12-05,521,730
2603,2024-08-22,329,113
2604,2025-02-26,514,226
2605,2024-12-28,496,374
2606,2024-09-22,63,456
2607,2024-10-11,461,964
2608,2025-02-28,10,71
2609,2025-02-16,652,981
2610,2025-04-18,51,878
2611,2024-11-02,616,805
2612,2025-01-29,710,90
2613,2024-12-15,317,277
2614,2025-01-29,191,157
2615,2024-05-29,489,696
2616,2024-08-15,316,456
2617,2024-09-27,354,123
2618,2024-10-22,753,739
2619,2025-04-15,34,714
2620,2024-06-28,688,321
2621,2024-08-23,539,873
2622,2025-04-21,370,912
2623,2025-01-04,849,241
2624,2024-06-29,109,965
2625,2024-08-27,553,533
2626,2024-09-27,188,959
2627,2024-11-19,97,583
2628,2025-03-24,62,602
2629,2025-04-10,499,135
2630,2025-03-30,392,868
2631,2024-11-02,230,1000
2632,2024-08-25,985,39
2633,2024-05-01,541,417
2634,2024-09-29,838,900
2635,2024-06-04,776,143
2636,2024-06-28,239,762
2637,2025-04-25,956,847
2638,2024-08-04,517,462
2639,2025-04-20,215,664
2640,2024-12-03,684,951
2641,2024-06-06,654,473
2642,2024-08-16,750,705
2643,2024-07-04,705,993
2644,2025-01-24,556,585
2645,2024-11-21,66,775
2646,2025-04-11,16,562
2647,2024-07-09,878,376
2648,2024-12-13,971,45
2649,2024-09-12,963,43
2650,2024-08-18,790,724
2651,2024-10-22,139,813
2652,2024-12-23,780,98
2653,2024-12-27,812,116
2654,2024-10-28,248,514
2655,2024-05-06,621,707
2656,2024-06-01,444,905
2657,2024-11-11,942,666
2658,2025-01-14,341,980
2659,2024-12-19,415,497
2660,2024-09-11,678,440
2661,2025-02-09,894,5
2662,2024-10-24,771,199
2663,2024-07-25,753,485
2664,2025-04-08,26,508
2665,2024-05-06,593,881
2666,2024-09-25,145,541
2667,2024-09-17,309,910
2668,2024-11-13,121,195
2669,2024-12-23,782,367
2670,2025-02-18,860,979
2671,2025-03-02,51,689
2672,2024-11-07,467,578
2673,2024-06-21,959,85
2674,2025-04-28,613,131
2675,2025-03-28,34,287
2676,2024-10-28,403,624
2677,2024-05-08,348,390
2678,2025-03-16,782,626
2679,2024-05-16,279,670
2680,2024-10-30,78,681
2681,2024-12-15,833,71
2682,2024-11-18,422,255
2683,2024-09-04,607,801
2684,2024-12-17,943,204
2685,2024-08-12,622,56
2686,2024-09-09,631,819
2687,2024-08-20,711,737
2688,2025-03-06,516,927
2689,2025-01-28,577,413
2690,2025-02-02,656,814
2691,2024-10-21,236,5
2692,2024-12-03,227,653
2693,2024-12-27,570,590
2694,2024-09-29,570,544
2695,2025-01-26,318,109
2696,2024-08-06,660,784
2697,2024-05-05,212,169
2698,2025-01-27,940,325
2699,2024-05-02,553,830
2700,2025-01-13,207,216
2701,2025-04-27,975,123
2702,2024-07-26,202,666
2703,2025-03-01,591,609
2704,2024-12-29,29,721
2705,2024-07-12,67,961
2706,2024-06-10,339,528
2707,2024-12-25,102,2
2708,2024-08-18,686,721
2709,2024-09-03,936,231
2710,2024-07-28,132,521
2711,2025-03-20,893,453
2712,2024-07-09,516,138
2713,2025-02-27,851,968
2714,2024-06-26,931,13
2715,2025-01-14,629,432
2716,2024-10-20,876,823
2717,2024-07-15,174,618
2718,2025-04-11,444,213
2719,2024-09-19,313,901
2720,2024-08-23,130,698
2721,2024-10-22,718,105
2722,2025-03-01,779,44
2723,2025-01-19,568,514
2724,2024-06-01,108,300
2725,2024-08-08,512,56
2726,2025-02-05,501,781
2727,2024-06-12,600,594
2728,2024-11-03,992,205
2729,2024-12-24,978,396
2730,2024-05-28,313,809
2731,2024-08-27,276,436
2732,2024-09-17,916,784
2733,2024-10-02,385,842
2734,2025-03-30,504,637
2735,2025-04-22,687,637
2736,2024-05-01,404,689
2737,2024-09-30,1,598
2738,2025-01-21,336,292
2739,2024-11-06,167,443
2740,2024-09-03,247,28
2741,2024-09-24,255,55
2742,2024-10-03,264,259
2743,2024-09-20,280,365
2744,2025-04-29,936,955
2745,2024-08-03,189,611
2746,2025-04-17,482,206
2747,2024-10-27,706,84
2748,2025-04-22,379,278
2749,2024-11-20,378,7
2750,2025-04-18,654,34
2751,2025-03-30,926,434
2752,2024-06-25,785,404
2753,2025-01-08,881,915
2754,2024-06-13,324,52
2755,2025-02-21,347,537
2756,2025-03-08,900,74
2757,2024-11-07,31,32
2758,2025-02-09,726,28
2759,2024-07-18,194,932
2760,2024-05-09,810,282
2761,2025-04-10,157,101
2762,2024-10-29,238,151
2763,2024-08-30,392,800
2764,2025-03-02,853,702
2765,2024-07-03,542,822
2766,2024-07-23,11,212
2767,2024-12-05,264,56
2768,2025-03-06,371,601
2769,2025-02-02,971,200
2770,2024-08-29,226,930
2771,2024-09-09,890,895
2772,2024-07-07,672,280
2773,2024-10-18,28,808
2774,2025-03-15,125,946
2775,2025-01-28,997,916
2776,2024-11-10,340,157
2777,2024-11-27,812,71
2778,2025-04-11,509,264
2779,2024-05-06,878,547
2780,2024-10-07,166,290
2781,2024-11-25,823,770
2782,2024-05-28,731,671
2783,2024-06-04,204,220
2784,2024-08-21,252,423
2785,2025-01-29,917,805
2786,2024-08-15,420,424
2787,2025-04-06,154,541
2788,2024-12-08,8,744
2789,2024-10-30,533,524
2790,2024-10-01,118,906
2791,2024-09-29,133,399
2792,2024-10-14,110,69
2793,2024-08-30,2,287
2794,2024-05-25,393,737
2795,2025-01-11,300,119
2796,2025-01-25,548,480
2797,2025-02-02,81,461
2798,2025-04-04,850,753
2799,2024-10-11,798,14
2800,2024-07-12,838,32
2801,2025-01-23,100,150
2802,2025-01-27,102,744
2803,2024-07-26,641,740
2804,2024-05-10,390,3
2805,2024-12-18,94,810
2806,2024-07-29,759,262
2807,2025-01-29,999,215
2808,2024-08-17,696,689
2809,2025-01-24,809,955
2810,2024-08-27,657,813
2811,2025-02-03,371,811
2812,2024-05-01,568,110
2813,2024-12-06,645,147
2814,2024-10-10,266,14
2815,2024-07-22,201,490
2816,2025-03-03,384,295
2817,2025-03-24,922,175
2818,2024-09-23,34,696
2819,2025-04-10,873,488
2820,2024-09-16,414,429
2821,2024-09-01,128,348
2822,2025-01-11,950,199
2823,2024-09-20,571,939
2824,2024-09-21,654,530
2825,2024-08-11,242,33
2826,2024-06-17,112,735
2827,2024-08-14,719,184
2828,2024-07-28,272,328
2829,2024-12-21,472,16
2830,2024-06-16,651,209
2831,2024-12-08,271,367
2832,2025-03-01,659,263
2833,2024-11-27,650,763
2834,2025-01-09,287,495
2835,2024-06-12,597,814
2836,2024-11-22,30,128
2837,2024-04-30,718,587
2838,2024-11-02,879,136
2839,2024-06-08,303,613
2840,2024-05-08,59,799
2841,2025-02-17,160,658
2842,2024-12-16,239,274
2843,2024-09-15,936,657
2844,2024-11-23,661,951
2845,2025-02-07,323,25
2846,2025-04-23,800,36
2847,2024-09-11,871,250
2848,2024-10-03,264,364
2849,2024-05-22,415,961
2850,2024-05-23,603,825
2851,2024-10-27,48,400
2852,2024-07-05,58,482
2853,2024-05-01,136,708
2854,2024-05-10,953,582
2855,2024-12-07,454,599
2856,2025-04-23,725,862
2857,2024-08-10,44,759
2858,2025-03-13,239,252
2859,2024-10-14,190,924
2860,2025-04-02,356,603
2861,2024-07-16,428,202
2862,2024-12-15,152,688
2863,2024-08-12,596,28
2864,2024-10-14,638,729
2865,2025-03-24,373,978
2866,2024-07-28,743,860
2867,2025-01-07,35,283
2868,2024-08-04,26,835
2869,2024-09-11,702,975
2870,2024-08-12,986,531
2871,2024-12-04,11,334
2872,2025-03-29,285,159
2873,2025-04-01,41,50
2874,2024-11-21,641,266
2875,2024-08-31,948,947
2876,2024-11-12,541,728
2877,2025-02-26,650,864
2878,2024-12-05,177,244
2879,2024-09-04,403,444
2880,2025-01-18,907,317
2881,2025-02-16,635,377
2882,2024-07-04,949,636
2883,2025-04-09,794,935
2884,2024-07-29,106,61
2885,2024-07-30,694,141
2886,2024-10-27,2,771
2887,2025-03-10,680,643
2888,2024-10-09,638,733
2889,2025-02-13,991,421
2890,2025-03-01,289,757
2891,2025-04-28,311,86
2892,2025-03-11,340,774
2893,2024-11-23,595,782
2894,2024-05-12,14,13
2895,2024-09-26,891,554
2896,2024-12-24,242,497
2897,2025-03-29,684,906
2898,2024-06-02,68,611
2899,2024-06-04,666,615
2900,2024-12-27,622,435
2901,2024-07-10,107,610
2902,2024-10-29,739,814
2903,2024-06-11,655,981
2904,2024-11-03,528,849
2905,2025-03-30,386,10
2906,2024-11-18,880,463
2907,2024-08-29,509,635
2908,2024-11-02,734,980
2909,2024-10-19,254,17
2910,2024-07-23,798,56
2911,2025-03-06,251,855
2912,2024-08-03,415,213
2913,2024-07-07,889,599
2914,2025-01-25,374,144
2915,2024-07-28,212,662
2916,2024-11-19,325,38
2917,2024-12-28,368,271
2918,2024-05-10,771,776
2919,2025-01-07,130,300
2920,2025-04-27,477,938
2921,2024-08-21,151,635
2922,2024-11-10,713,422
2923,2024-04-30,844,58
2924,2025-04-13,928,579
2925,2024-11-11,564,262
2926,2024-10-25,308,16
2927,2025-01-11,177,930
2928,2024-06-09,125,734
2929,2024-06-26,18,240
2930,2025-01-13,324,298
2931,2024-09-21,115,596
2932,2024-07-16,431,359
2933,2024-06-28,130,33
2934,2025-03-08,970,621
2935,2024-11-06,80,237
2936,2024-05-22,322,570
2937,2024-09-17,478,195
2938,2024-09-26,246,240
2939,2025-01-06,126,329
2940,2024-10-29,622,418
2941,2024-10-06,181,317
2942,2024-07-05,637,446
2943,2025-01-19,656,542
2944,2024-05-01,824,203
2945,2025-04-09,265,599
2946,2024-11-14,780,259
2947,2024-07-10,242,714
2948,2025-02-22,251,997
2949,2024-11-21,315,222
2950,2024-10-23,318,575
2951,2024-12-14,20,732
2952,2024-08-30,513,455
2953,2024-12-07,614,686
2954,2025-01-09,325,93
2955,2024-11-13,109,643
2956,2024-10-10,557,102
2957,2025-03-15,72,158
2958,2024-12-01,222,621
2959,2024-06-18,33,527
2960,2024-11-24,894,150
2961,2024-06-10,985,302
2962,2025-02-13,786,461
2963,2024-08-06,200,77
2964,2024-10-25,638,135
2965,2025-03-15,468,674
2966,2024-07-09,21,818
2967,2024-05-25,229,918
2968,2025-01-06,881,376
2969,2024-12-24,221,749
2970,2024-08-27,780,324
2971,2024-11-02,475,76
2972,2024-06-19,647,477
2973,2025-02-04,592,159
2974,2024-07-21,203,524
2975,2024-08-01,173,893
2976,2024-11-27,596,594
2977,2025-03-09,100,262
2978,2025-04-08,946,551
2979,2024-10-21,202,208
2980,2025-01-18,782,646
2981,2024-07-04,289,327
2982,2024-10-13,922,549
2983,2024-12-05,415,872
2984,2024-12-10,40,518
2985,2024-07-16,161,838
2986,2024-07-02,390,354
2987,2024-09-29,114,784
2988,2024-06-10,584,8
2989,2024-07-22,838,632
2990,2024-11-27,408,924
2991,2025-04-15,5,466
2992,2024-11-24,315,253
2993,2025-04-01,975,717
2994,2025-03-09,871,946
2995,2024-07-16,585,58
2996,2025-02-15,344,919
2997,2024-07-15,676,941
2998,2024-05-17,687,870
2999,2025-03-16,960,525
3000,2025-01-20,99,1000
3001,2025-04-13,907,746
3002,2024-09-08,981,453
3003,2024-08-14,410,191
3004,2024-05-27,993,181
3005,2024-11-04,586,305
3006,2025-01-28,58,538
3007,2024-06-12,769,851
3008,2024-10-01,21,38
3009,2024-05-08,553,550
3010,2024-12-16,947,644
3011,2024-11-17,477,529
3012,2024-06-09,661,749
3013,2025-03-28,763,856
3014,2024-12-12,110,247
3015,2024-11-24,194,685
3016,2024-08-03,317,82
3017,2024-12-20,388,241
3018,2025-04-25,85,202
3019,2025-02-14,243,570
3020,2024-10-15,45,42
3021,2024-12-08,63,692
3022,2024-08-27,3,440
3023,2024-07-12,115,907
3024,2025-03-12,94,524
3025,2025-01-31,641,864
3026,2024-08-03,352,926
3027,2025-01-29,877,517
3028,2024-10-10,79,922
3029,2025-02-07,983,494
3030,2024-06-03,85,426
3031,2024-08-21,85,78
3032,2024-10-20,394,65
3033,2024-05-31,734,120
3034,2024-06-22,462,832
3035,2025-01-02,933,650
3036,2025-02-02,995,867
3037,2025-01-16,864,735
3038,2024-12-05,477,556
3039,2024-08-22,400,756
3040,2024-05-25,805,768
3041,2025-04-27,852,671
3042,2024-12-09,988,330
3043,2024-12-05,765,210
3044,2024-07-30,934,357
3045,2025-03-18,524,157
3046,2025-04-23,683,52
3047,2024-11-07,128,431
3048,2025-02-05,3,501
3049,2024-11-03,496,151
3050,2024-07-03,770,457
3051,2024-07-12,108,883
3052,2024-07-31,749,766
3053,2025-03-19,136,752
3054,2024-08-10,776,215
3055,2024-07-08,353,284
3056,2024-05-26,935,703
3057,2025-04-29,409,453
3058,2024-05-25,637,559
3059,2024-09-20,906,695
3060,2024-09-26,768,418
3061,2024-10-01,128,720
3062,2024-12-30,940,648
3063,2024-10-11,591,369
3064,2024-10-17,870,961
3065,2025-03-23,798,739
3066,2024-09-22,900,183
3067,2024-08-02,426,524
3068,2024-12-31,752,905
3069,2024-06-16,669,581
3070,2024-07-17,635,750
3071,2024-08-19,20,84
3072,2024-07-08,577,248
3073,2024-11-11,619,440
3074,2024-11-28,204,652
3075,2024-04-30,307,868
3076,2024-12-15,13,349
3077,2024-09-14,217,560
3078,2025-04-29,322,720
3079,2024-09-28,166,169
3080,2024-05-17,884,153
3081,2025-04-16,936,352
3082,2025-03-03,995,724
3083,2024-07-06,293,595
3084,2025-04-21,546,377
3085,2024-12-19,884,84
3086,2024-05-25,183,901
3087,2025-03-29,310,736
3088,2024-10-28,731,493
3089,2024-09-02,400,9
3090,2024-06-11,947,122
3091,2025-01-21,533,905
3092,2024-09-12,563,531
3093,2024-12-28,632,26
3094,2025-04-27,188,147
3095,2025-03-18,228,357
3096,2024-07-17,462,545
3097,2024-09-25,248,806
3098,2025-04-26,791,103
3099,2025-03-02,719,461
3100,2025-02-27,680,713
3101,2024-12-31,862,572
3102,2025-02-08,111,296
3103,2024-08-27,593,916
3104,2024-11-16,775,443
3105,2024-09-29,91,52
3106,2025-01-24,963,936
3107,2024-12-03,473,185
3108,2024-12-23,247,48
3109,2025-04-21,550,901
3110,2024-06-24,406,383
3111,2025-01-07,75,451
3112,2025-02-12,688,104
3113,2024-07-02,621,787
3114,2024-08-28,458,735
3115,2024-06-06,791,318
3116,2025-03-05,145,17
3117,2024-07-17,502,179
3118,2024-06-23,917,967
3119,2025-01-29,695,295
3120,2024-06-02,862,689
3121,2024-07-30,191,236
3122,2024-09-11,818,168
3123,2024-05-12,167,75
3124,2024-09-12,985,896
3125,2024-06-19,611,883
3126,2025-03-03,159,11
3127,2024-06-23,747,798
3128,2024-06-07,881,436
3129,2024-08-03,90,166
3130,2024-05-13,923,957
3131,2024-11-26,526,924
3132,2024-12-12,996,425
3133,2024-08-18,704,122
3134,2024-07-07,619,197
3135,2024-12-18,266,679
3136,2024-08-21,45,789
3137,2024-08-20,635,265
3138,2024-09-07,567,16
3139,2024-10-01,211,679
3140,2025-01-02,970,966
3141,2024-11-18,812,771
3142,2024-06-04,769,206
3143,2024-05-03,468,145
3144,2025-04-08,31,133
3145,2025-01-18,951,697
3146,2024-09-17,771,648
3147,2024-05-06,393,92
3148,2024-10-12,740,459
3149,2024-10-14,319,430
3150,2024-11-23,327,822
3151,2024-09-25,545,157
3152,2025-04-27,127,579
3153,2024-09-03,450,710
3154,2024-06-05,195,227
3155,2025-04-16,470,960
3156,2025-01-19,400,596
3157,2025-02-17,328,120
3158,2024-11-10,998,666
3159,2025-02-18,342,703
3160,2024-08-04,842,254
3161,2025-04-06,824,614
3162,2024-07-26,573,515
3163,2025-03-15,731,586
3164,2024-09-27,62,286
3165,2024-09-05,396,920
3166,2025-03-05,370,134
3167,2025-04-06,502,198
3168,2025-02-16,673,429
3169,2024-05-01,138,564
3170,2024-08-09,763,259
3171,2025-04-01,119,530
3172,2024-10-13,41,174
3173,2025-02-23,762,887
3174,2024-08-05,749,732
3175,2024-05-08,956,237
3176,2025-01-17,381,559
3177,2024-09-02,199,628
3178,2025-02-19,868,227
3179,2024-06-25,648,804
3180,2025-02-11,154,982
3181,2025-03-13,990,630
3182,2024-09-28,644,238
3183,2024-06-06,311,825
3184,2024-09-13,959,135
3185,2024-11-18,540,471
3186,2024-08-15,157,871
3187,2024-08-11,151,899
3188,2025-04-14,641,868
3189,2024-08-26,298,968
3190,2025-02-12,141,475
3191,2024-09-07,722,591
3192,2024-09-15,801,432
3193,2025-04-24,208,375
3194,2024-12-10,189,715
3195,2024-11-23,346,442
3196,2024-11-12,703,659
3197,2024-05-25,148,401
3198,2025-02-20,510,899
3199,2024-05-08,992,404
3200,2024-12-28,660,843
3201,2025-02-05,152,163
3202,2025-04-18,45,941
3203,2024-06-23,13,20
3204,2024-06-09,60,867
3205,2024-07-19,479,407
3206,2024-12-29,555,626
3207,2024-09-25,553,18
3208,2024-12-08,408,637
3209,2025-02-10,728,434
3210,2024-09-17,570,944
3211,2025-01-15,941,117
3212,2024-12-25,554,669
3213,2025-04-16,792,294
3214,2024-11-29,430,59
3215,2024-07-13,31,561
3216,2024-12-30,464,323
3217,2024-06-01,680,511
3218,2024-12-29,422,116
3219,2025-04-12,535,412
3220,2024-09-23,360,708
3221,2025-04-21,124,190
3222,2025-03-29,444,359
3223,2025-01-30,814,945
3224,2024-12-26,862,275
3225,2024-05-03,428,580
3226,2024-10-12,49,143
3227,2025-02-13,92,951
3228,2024-09-22,312,580
3229,2025-02-03,712,319
3230,2025-04-10,394,72
3231,2024-06-23,156,127
3232,2024-07-03,526,994
3233,2024-06-07,125,809
3234,2024-05-11,622,674
3235,2024-08-14,158,258
3236,2024-07-01,237,413
3237,2025-04-13,72,907
3238,2024-12-20,314,735
3239,2024-11-13,512,273
3240,2024-08-03,739,309
3241,2024-08-01,141,187
3242,2025-02-23,107,965
3243,2025-04-23,335,768
3244,2024-06-27,33,295
3245,2024-08-01,658,500
3246,2024-05-05,784,354
3247,2024-09-27,962,372
3248,2024-07-11,46,877
3249,2024-07-18,214,244
3250,2025-03-07,409,863
3251,2025-04-25,376,561
3252,2024-05-13,948,926
3253,2024-09-23,595,573
3254,2024-12-28,839,892
3255,2025-02-28,945,700
3256,2024-06-22,275,985
3257,2024-05-08,533,318
3258,2024-10-23,933,595
3259,2024-06-21,536,140
3260,2025-04-25,751,718
3261,2024-05-14,61,53
3262,2024-09-06,282,889
3263,2025-04-01,325,426
3264,2024-06-22,206,803
3265,2025-01-16,178,98
3266,2024-12-09,30,385
3267,2024-08-15,473,66
3268,2025-03-18,130,146
3269,2024-12-08,923,213
3270,2024-07-17,440,257
3271,2024-06-16,598,495
3272,2024-08-28,73,664
3273,2025-04-17,262,271
3274,2024-07-25,643,927
3275,2025-01-12,425,685
3276,2025-04-16,509,26
3277,2024-05-04,278,166
3278,2024-09-29,992,906
3279,2024-12-24,47,52
3280,2025-01-13,960,68
3281,2024-11-08,277,984
3282,2024-12-02,298,371
3283,2025-01-28,573,566
3284,2024-12-07,568,980
3285,2024-08-04,918,506
3286,2025-04-07,961,102
3287,2024-06-07,181,158
3288,2025-03-27,86,684
3289,2025-01-03,394,350
3290,2024-10-31,177,681
3291,2024-05-13,89,858
3292,2024-12-19,320,598
3293,2024-08-24,263,116
3294,2025-04-11,725,764
3295,2025-02-14,545,890
3296,2025-01-17,774,909
3297,2024-10-12,216,604
3298,2024-08-28,681,915
3299,2025-02-06,860,937
3300,2024-07-25,538,534
3301,2024-12-26,793,3
3302,2024-07-07,644,219
3303,2025-03-11,856,967
3304,2025-02-01,888,768
3305,2024-10-19,677,900
3306,2024-07-31,749,379
3307,2024-07-22,460,460
3308,2025-04-23,412,548
3309,2024-10-14,215,40
3310,2024-12-08,28,900
3311,2024-08-02,327,865
3312,2025-01-05,79,321
3313,2025-01-08,830,982
3314,2024-06-06,445,994
3315,2024-09-11,973,80
3316,2024-05-12,927,800
3317,2024-05-12,946,255
3318,2024-11-20,871,629
3319,2025-04-14,909,407
3320,2024-06-10,100,926
3321,2024-08-16,653,463
3322,2024-09-16,296,125
3323,2024-08-27,741,888
3324,2024-10-23,513,252
3325,2024-09-03,515,393
3326,2024-05-02,109,259
3327,2024-08-15,726,555
3328,2025-04-24,258,808
3329,2025-04-29,228,594
3330,2025-03-07,786,497
3331,2025-01-24,349,180
3332,2024-11-16,914,820
3333,2024-10-28,954,840
3334,2024-10-02,277,31
3335,2025-01-05,700,170
3336,2024-07-11,513,87
3337,2025-01-13,907,471
3338,2024-10-31,561,899
3339,2025-02-19,371,165
3340,2024-06-24,662,467
3341,2025-01-25,762,213
3342,2025-03-24,522,597
3343,2025-04-15,951,262
3344,2024-06-03,200,754
3345,2024-05-14,827,798
3346,2025-01-07,732,90
3347,2024-10-12,24,137
3348,2024-05-31,902,525
3349,2025-02-22,304,876
3350,2025-03-04,172,342
3351,2024-10-19,964,484
3352,2025-04-06,482,735
3353,2025-01-07,582,69
3354,2024-09-21,553,120
3355,2024-09-17,770,496
3356,2025-02-26,718,46
3357,2024-05-24,536,674
3358,2024-06-15,815,866
3359,2024-09-15,40,776
3360,2024-10-03,330,975
3361,2025-02-26,247,737
3362,2025-02-06,221,839
3363,2024-11-09,911,301
3364,2025-04-09,812,164
3365,2025-04-24,747,46
3366,2025-04-24,550,655
3367,2025-02-27,424,725
3368,2025-01-06,281,461
3369,2025-03-30,118,51
3370,2025-02-21,608,627
3371,2024-10-08,525,350
3372,2024-06-02,752,609
3373,2024-05-10,795,530
3374,2024-07-22,862,161
3375,2025-01-02,765,121
3376,2024-10-19,584,425
3377,2024-07-20,743,874
3378,2024-07-13,956,304
3379,2024-07-25,350,811
3380,2024-12-28,887,951
3381,2024-06-02,156,328
3382,2024-07-18,391,904
3383,2025-02-05,884,336
3384,2025-04-30,96,935
3385,2024-09-21,559,899
3386,2024-11-03,475,643
3387,2025-03-11,931,665
3388,2024-10-25,997,858
3389,2025-02-27,294,514
3390,2025-01-03,465,209
3391,2025-04-28,779,955
3392,2024-11-12,698,376
3393,2024-09-26,304,704
3394,2024-12-09,104,348
3395,2025-01-04,704,79
3396,2025-01-17,777,505
3397,2024-07-20,165,250
3398,2025-03-14,730,191
3399,2024-08-06,498,600
3400,2025-04-14,726,860
3401,2024-07-06,810,439
3402,2024-10-17,275,180
3403,2024-09-16,75,797
3404,2024-11-23,172,305
3405,2025-03-30,509,694
3406,2024-11-12,467,314
3407,2024-05-16,160,303
3408,2024-05-03,15,661
3409,2024-12-11,877,824
3410,2024-09-24,114,233
3411,2024-11-10,466,595
3412,2024-07-13,764,662
3413,2024-06-12,298,419
3414,2025-04-15,426,631
3415,2024-06-25,574,347
3416,2024-06-27,385,321
3417,2024-12-17,467,446
3418,2024-11-23,139,894
3419,2025-04-26,266,38
3420,2024-08-26,735,749
3421,2024-12-21,198,161
3422,2025-01-21,624,70
3423,2025-01-30,117,859
3424,2024-05-04,725,159
3425,2025-02-18,117,843
3426,2024-10-19,828,699
3427,2024-12-01,538,333
3428,2025-01-11,119,409
3429,2024-05-05,723,682
3430,2024-12-23,841,888
3431,2024-10-02,766,389
3432,2024-10-05,1,483
3433,2024-10-26,617,919
3434,2025-02-01,91,638
3435,2024-12-14,515,396
3436,2024-07-10,764,870
3437,2025-01-07,980,584
3438,2024-12-13,536,249
3439,2025-04-28,566,689
3440,2024-06-09,565,275
3441,2024-09-11,914,650
3442,2024-11-06,180,858
3443,2025-03-29,995,492
3444,2024-07-24,59,264
3445,2024-10-30,833,802
3446,2024-11-02,721,86
3447,2024-08-08,244,524
3448,2024-10-30,199,826
3449,2024-10-17,304,584
3450,2024-08-14,732,617
3451,2024-12-18,841,7
3452,2024-06-14,376,243
3453,2024-07-24,772,136
3454,2025-02-18,635,508
3455,2024-12-10,644,402
3456,2024-07-26,129,675
3457,2024-12-10,36,895
3458,2024-08-02,600,99
3459,2025-03-29,740,267
3460,2025-03-30,778,798
3461,2024-07-01,478,68
3462,2024-06-16,411,385
3463,2025-02-01,795,769
3464,2024-07-11,972,960
3465,2025-04-22,767,400
3466,2024-09-27,465,884
3467,2024-10-27,470,529
3468,2024-12-04,681,905
3469,2024-10-08,82,208
3470,2025-03-09,768,802
3471,2024-05-13,822,674
3472,2025-01-08,234,795
3473,2025-02-06,647,181
3474,2024-11-06,455,967
3475,2025-03-26,189,290
3476,2024-06-30,925,830
3477,2024-09-03,58,440
3478,2025-01-05,591,600
3479,2025-03-12,210,617
3480,2024-11-06,525,244
3481,2024-12-16,506,365
3482,2024-10-24,918,711
3483,2024-07-20,305,362
3484,2024-06-13,649,641
3485,2024-11-26,550,251
3486,2025-04-14,229,681
3487,2024-08-25,107,771
3488,2024-05-17,542,115
3489,2024-06-12,475,300
3490,2025-02-06,769,771
3491,2025-02-25,69,303
3492,2025-01-12,823,873
3493,2025-04-26,334,430
3494,2024-12-08,771,324
3495,2024-08-28,207,245
3496,2024-08-31,421,579
3497,2025-04-16,631,8
3498,2025-01-18,175,625
3499,2024-05-03,958,818
3500,2024-10-24,117,291
3501,2025-01-22,684,112
3502,2024-09-26,668,232
3503,2024-05-01,894,381
3504,2024-09-15,320,291
3505,2024-09-14,153,289
3506,2024-07-23,239,725
3507,2024-12-21,268,331
3508,2025-01-07,372,646
3509,2024-11-14,218,983
3510,2024-10-11,999,816
3511,2024-06-01,301,323
3512,2024-09-12,564,621
3513,2024-10-02,885,895
3514,2025-04-04,483,697
3515,2024-07-12,53,613
3516,2024-11-03,534,472
3517,2025-02-15,907,787
3518,2024-10-10,779,447
3519,2024-08-09,627,316
3520,2024-08-16,891,533
3521,2024-12-26,670,862
3522,2024-10-06,287,684
3523,2024-12-21,465,163
3524,2025-01-18,197,908
3525,2025-02-20,22,1
3526,2024-12-14,716,140
3527,2025-01-14,567,594
3528,2024-07-21,758,26
3529,2024-07-20,592,350
3530,2024-10-03,255,249
3531,2024-10-15,324,532
3532,2025-01-18,441,939
3533,2025-02-07,927,145
3534,2024-07-25,591,174
3535,2024-09-03,160,184
3536,2025-03-01,240,763
3537,2024-10-26,834,420
3538,2024-05-20,1,223
3539,2024-12-05,242,520
3540,2024-12-16,232,275
3541,2024-06-03,649,754
3542,2025-01-22,889,456
3543,2024-06-08,845,3
3544,2024-06-08,691,677
3545,2024-07-09,270,711
3546,2025-02-28,362,828
3547,2024-08-29,533,157
3548,2024-11-04,141,852
3549,2024-12-18,268,259
3550,2025-01-01,412,576
3551,2024-06-24,318,299
3552,2024-11-29,929,853
3553,2024-06-11,938,794
3554,2024-12-27,467,955
3555,2024-07-26,124,659
3556,2024-12-24,33,648
3557,2024-06-18,96,554
3558,2025-01-09,342,803
3559,2025-04-07,218,690
3560,2024-05-04,367,907
3561,2024-07-01,756,36
3562,2024-09-27,38,992
3563,2024-08-11,820,142
3564,2024-07-05,393,609
3565,2024-07-24,756,268
3566,2025-03-16,636,993
3567,2024-07-16,770,423
3568,2025-03-26,977,204
3569,2024-07-28,49,430
3570,2024-11-17,828,524
3571,2024-11-28,574,954
3572,2025-03-25,920,389
3573,2024-07-04,476,21
3574,2024-05-10,542,604
3575,2025-02-07,167,681
3576,2024-11-16,220,728
3577,2024-07-21,794,896
3578,2024-10-06,508,400
3579,2024-11-18,545,884
3580,2024-09-11,49,320
3581,2024-06-27,704,441
3582,2024-08-26,765,814
3583,2024-11-25,316,283
3584,2025-04-23,995,617
3585,2025-02-09,909,651
3586,2025-01-05,710,930
3587,2025-02-15,255,79
3588,2024-10-10,67,717
3589,2024-06-18,687,438
3590,2024-10-26,714,354
3591,2024-06-24,698,391
3592,2024-11-16,392,362
3593,2024-11-27,250,430
3594,2025-04-15,826,101
3595,2025-02-05,446,51
3596,2024-10-23,551,625
3597,2025-02-19,890,830
3598,2025-04-26,894,936
3599,2024-11-26,827,460
3600,2024-07-04,147,605
3601,2024-05-02,19,621
3602,2024-10-12,570,194
3603,2025-02-05,766,168
3604,2024-10-08,323,858
3605,2024-12-24,491,871
3606,2024-09-12,525,179
3607,2025-02-02,195,892
3608,2024-08-08,166,245
3609,2024-09-09,276,917
3610,2024-08-04,177,10
3611,2024-08-16,64,657
3612,2024-08-31,76,276
3613,2024-08-16,647,704
3614,2024-10-16,776,851
3615,2024-12-17,46,774
3616,2024-06-28,373,595
3617,2025-02-28,208,941
3618,2025-01-10,291,830
3619,2025-03-20,754,159
3620,2025-03-18,794,335
3621,2025-01-05,212,153
3622,2025-04-30,23,307
3623,2024-07-12,310,540
3624,2024-06-04,210,314
3625,2024-08-20,743,167
3626,2025-03-10,648,258
3627,2024-04-30,470,255
3628,2024-11-07,478,885
3629,2024-08-09,448,396
3630,2024-08-02,845,103
3631,2025-04-27,809,93
3632,2024-07-11,708,130
3633,2024-06-17,730,900
3634,2024-05-28,704,908
3635,2024-12-18,578,989
3636,2025-01-05,395,823
3637,2024-07-21,74,947
3638,2024-06-22,324,818
3639,2024-12-20,496,563
3640,2025-04-07,479,340
3641,2024-07-02,710,6
3642,2024-06-22,759,967
3643,2024-11-14,32,336
3644,2025-01-31,366,756
3645,2025-04-24,760,827
3646,2025-01-14,789,986
3647,2025-03-19,797,112
3648,2024-09-05,474,12
3649,2024-05-03,934,211
3650,2025-02-25,401,406
3651,2025-04-01,903,589
3652,2024-06-30,349,939
3653,2025-01-02,505,547
3654,2025-03-24,579,186
3655,2024-07-17,444,420
3656,2025-04-18,796,487
3657,2024-09-15,334,511
3658,2024-12-04,159,811
3659,2024-05-23,131,332
3660,2024-06-27,617,776
3661,2024-06-13,285,64
3662,2024-11-28,799,206
3663,2025-04-27,317,209
3664,2025-03-08,764,128
3665,2024-12-21,153,737
3666,2025-04-12,430,239
3667,2024-05-15,148,761
3668,2024-09-22,404,648
3669,2024-07-24,750,85
3670,2024-09-19,809,282
3671,2024-09-23,112,100
3672,2025-02-10,132,520
3673,2024-08-27,609,610
3674,2025-01-22,470,34
3675,2024-12-25,173,531
3676,2024-10-10,12,545
3677,2024-12-26,820,932
3678,2024-06-01,568,333
3679,2024-09-03,283,130
3680,2024-08-20,889,67
3681,2025-03-04,675,283
3682,2025-04-13,593,989
3683,2024-10-25,541,305
3684,2024-07-06,302,304
3685,2024-08-07,693,652
3686,2024-12-14,24,418
3687,2024-09-25,551,769
3688,2025-02-08,922,583
3689,2024-10-21,722,828
3690,2024-12-13,100,376
3691,2024-06-03,346,630
3692,2024-08-28,76,522
3693,2024-08-07,202,655
3694,2024-06-03,490,901
3695,2024-08-19,360,776
3696,2024-08-09,867,764
3697,2025-04-14,425,100
3698,2024-10-03,527,560
3699,2024-11-07,647,448
3700,2024-09-29,667,494
3701,2025-01-30,13,587
3702,2024-07-05,575,870
3703,2024-09-02,131,502
3704,2025-04-03,260,214
3705,2024-08-29,289,512
3706,2024-06-20,561,890
3707,2024-09-18,571,111
3708,2024-08-04,1,619
3709,2024-12-06,911,969
3710,2025-01-17,927,689
3711,2024-12-08,667,780
3712,2024-12-07,298,623
3713,2025-02-14,502,901
3714,2024-05-01,700,593
3715,2025-03-30,901,107
3716,2025-04-12,965,802
3717,2024-10-06,235,656
3718,2024-07-21,817,367
3719,2024-05-15,223,754
3720,2024-12-07,425,909
3721,2025-03-07,637,101
3722,2024-11-15,542,902
3723,2025-02-09,587,525
3724,2025-01-26,427,749
3725,2024-09-11,926,932
3726,2024-09-02,323,112
3727,2025-02-13,648,878
3728,2024-05-23,757,776
3729,2024-08-30,909,127
3730,2024-11-21,730,811
3731,2025-03-12,405,476
3732,2024-10-14,168,926
3733,2025-02-14,97,38
3734,2024-12-27,916,771
3735,2025-03-10,194,990
3736,2024-09-23,203,654
3737,2025-03-14,281,952
3738,2025-03-12,102,231
3739,2025-01-19,330,963
3740,2024-11-21,890,756
3741,2025-04-08,979,967
3742,2024-09-27,800,163
3743,2025-03-10,241,487
3744,2024-11-07,136,567
3745,2024-06-30,497,325
3746,2025-04-19,339,709
3747,2025-04-13,654,71
3748,2024-05-13,585,177
3749,2025-03-02,397,293
3750,2024-05-26,536,996
3751,2025-03-18,127,920
3752,2024-09-14,186,616
3753,2024-06-30,218,338
3754,2025-03-30,923,698
3755,2024-05-11,789,959
3756,2024-09-23,708,828
3757,2025-03-25,185,168
3758,2024-10-16,524,810
3759,2024-12-05,779,445
3760,2024-05-06,349,638
3761,2024-06-10,384,249
3762,2025-02-03,160,825
3763,2024-12-10,961,440
3764,2025-01-13,144,547
3765,2025-04-24,645,542
3766,2024-08-09,105,737
3767,2024-08-18,682,485
3768,2024-10-10,642,17
3769,2024-05-24,400,527
3770,2025-04-23,135,184
3771,2024-05-07,539,723
3772,2025-03-01,745,85
3773,2025-04-20,981,776
3774,2024-12-04,531,515
3775,2024-06-22,705,992
3776,2025-04-18,275,71
3777,2024-09-08,925,31
3778,2024-06-05,183,935
3779,2025-03-04,16,348
3780,2024-06-03,162,435
3781,2025-01-01,628,604
3782,2024-09-13,130,921
3783,2024-08-19,888,974
3784,2025-03-06,827,251
3785,2025-02-05,339,340
3786,2024-05-11,549,545
3787,2024-10-21,813,338
3788,2024-09-08,672,556
3789,2024-12-21,570,383
3790,2025-01-06,281,419
3791,2024-11-26,754,593
3792,2024-12-15,145,642
3793,2024-08-12,210,997
3794,2024-05-27,592,417
3795,2024-11-17,448,436
3796,2025-04-10,37,45
3797,2024-11-03,388,909
3798,2024-12-19,119,61
3799,2025-01-13,618,722
3800,2024-06-15,227,787
3801,2024-06-26,919,456
3802,2024-07-04,654,873
3803,2024-08-17,553,246
3804,2024-05-02,819,153
3805,2025-04-25,341,358
3806,2024-08-17,45,324
3807,2024-11-10,275,880
3808,2024-08-27,237,388
3809,2024-11-27,895,881
3810,2024-07-23,912,501
3811,2024-12-08,50,865
3812,2024-12-21,935,250
3813,2025-04-29,286,955
3814,2025-03-12,740,383
3815,2024-09-27,263,901
3816,2025-01-16,915,313
3817,2024-05-08,326,27
3818,2025-03-28,590,729
3819,2025-03-29,790,793
3820,2024-09-19,35,346
3821,2024-12-03,57,700
3822,2024-06-18,192,180
3823,2024-07-31,72,769
3824,2025-01-29,634,691
3825,2025-01-19,463,48
3826,2024-11-08,876,273
3827,2024-06-22,965,707
3828,2024-12-10,759,444
3829,2024-09-27,806,689
3830,2024-09-18,401,313
3831,2024-09-21,661,341
3832,2025-03-09,777,547
3833,2024-07-06,15,765
3834,2025-03-07,231,637
3835,2024-10-06,73,581
3836,2025-04-20,1,950
3837,2025-03-08,887,293
3838,2024-05-16,780,847
3839,2024-07-18,211,807
3840,2024-10-03,864,161
3841,2024-12-11,930,91
3842,2024-09-26,504,669
3843,2024-07-13,941,376
3844,2025-02-06,645,760
3845,2025-01-11,495,538
3846,2024-11-22,445,242
3847,2024-06-04,819,892
3848,2024-07-21,701,804
3849,2024-07-08,185,265
3850,2024-11-25,773,646
3851,2024-06-05,100,951
3852,2024-10-19,974,631
3853,2025-01-11,746,870
3854,2024-10-20,882,126
3855,2024-11-05,843,639
3856,2024-10-20,657,90
3857,2024-10-29,202,428
3858,2025-03-29,60,429
3859,2025-02-01,843,188
3860,2025-02-18,29,155
3861,2025-03-21,217,792
3862,2024-09-03,278,194
3863,2024-12-23,137,196
3864,2024-05-18,327,613
3865,2024-09-27,933,169
3866,2025-01-01,441,575
3867,2025-04-28,71,53
3868,2024-12-27,655,223
3869,2024-12-24,4,216
3870,2024-11-27,844,386
3871,2025-04-08,533,596
3872,2025-02-22,237,81
3873,2025-03-11,53,806
3874,2025-01-19,626,412
3875,2024-09-03,966,441
3876,2024-08-20,885,913
3877,2024-09-11,225,752
3878,2024-09-03,1000,508
3879,2024-06-23,685,4
3880,2025-01-05,773,684
3881,2024-10-11,420,305
3882,2024-11-20,959,74
3883,2025-02-08,553,567
3884,2025-01-21,79,631
3885,2024-12-19,611,957
3886,2024-12-06,293,927
3887,2025-03-03,421,620
3888,2024-12-11,943,2
3889,2024-08-28,105,172
3890,2025-02-23,597,864
3891,2024-06-26,214,57
3892,2024-05-29,253,567
3893,2024-08-13,669,329
3894,2024-10-09,455,933
3895,2024-08-16,865,897
3896,2024-05-06,548,804
3897,2024-07-10,539,331
3898,2024-07-03,76,540
3899,2024-05-12,622,346
3900,2025-02-24,70,323
3901,2024-11-07,593,954
3902,2024-10-26,402,242
3903,2024-08-07,527,252
3904,2024-11-16,949,922
3905,2024-06-25,604,45
3906,2024-12-01,534,33
3907,2024-07-10,331,259
3908,2024-10-21,127,206
3909,2024-05-30,1,355
3910,2025-01-11,657,126
3911,2025-02-03,10,943
3912,2024-07-21,990,187
3913,2025-04-09,776,615
3914,2024-11-14,599,448
3915,2025-01-07,967,230
3916,2024-12-26,344,880
3917,2024-08-22,231,437
3918,2025-03-02,358,413
3919,2024-11-16,503,942
3920,2025-01-23,953,499
3921,2024-11-23,57,154
3922,2024-08-15,818,330
3923,2024-11-22,258,496
3924,2025-03-22,124,371
3925,2024-10-06,177,261
3926,2025-02-25,375,28
3927,2024-05-13,179,404
3928,2024-10-11,476,970
3929,2024-09-04,722,484
3930,2024-08-03,975,459
3931,2024-08-29,133,697
3932,2024-10-11,55,997
3933,2024-07-11,50,50
3934,2025-02-16,201,578
3935,2024-06-28,17,71
3936,2024-11-01,62,105
3937,2025-02-20,825,319
3938,2025-01-19,977,691
3939,2025-02-12,380,522
3940,2025-02-01,424,157
3941,2024-10-19,894,421
3942,2025-03-20,153,684
3943,2024-09-08,829,700
3944,2025-03-14,974,997
3945,2024-12-26,202,150
3946,2024-10-16,192,2
3947,2025-01-03,817,732
3948,2025-03-06,602,551
3949,2024-10-01,737,414
3950,2024-07-17,200,89
3951,2024-09-22,546,303
3952,2024-07-17,383,203
3953,2024-11-27,227,948
3954,2025-01-22,46,707
3955,2024-05-31,653,332
3956,2024-07-21,96,443
3957,2025-04-18,407,241
3958,2024-12-19,219,866
3959,2024-10-21,391,689
3960,2024-08-12,754,6
3961,2025-04-07,159,721
3962,2024-12-31,766,543
3963,2024-09-08,779,473
3964,2024-08-13,387,661
3965,2024-05-10,689,698
3966,2024-08-26,26,956
3967,2025-02-06,867,914
3968,2025-03-04,579,968
3969,2024-05-07,505,429
3970,2025-04-03,35,537
3971,2024-05-29,382,220
3972,2024-05-13,190,164
3973,2024-12-26,312,232
3974,2024-11-10,359,703
3975,2024-06-30,508,847
3976,2024-10-26,618,38
3977,2024-06-01,639,873
3978,2025-03-02,160,876
3979,2024-07-05,610,187
3980,2025-01-07,437,389
3981,2024-07-25,902,586
3982,2025-02-17,532,780
3983,2025-03-07,245,870
3984,2024-05-21,274,318
3985,2024-10-22,475,318
3986,2024-08-20,458,33
3987,2024-12-15,201,167
3988,2024-09-12,653,509
3989,2025-02-12,620,530
3990,2024-07-09,176,968
3991,2024-12-10,400,94
3992,2024-08-15,124,307
3993,2024-08-26,752,207
3994,2024-12-26,490,452
3995,2025-02-24,964,560
3996,2024-06-06,446,792
3997,2024-12-10,181,474
3998,2024-12-29,180,837
3999,2025-03-08,736,938
4000,2025-01-01,121,364
4001,2025-01-13,878,209
4002,2024-10-09,697,833
4003,2025-04-05,755,320
4004,2024-04-30,419,109
4005,2025-04-24,7,182
4006,2025-01-10,424,758
4007,2024-12-31,916,851
4008,2025-04-07,636,327
4009,2025-04-20,452,14
4010,2025-04-25,911,446
4011,2025-01-21,703,36
4012,2024-12-14,143,437
4013,2024-07-05,523,874
4014,2024-10-12,600,57
4015,2024-05-24,921,242
4016,2025-03-03,429,638
4017,2025-03-14,556,305
4018,2024-06-29,239,566
4019,2024-06-01,681,240
4020,2025-01-14,34,953
4021,2024-11-26,967,957
4022,2024-08-16,837,555
4023,2024-11-21,179,633
4024,2024-07-29,670,878
4025,2024-05-28,941,994
4026,2024-12-09,680,21
4027,2025-01-20,457,761
4028,2024-09-06,760,623
4029,2025-01-19,63,380
4030,2024-10-07,614,90
4031,2024-05-12,40,567
4032,2025-04-30,243,413
4033,2025-03-11,4,708
4034,2024-08-29,125,991
4035,2025-04-03,885,782
4036,2024-11-14,588,660
4037,2024-12-16,120,500
4038,2024-05-30,169,442
4039,2024-09-06,251,465
4040,2024-10-05,235,725
4041,2024-09-22,170,219
4042,2025-01-03,746,874
4043,2024-12-20,605,217
4044,2024-08-10,406,403
4045,2024-07-16,578,451
4046,2024-12-20,910,675
4047,2024-08-18,137,792
4048,2024-07-25,658,462
4049,2024-11-23,799,123
4050,2024-09-24,837,636
4051,2025-04-23,111,849
4052,2025-01-30,865,363
4053,2025-01-03,614,680
4054,2025-01-12,692,693
4055,2024-06-09,628,879
4056,2025-02-03,326,770
4057,2024-05-23,546,850
4058,2025-02-02,166,101
4059,2024-09-24,812,942
4060,2024-11-27,334,841
4061,2024-05-02,247,229
4062,2024-12-12,222,7
4063,2024-08-02,130,651
4064,2025-02-01,131,673
4065,2024-08-10,679,456
4066,2025-02-26,866,314
4067,2024-06-06,567,682
4068,2025-02-06,29,326
4069,2024-05-06,468,64
4070,2025-04-04,424,647
4071,2024-07-08,661,396
4072,2025-03-05,668,935
4073,2024-07-06,474,206
4074,2024-10-01,535,554
4075,2024-07-02,777,699
4076,2025-01-07,302,913
4077,2024-07-26,1000,872
4078,2024-07-22,64,728
4079,2024-09-28,155,365
4080,2024-05-30,630,159
4081,2024-10-28,837,235
4082,2024-05-18,798,779
4083,2025-04-04,316,149
4084,2025-03-15,630,293
4085,2025-03-05,707,66
4086,2025-04-26,831,732
4087,2024-07-19,485,748
4088,2024-11-28,715,405
4089,2025-01-19,758,999
4090,2024-05-12,285,882
4091,2024-10-15,561,508
4092,2024-06-10,323,133
4093,2024-09-24,261,490
4094,2025-03-05,184,43
4095,2025-02-12,860,925
4096,2024-08-02,103,488
4097,2024-10-29,716,871
4098,2024-10-04,639,937
4099,2024-11-07,532,989
4100,2024-07-29,781,236
4101,2024-05-18,112,717
4102,2024-08-05,863,599
4103,2025-01-24,178,177
4104,2024-12-26,96,131
4105,2024-05-07,728,710
4106,2024-12-07,572,558
4107,2025-01-11,862,556
4108,2025-03-10,82,758
4109,2024-11-03,484,907
4110,2025-04-27,301,575
4111,2025-04-01,370,62
4112,2024-06-03,557,601
4113,2024-10-15,304,223
4114,2024-09-06,473,163
4115,2024-09-21,918,740
4116,2025-01-25,571,345
4117,2024-11-24,745,171
4118,2025-02-27,298,48
4119,2024-08-18,962,508
4120,2025-01-05,923,949
4121,2024-07-10,359,501
4122,2024-11-27,794,88
4123,2025-01-12,334,935
4124,2024-05-28,592,33
4125,2024-09-11,501,368
4126,2024-12-14,651,444
4127,2024-12-01,647,875
4128,2024-07-22,217,838
4129,2024-11-20,125,142
4130,2024-08-07,844,396
4131,2024-08-06,279,957
4132,2024-09-17,98,402
4133,2024-07-10,758,67
4134,2024-10-17,558,226
4135,2025-02-09,192,870
4136,2024-07-14,793,748
4137,2024-05-23,5,996
4138,2024-12-18,339,961
4139,2024-08-28,662,117
4140,2024-11-06,28,459
4141,2024-11-26,438,371
4142,2025-04-01,496,699
4143,2024-10-20,339,634
4144,2024-10-27,329,996
4145,2024-05-16,717,919
4146,2024-05-07,262,419
4147,2024-12-09,640,700
4148,2024-07-27,321,600
4149,2024-10-18,504,241
4150,2024-07-03,125,656
4151,2024-06-25,935,5
4152,2025-02-08,583,843
4153,2025-03-25,724,950
4154,2025-03-09,26,762
4155,2024-05-23,108,101
4156,2024-07-17,65,789
4157,2024-05-15,552,643
4158,2024-08-19,386,775
4159,2024-06-24,620,512
4160,2024-12-30,551,526
4161,2025-01-09,136,632
4162,2024-10-06,724,630
4163,2024-09-04,36,494
4164,2024-07-15,37,62
4165,2024-12-23,18,897
4166,2024-11-25,105,662
4167,2024-06-07,459,557
4168,2024-12-04,2,714
4169,2024-08-09,143,96
4170,2024-12-29,823,645
4171,2025-02-19,913,264
4172,2024-09-03,39,863
4173,2025-04-27,709,534
4174,2024-06-13,728,89
4175,2025-01-01,624,125
4176,2025-04-03,226,922
4177,2024-11-20,375,814
4178,2024-12-23,799,959
4179,2024-11-12,835,690
4180,2025-03-03,223,421
4181,2024-09-23,187,30
4182,2025-01-29,397,427
4183,2024-10-14,362,202
4184,2025-02-01,158,932
4185,2024-08-20,309,428
4186,2025-04-23,479,408
4187,2024-07-05,788,618
4188,2024-12-06,623,537
4189,2024-05-14,203,89
4190,2024-11-16,405,716
4191,2025-04-08,510,192
4192,2024-07-17,548,296
4193,2024-05-20,789,460
4194,2024-10-26,947,942
4195,2025-01-10,569,141
4196,2024-12-24,933,398
4197,2025-01-24,349,609
4198,2025-03-11,666,880
4199,2024-11-23,330,291
4200,2024-06-08,139,98
4201,2024-10-17,424,871
4202,2025-04-09,475,240
4203,2025-02-04,639,473
4204,2024-12-07,669,297
4205,2024-07-16,454,543
4206,2024-11-13,6,450
4207,2024-06-02,978,540
4208,2025-01-10,797,586
4209,2025-01-01,152,914
4210,2024-07-06,809,680
4211,2024-06-28,46,799
4212,2024-07-01,362,837
4213,2024-09-12,263,361
4214,2024-08-16,7,342
4215,2025-04-29,430,624
4216,2024-12-18,781,6
4217,2024-12-11,825,592
4218,2024-12-07,106,687
4219,2024-10-30,146,620
4220,2024-06-23,389,458
4221,2024-05-25,209,415
4222,2025-01-10,758,122
4223,2024-12-26,629,241
4224,2024-08-14,687,977
4225,2024-10-11,464,493
4226,2024-05-27,423,832
4227,2025-01-20,863,158
4228,2024-07-09,324,765
4229,2024-07-24,677,323
4230,2024-05-21,861,227
4231,2024-12-25,735,442
4232,2025-04-04,341,612
4233,2024-11-27,357,286
4234,2024-07-24,262,647
4235,2024-05-30,311,745
4236,2025-01-08,548,152
4237,2025-01-17,107,787
4238,2024-05-22,416,28
4239,2024-06-04,1000,740
4240,2024-12-31,765,744
4241,2025-03-31,366,800
4242,2025-02-25,591,660
4243,2025-02-11,968,497
4244,2024-05-27,759,404
4245,2024-10-04,796,898
4246,2025-04-21,398,904
4247,2024-08-16,553,314
4248,2024-09-16,131,74
4249,2024-06-08,250,113
4250,2024-12-22,395,956
4251,2024-05-04,459,214
4252,2025-03-09,975,955
4253,2025-04-24,785,869
4254,2024-10-15,644,190
4255,2024-12-23,361,596
4256,2025-02-07,886,963
4257,2024-09-16,790,583
4258,2024-11-09,481,156
4259,2024-06-10,793,915
4260,2024-10-01,183,644
4261,2024-12-21,141,796
4262,2025-02-12,795,428
4263,2025-01-24,209,153
4264,2024-12-25,352,353
4265,2024-10-08,808,472
4266,2025-04-10,45,336
4267,2025-03-12,933,583
4268,2025-01-28,692,147
4269,2025-03-24,459,117
4270,2024-05-27,444,946
4271,2025-04-15,309,850
4272,2024-06-19,116,870
4273,2024-07-25,748,573
4274,2024-07-06,147,648
4275,2025-01-08,637,197
4276,2024-08-26,199,901
4277,2024-08-20,817,553
4278,2024-07-10,938,16
4279,2025-02-06,441,954
4280,2024-09-01,401,533
4281,2024-07-20,972,738
4282,2025-02-18,435,570
4283,2025-01-11,511,622
4284,2024-07-16,626,884
4285,2024-05-03,369,672
4286,2025-02-06,350,421
4287,2025-01-14,394,484
4288,2024-06-23,282,531
4289,2024-06-23,688,785
4290,2024-11-16,894,359
4291,2024-08-07,704,885
4292,2024-06-06,912,530
4293,2024-10-11,871,611
4294,2025-01-11,348,832
4295,2024-08-30,62,982
4296,2025-04-06,809,675
4297,2024-06-14,404,730
4298,2025-03-22,983,124
4299,2024-07-04,281,915
4300,2024-08-16,948,656
4301,2024-07-04,565,184
4302,2024-10-27,291,653
4303,2025-02-12,43,533
4304,2024-07-05,905,382
4305,2025-04-18,787,795
4306,2025-02-14,396,550
4307,2025-01-19,156,828
4308,2025-03-03,940,952
4309,2024-07-07,105,864
4310,2024-07-03,363,838
4311,2024-06-14,996,353
4312,2025-01-09,104,317
4313,2024-09-07,735,899
4314,2024-08-21,173,213
4315,2025-04-19,390,165
4316,2025-02-20,626,830
4317,2024-10-18,673,904
4318,2024-05-16,629,834
4319,2025-01-07,306,637
4320,2024-06-09,711,31
4321,2025-01-10,325,406
4322,2024-10-18,574,965
4323,2024-06-04,263,398
4324,2024-11-26,712,196
4325,2025-01-22,212,808
4326,2025-02-08,930,19
4327,2024-06-12,123,795
4328,2025-03-26,900,842
4329,2024-10-06,762,391
4330,2024-12-19,704,898
4331,2024-08-26,17,380
4332,2025-02-04,825,579
4333,2024-08-30,163,945
4334,2024-05-28,306,481
4335,2024-12-09,418,925
4336,2024-10-20,29,416
4337,2024-11-29,737,458
4338,2025-04-14,520,300
4339,2025-03-25,525,130
4340,2024-08-18,230,374
4341,2025-04-17,581,296
4342,2025-02-15,330,534
4343,2024-06-08,654,849
4344,2024-11-28,489,342
4345,2024-07-23,625,779
4346,2024-07-31,658,846
4347,2024-10-14,29,78
4348,2025-01-22,17,182
4349,2024-12-30,798,749
4350,2025-04-11,111,349
4351,2024-12-03,164,7
4352,2025-02-11,936,146
4353,2024-10-17,314,620
4354,2024-11-03,873,150
4355,2025-03-12,423,384
4356,2025-03-10,824,233
4357,2024-06-28,850,530
4358,2024-12-27,512,901
4359,2025-01-14,23,357
4360,2024-06-08,915,126
4361,2024-09-09,492,382
4362,2024-06-15,292,951
4363,2024-10-25,2,559
4364,2025-02-02,951,878
4365,2024-07-19,38,774
4366,2024-12-09,867,94
4367,2025-01-23,429,970
4368,2024-05-16,316,315
4369,2024-10-21,51,900
4370,2024-05-25,334,736
4371,2024-08-01,62,751
4372,2025-01-26,831,927
4373,2024-07-25,77,868
4374,2024-10-07,105,356
4375,2024-07-06,860,555
4376,2024-05-20,151,810
4377,2024-11-24,793,582
4378,2025-04-14,591,262
4379,2024-08-15,824,861
4380,2024-07-18,276,635
4381,2025-01-16,184,336
4382,2024-11-08,494,573
4383,2025-02-13,396,595
4384,2024-06-15,96,382
4385,2024-12-20,796,402
4386,2025-02-23,502,319
4387,2024-09-01,263,687
4388,2024-05-04,449,602
4389,2024-12-12,931,845
4390,2024-09-15,221,39
4391,2024-07-21,497,757
4392,2024-05-03,198,634
4393,2024-08-02,517,5
4394,2025-04-26,875,153
4395,2024-10-05,609,494
4396,2024-10-28,48,354
4397,2024-12-02,527,614
4398,2024-08-17,373,473
4399,2025-03-24,16,769
4400,2024-11-29,658,358
4401,2024-12-01,784,2
4402,2025-01-27,773,353
4403,2024-07-16,127,472
4404,2024-10-31,835,499
4405,2025-02-03,746,214
4406,2025-03-01,265,392
4407,2025-01-01,873,430
4408,2025-02-20,268,329
4409,2025-02-27,416,528
4410,2025-01-06,111,156
4411,2024-10-19,757,268
4412,2024-05-29,807,338
4413,2024-09-09,146,573
4414,2024-12-09,27,349
4415,2025-02-17,166,93
4416,2024-06-02,21,875
4417,2024-09-01,605,695
4418,2025-01-28,792,104
4419,2025-01-17,141,863
4420,2024-08-06,504,707
4421,2024-09-19,419,610
4422,2024-08-31,897,830
4423,2024-06-22,235,224
4424,2025-04-23,557,776
4425,2024-09-22,688,183
4426,2025-04-27,723,117
4427,2024-06-22,788,650
4428,2024-09-05,687,216
4429,2024-08-27,604,939
4430,2025-02-06,82,202
4431,2024-09-20,82,988
4432,2024-05-10,472,728
4433,2024-12-07,372,805
4434,2025-02-14,113,547
4435,2024-08-16,133,261
4436,2024-11-13,714,432
4437,2025-04-03,83,17
4438,2025-01-11,328,966
4439,2024-07-23,172,394
4440,2024-07-02,480,864
4441,2024-05-02,988,35
4442,2024-08-31,592,522
4443,2024-07-05,973,792
4444,2025-03-08,160,879
4445,2025-01-16,794,459
4446,2024-05-08,722,503
4447,2024-09-25,992,873
4448,2024-11-13,930,769
4449,2024-08-09,288,962
4450,2024-07-17,695,795
4451,2024-07-11,989,216
4452,2025-02-22,91,734
4453,2024-09-16,927,587
4454,2024-10-09,852,573
4455,2024-11-01,727,312
4456,2024-08-19,810,460
4457,2024-10-26,84,362
4458,2025-01-02,908,820
4459,2025-03-05,42,115
4460,2024-06-15,908,369
4461,2024-05-17,710,556
4462,2024-12-04,704,789
4463,2024-11-22,886,752
4464,2024-05-12,11,558
4465,2024-07-06,143,71
4466,2024-09-28,430,989
4467,2025-02-08,403,270
4468,2025-02-09,948,276
4469,2024-05-15,662,569
4470,2024-08-09,913,502
4471,2024-08-08,753,95
4472,2025-04-19,469,909
4473,2024-09-30,614,597
4474,2024-06-26,253,327
4475,2024-05-07,557,786
4476,2025-04-21,434,271
4477,2025-02-06,700,863
4478,2024-06-16,434,497
4479,2024-09-17,198,716
4480,2024-08-03,146,561
4481,2024-08-21,356,45
4482,2024-09-15,684,231
4483,2024-11-14,562,39
4484,2024-08-10,822,335
4485,2024-07-27,958,801
4486,2025-01-28,116,267
4487,2024-06-04,85,526
4488,2025-02-20,770,614
4489,2024-04-30,938,325
4490,2024-10-12,452,401
4491,2025-04-29,328,584
4492,2024-12-18,37,189
4493,2024-11-07,980,114
4494,2025-02-14,921,760
4495,2024-08-15,637,694
4496,2025-04-16,249,333
4497,2024-10-17,496,961
4498,2025-04-18,599,884
4499,2024-11-15,820,375
4500,2024-09-13,227,163
4501,2024-09-03,652,88
4502,2024-05-20,550,941
4503,2024-05-11,683,474
4504,2025-01-20,694,50
4505,2025-01-22,275,347
4506,2024-05-11,27,682
4507,2025-02-28,773,788
4508,2024-05-19,92,686
4509,2024-09-07,938,470
4510,2024-12-29,651,807
4511,2024-08-03,146,591
4512,2025-03-14,706,642
4513,2024-07-26,153,836
4514,2024-05-21,980,849
4515,2024-12-26,242,997
4516,2025-03-26,203,367
4517,2025-02-03,631,668
4518,2025-02-16,219,664
4519,2025-03-18,414,57
4520,2024-10-13,713,187
4521,2025-03-17,406,286
4522,2025-02-08,626,735
4523,2024-12-21,859,685
4524,2024-11-06,352,382
4525,2024-07-06,973,37
4526,2025-02-26,23,257
4527,2025-03-03,261,615
4528,2025-02-21,507,485
4529,2025-02-07,36,238
4530,2024-06-22,126,262
4531,2024-07-17,407,818
4532,2024-10-11,788,675
4533,2024-12-24,879,93
4534,2024-08-25,118,92
4535,2025-02-26,786,18
4536,2025-04-28,279,657
4537,2025-01-02,501,983
4538,2024-12-16,826,589
4539,2024-12-10,872,909
4540,2024-06-12,59,682
4541,2025-01-26,274,293
4542,2024-08-12,650,434
4543,2025-02-13,187,233
4544,2024-11-29,26,437
4545,2025-03-23,875,761
4546,2025-01-01,487,794
4547,2024-08-11,436,911
4548,2024-09-13,907,276
4549,2024-09-29,406,102
4550,2024-09-08,146,613
4551,2024-08-27,316,872
4552,2024-10-03,273,649
4553,2025-02-16,950,477
4554,2025-04-04,931,644
4555,2025-03-15,897,536
4556,2024-12-08,777,250
4557,2024-12-06,206,749
4558,2024-07-07,966,144
4559,2024-10-07,205,442
4560,2024-08-13,42,636
4561,2024-05-31,360,717
4562,2024-09-01,498,860
4563,2024-05-11,850,839
4564,2024-10-11,206,993
4565,2025-02-23,535,733
4566,2025-03-12,251,713
4567,2024-06-11,651,621
4568,2024-09-15,509,362
4569,2024-06-28,685,109
4570,2024-11-29,233,648
4571,2024-07-23,845,255
4572,2024-08-02,549,236
4573,2024-09-25,438,367
4574,2024-11-20,470,281
4575,2025-02-27,875,948
4576,2025-02-17,195,715
4577,2024-11-22,321,375
4578,2025-04-27,317,241
4579,2024-09-11,241,190
4580,2025-02-15,348,394
4581,2024-06-16,669,996
4582,2025-02-22,70,528
4583,2024-12-24,299,733
4584,2024-06-24,483,723
4585,2024-11-10,243,911
4586,2025-03-16,105,190
4587,2025-02-06,753,509
4588,2025-03-16,472,915
4589,2024-12-06,10,500
4590,2024-11-16,972,936
4591,2025-04-05,404,212
4592,2025-04-07,733,949
4593,2025-03-12,704,787
4594,2024-11-23,936,324
4595,2025-02-01,550,284
4596,2024-11-04,334,105
4597,2024-08-14,139,810
4598,2024-05-02,83,908
4599,2024-05-29,209,658
4600,2024-08-03,458,531
4601,2024-06-07,248,267
4602,2024-07-11,958,555
4603,2024-09-10,1000,514
4604,2025-01-22,439,163
4605,2024-07-18,144,202
4606,2024-11-22,310,758
4607,2024-10-31,27,613
4608,2024-12-26,830,702
4609,2025-03-02,78,56
4610,2025-03-30,219,270
4611,2024-10-20,609,842
4612,2024-11-30,696,419
4613,2025-01-17,230,24
4614,2025-04-06,187,541
4615,2024-05-31,4,470
4616,2025-02-14,545,860
4617,2024-07-07,339,322
4618,2025-03-10,712,630
4619,2024-08-24,976,98
4620,2024-10-19,783,518
4621,2025-01-22,976,880
4622,2024-08-31,760,20
4623,2024-08-13,326,504
4624,2025-01-07,70,116
4625,2025-04-02,763,339
4626,2024-09-08,325,128
4627,2024-11-23,133,9
4628,2025-04-16,790,462
4629,2024-08-12,70,561
4630,2025-01-02,727,122
4631,2024-09-10,678,288
4632,2024-10-21,504,636
4633,2025-01-17,544,582
4634,2024-11-17,703,629
4635,2025-01-20,481,450
4636,2024-06-11,277,455
4637,2025-02-04,906,309
4638,2025-04-04,226,600
4639,2025-04-21,767,196
4640,2024-08-03,92,697
4641,2024-08-22,665,466
4642,2025-02-03,685,396
4643,2024-09-28,589,317
4644,2024-09-27,513,363
4645,2025-03-04,442,742
4646,2025-03-01,751,16
4647,2024-07-24,347,198
4648,2024-05-08,176,195
4649,2025-04-26,251,214
4650,2024-08-15,794,358
4651,2024-06-03,928,258
4652,2024-08-30,439,301
4653,2025-03-24,336,316
4654,2024-07-18,110,88
4655,2024-08-09,49,334
4656,2025-04-15,270,833
4657,2024-06-06,913,317
4658,2025-01-14,244,804
4659,2024-10-15,694,404
4660,2024-10-26,153,958
4661,2025-04-22,288,300
4662,2024-12-12,677,197
4663,2025-03-28,338,414
4664,2024-11-01,168,606
4665,2025-03-26,216,355
4666,2024-07-23,756,152
4667,2025-02-15,580,562
4668,2025-01-25,860,748
4669,2024-12-16,731,463
4670,2024-05-28,62,114
4671,2025-01-01,148,981
4672,2024-08-17,407,828
4673,2024-10-11,713,529
4674,2025-04-18,721,658
4675,2025-01-08,789,929
4676,2024-05-06,19,954
4677,2025-03-19,557,38
4678,2024-10-06,261,745
4679,2024-10-18,691,358
4680,2024-11-27,496,113
4681,2024-07-17,950,884
4682,2024-05-13,899,563
4683,2024-06-06,332,677
4684,2025-01-04,168,72
4685,2024-06-12,460,575
4686,2024-12-07,62,137
4687,2024-11-18,200,589
4688,2024-06-08,278,516
4689,2024-10-22,372,44
4690,2024-12-17,158,859
4691,2024-05-18,925,667
4692,2024-12-03,415,610
4693,2025-04-15,779,846
4694,2025-03-15,488,788
4695,2024-08-03,978,377
4696,2024-11-13,585,86
4697,2025-02-12,875,375
4698,2024-07-26,378,940
4699,2025-03-25,427,737
4700,2024-05-04,495,12
4701,2025-02-10,191,51
4702,2024-07-03,118,983
4703,2025-04-25,270,416
4704,2024-11-01,562,400
4705,2024-07-05,227,929
4706,2024-10-22,465,827
4707,2025-03-10,580,990
4708,2025-01-04,534,974
4709,2024-06-30,929,565
4710,2024-12-11,231,517
4711,2024-06-04,956,334
4712,2025-04-08,746,876
4713,2024-10-14,47,555
4714,2024-05-14,211,69
4715,2024-09-22,939,276
4716,2025-01-28,580,669
4717,2024-09-18,683,175
4718,2024-12-09,296,201
4719,2024-09-27,290,182
4720,2024-10-15,319,123
4721,2024-11-20,447,618
4722,2025-04-18,723,465
4723,2024-05-18,3,612
4724,2024-06-27,221,862
4725,2025-03-28,428,722
4726,2024-07-22,61,620
4727,2024-12-08,484,167
4728,2024-07-12,345,305
4729,2024-11-20,778,427
4730,2025-04-05,350,852
4731,2024-11-28,782,913
4732,2024-12-12,373,993
4733,2024-10-11,154,923
4734,2024-05-30,871,711
4735,2024-12-22,644,117
4736,2025-04-09,17,50
4737,2025-03-20,255,189
4738,2024-12-22,749,707
4739,2024-05-21,886,388
4740,2024-08-27,475,957
4741,2024-11-27,678,166
4742,2024-07-09,549,132
4743,2025-03-16,938,603
4744,2024-08-13,602,24
4745,2025-01-23,188,327
4746,2024-12-10,355,824
4747,2024-09-15,45,999
4748,2024-11-28,933,785
4749,2024-11-28,335,687
4750,2024-12-16,904,576
4751,2024-06-21,604,646
4752,2025-04-30,536,217
4753,2024-07-11,572,482
4754,2025-01-13,725,39
4755,2024-05-22,311,654
4756,2024-06-08,646,412
4757,2025-01-26,576,315
4758,2024-08-31,752,15
4759,2024-09-03,548,548
4760,2024-07-19,240,877
4761,2025-04-09,40,670
4762,2025-04-21,746,263
4763,2024-08-22,408,621
4764,2025-02-01,104,56
4765,2024-08-10,518,167
4766,2025-03-24,631,628
4767,2024-11-23,159,20
4768,2024-07-11,13,278
4769,2024-05-22,420,650
4770,2025-01-15,590,492
4771,2025-03-03,348,34
4772,2024-05-03,432,393
4773,2025-04-26,310,128
4774,2025-02-11,380,347
4775,2025-04-04,763,923
4776,2024-11-11,651,688
4777,2025-04-20,582,762
4778,2024-05-27,705,138
4779,2024-09-07,708,548
4780,2025-01-30,515,814
4781,2025-01-02,131,197
4782,2025-02-01,808,138
4783,2024-09-17,191,403
4784,2025-03-01,17,888
4785,2025-03-08,75,965
4786,2024-09-10,489,34
4787,2025-01-10,523,948
4788,2024-07-18,199,223
4789,2024-05-24,443,148
4790,2024-07-20,672,108
4791,2024-09-11,239,62
4792,2024-10-01,415,827
4793,2024-05-09,365,331
4794,2024-11-06,966,87
4795,2024-11-15,459,793
4796,2024-07-12,283,280
4797,2024-06-17,460,987
4798,2025-02-12,511,922
4799,2024-07-14,195,119
4800,2024-09-21,821,698
4801,2024-07-22,163,206
4802,2024-11-05,87,419
4803,2024-10-30,972,405
4804,2024-07-30,374,210
4805,2024-09-25,612,3
4806,2024-10-26,325,248
4807,2024-06-17,935,861
4808,2024-09-08,13,672
4809,2024-06-24,90,579
4810,2024-10-09,165,760
4811,2025-01-20,453,167
4812,2025-02-16,387,41
4813,2024-12-08,84,643
4814,2025-04-03,192,657
4815,2025-02-15,553,521
4816,2024-08-02,827,418
4817,2024-05-09,2,99
4818,2024-11-29,146,213
4819,2024-08-09,191,469
4820,2024-09-30,171,597
4821,2024-12-08,483,598
4822,2024-06-29,769,780
4823,2025-04-14,698,524
4824,2024-10-12,775,431
4825,2024-10-15,146,420
4826,2025-03-30,998,234
4827,2025-01-07,674,126
4828,2024-10-30,357,270
4829,2025-03-11,667,285
4830,2024-11-01,830,580
4831,2025-02-26,885,631
4832,2024-11-22,761,26
4833,2025-02-18,426,85
4834,2024-09-17,368,491
4835,2025-03-31,691,354
4836,2024-08-27,994,566
4837,2024-06-10,654,75
4838,2024-11-05,426,509
4839,2025-04-18,455,430
4840,2024-09-23,118,284
4841,2025-01-11,698,457
4842,2024-04-30,563,474
4843,2024-12-06,478,252
4844,2025-03-29,461,991
4845,2024-07-27,734,417
4846,2024-12-22,479,255
4847,2024-05-03,938,974
4848,2024-09-17,44,327
4849,2025-03-22,453,644
4850,2024-09-05,810,693
4851,2025-02-20,807,376
4852,2024-08-06,876,924
4853,2025-04-13,177,583
4854,2025-02-23,165,912
4855,2025-03-21,115,667
4856,2025-03-20,285,337
4857,2024-05-09,188,300
4858,2024-10-18,53,33
4859,2024-05-11,481,135
4860,2024-11-28,300,137
4861,2024-05-09,916,39
4862,2024-11-21,856,301
4863,2024-10-31,635,360
4864,2025-02-19,640,197
4865,2024-07-14,628,865
4866,2024-07-07,711,354
4867,2024-07-20,236,154
4868,2025-02-17,421,587
4869,2024-10-19,841,361
4870,2024-12-13,268,472
4871,2024-12-03,14,397
4872,2025-04-23,489,956
4873,2024-08-11,473,363
4874,2024-11-13,805,443
4875,2024-06-03,242,924
4876,2024-09-02,47,627
4877,2025-01-07,612,327
4878,2025-01-01,892,214
4879,2024-10-27,546,529
4880,2025-02-22,624,527
4881,2024-06-06,609,183
4882,2024-07-14,380,204
4883,2024-09-24,473,757
4884,2024-05-23,643,822
4885,2024-05-14,80,228
4886,2024-07-04,103,759
4887,2025-03-13,236,723
4888,2024-10-20,964,39
4889,2024-06-08,415,42
4890,2024-12-23,961,352
4891,2024-08-20,198,525
4892,2025-01-20,959,910
4893,2024-09-22,731,61
4894,2025-04-16,780,447
4895,2024-11-16,208,762
4896,2024-12-20,211,54
4897,2024-07-21,173,161
4898,2025-04-04,399,724
4899,2024-05-29,916,446
4900,2024-08-15,161,957
4901,2025-02-14,941,776
4902,2025-03-11,100,764
4903,2024-11-18,25,975
4904,2024-08-29,495,291
4905,2024-12-31,494,904
4906,2024-12-08,883,616
4907,2024-09-29,240,661
4908,2025-03-02,840,705
4909,2024-11-17,250,422
4910,2025-02-06,200,654
4911,2024-12-29,134,901
4912,2024-10-05,974,53
4913,2024-07-30,436,762
4914,2024-12-31,970,561
4915,2024-06-20,534,710
4916,2025-04-08,748,752
4917,2024-05-18,589,173
4918,2024-07-07,259,115
4919,2024-11-10,240,342
4920,2025-01-09,47,773
4921,2024-06-20,218,618
4922,2025-02-23,755,100
4923,2025-01-16,708,952
4924,2024-11-21,267,602
4925,2024-12-31,861,594
4926,2024-08-15,924,395
4927,2024-09-15,146,981
4928,2025-01-25,956,3
4929,2024-09-20,343,1000
4930,2025-02-23,928,627
4931,2025-04-21,977,250
4932,2025-03-01,427,612
4933,2025-03-17,207,546
4934,2024-10-10,345,180
4935,2025-01-23,404,849
4936,2024-07-11,208,529
4937,2024-07-14,311,823
4938,2024-10-08,476,519
4939,2024-08-21,715,535
4940,2025-03-16,663,40
4941,2025-01-12,232,505
4942,2025-03-20,714,508
4943,2025-04-05,774,25
4944,2025-01-18,375,180
4945,2024-12-14,676,636
4946,2024-08-28,556,947
4947,2024-10-27,208,699
4948,2024-10-02,314,903
4949,2025-01-08,110,133
4950,2024-07-07,964,261
4951,2024-05-26,594,117
4952,2024-05-10,485,770
4953,2024-06-30,938,817
4954,2025-03-04,42,491
4955,2025-03-17,410,279
4956,2025-02-17,330,568
4957,2024-11-04,451,805
4958,2024-07-07,626,326
4959,2025-04-04,266,776
4960,2024-11-16,612,940
4961,2024-12-30,995,867
4962,2025-02-08,236,175
4963,2024-09-14,834,312
4964,2025-04-21,948,928
4965,2024-11-14,782,223
4966,2024-06-12,904,968
4967,2025-03-12,297,309
4968,2024-12-03,175,459
4969,2025-01-03,643,1
4970,2024-06-21,103,158
4971,2024-10-31,158,771
4972,2024-10-09,773,753
4973,2025-02-27,587,657
4974,2025-03-30,474,571
4975,2024-11-15,692,215
4976,2024-12-03,783,759
4977,2024-06-08,829,576
4978,2024-11-01,678,925
4979,2024-07-25,671,298
4980,2024-07-23,59,758
4981,2024-09-26,737,705
4982,2024-07-17,520,391
4983,2025-04-02,697,132
4984,2024-05-24,840,481
4985,2025-04-08,234,651
4986,2024-10-17,943,725
4987,2024-07-15,827,968
4988,2025-01-25,433,875
4989,2024-07-17,581,521
4990,2024-11-23,939,603
4991,2024-07-24,150,781
4992,2024-12-02,214,683
4993,2025-01-09,941,220
4994,2025-03-14,92,840
4995,2024-07-07,429,629
4996,2024-10-27,71,412
4997,2025-01-22,417,858
4998,2024-07-15,306,573
4999,2024-12-07,124,756
5000,2024-07-06,11,386
5001,2024-08-09,971,294
5002,2024-10-29,267,420
5003,2024-06-30,373,900
5004,2024-07-20,739,865
5005,2024-12-31,691,346
5006,2025-02-01,1,705
5007,2024-09-21,470,629
5008,2025-02-18,340,927
5009,2024-11-01,189,349
5010,2024-11-15,662,100
5011,2024-09-21,559,313
5012,2024-07-20,43,263
5013,2024-09-07,926,701
5014,2024-10-24,700,268
5015,2024-05-20,6,216
5016,2025-02-17,320,142
5017,2024-08-26,305,194
5018,2025-03-06,756,966
5019,2025-04-02,429,656
5020,2025-04-16,746,311
5021,2024-11-11,407,587
5022,2024-08-26,375,701
5023,2025-04-16,880,144
5024,2024-07-25,441,970
5025,2024-05-22,562,784
5026,2024-11-25,633,480
5027,2025-01-04,531,962
5028,2024-06-18,146,571
5029,2024-10-16,15,18
5030,2025-01-27,324,700
5031,2024-11-18,911,60
5032,2024-07-12,892,417
5033,2024-12-03,712,224
5034,2025-02-02,765,21
5035,2024-09-27,832,235
5036,2025-01-25,535,382
5037,2024-11-24,260,785
5038,2024-11-21,227,210
5039,2025-04-05,182,339
5040,2024-08-16,16,897
5041,2024-07-07,154,6
5042,2024-04-30,491,211
5043,2025-02-07,9,107
5044,2025-04-23,115,897
5045,2025-03-11,881,137
5046,2024-11-09,387,567
5047,2024-11-08,379,789
5048,2024-06-08,445,965
5049,2024-07-07,871,494
5050,2025-01-25,940,164
5051,2024-10-09,276,335
5052,2025-01-01,501,667
5053,2024-07-24,547,377
5054,2025-04-08,160,896
5055,2024-09-08,434,538
5056,2024-09-24,290,824
5057,2024-09-28,981,476
5058,2024-06-20,390,378
5059,2024-09-28,722,194
5060,2024-09-01,859,28
5061,2024-12-22,950,838
5062,2024-08-11,18,500
5063,2024-11-29,841,787
5064,2024-06-01,358,89
5065,2025-04-16,105,839
5066,2025-01-14,20,253
5067,2024-11-14,89,639
5068,2024-06-23,94,855
5069,2025-02-06,308,996
5070,2025-03-21,778,432
5071,2024-11-15,513,353
5072,2024-10-12,711,728
5073,2024-10-25,971,67
5074,2025-01-05,888,984
5075,2025-03-22,21,171
5076,2024-06-30,210,687
5077,2024-07-30,627,318
5078,2024-11-30,97,508
5079,2024-07-18,486,520
5080,2024-05-19,181,990
5081,2024-05-30,270,790
5082,2024-09-03,299,88
5083,2024-09-13,653,190
5084,2025-03-16,103,28
5085,2024-10-14,10,403
5086,2024-05-12,646,726
5087,2025-03-13,819,580
5088,2024-10-08,546,720
5089,2024-07-25,147,194
5090,2024-11-18,973,281
5091,2024-10-10,573,320
5092,2024-08-17,738,551
5093,2024-07-28,140,904
5094,2025-02-17,40,428
5095,2024-10-14,753,523
5096,2024-08-09,923,374
5097,2024-05-12,183,472
5098,2025-01-14,570,43
5099,2024-12-15,561,900
5100,2024-06-07,427,221
5101,2024-06-08,192,726
5102,2024-10-13,214,412
5103,2024-09-05,863,845
5104,2024-12-01,236,70
5105,2025-01-24,694,412
5106,2024-08-31,768,314
5107,2025-02-02,259,995
5108,2024-05-03,719,42
5109,2024-09-28,997,936
5110,2024-10-26,771,979
5111,2025-02-23,573,241
5112,2025-03-09,549,897
5113,2025-03-04,973,5
5114,2025-02-24,324,408
5115,2024-09-02,707,154
5116,2025-01-21,641,963
5117,2025-04-05,434,159
5118,2025-04-14,962,619
5119,2024-06-27,247,736
5120,2024-09-24,644,610
5121,2025-01-13,872,968
5122,2025-02-12,831,947
5123,2024-11-16,368,822
5124,2024-10-06,513,1000
5125,2024-08-28,524,313
5126,2025-02-14,654,111
5127,2024-11-19,749,488
5128,2024-05-04,304,498
5129,2025-04-29,296,288
5130,2025-02-14,124,979
5131,2024-09-28,20,620
5132,2025-04-05,324,308
5133,2024-07-30,115,389
5134,2025-02-05,567,893
5135,2024-10-07,239,828
5136,2024-05-06,148,529
5137,2025-01-15,66,497
5138,2024-05-04,119,11
5139,2024-12-15,478,385
5140,2025-01-03,542,163
5141,2024-07-10,437,69
5142,2024-05-17,37,255
5143,2025-03-22,350,772
5144,2025-02-17,120,297
5145,2024-11-15,105,51
5146,2025-04-10,115,645
5147,2025-02-09,16,160
5148,2024-08-01,549,666
5149,2025-04-07,417,200
5150,2024-09-13,809,182
5151,2025-04-03,114,424
5152,2024-09-12,566,308
5153,2025-03-22,857,574
5154,2025-02-04,340,753
5155,2024-06-19,506,574
5156,2025-01-28,368,919
5157,2024-08-08,108,274
5158,2025-04-16,542,887
5159,2025-01-03,714,594
5160,2024-11-30,995,708
5161,2024-12-25,945,774
5162,2024-07-12,42,432
5163,2025-03-06,757,873
5164,2025-01-31,488,429
5165,2025-03-17,714,817
5166,2025-04-01,14,958
5167,2024-07-25,300,38
5168,2025-04-28,377,668
5169,2025-01-02,250,276
5170,2024-08-31,736,762
5171,2024-10-02,539,532
5172,2024-07-12,943,224
5173,2025-03-05,968,302
5174,2025-04-07,307,144
5175,2024-12-30,190,829
5176,2024-05-21,720,524
5177,2025-03-31,754,947
5178,2025-01-07,475,691
5179,2024-05-17,83,911
5180,2024-05-26,787,779
5181,2025-02-17,571,27
5182,2025-01-18,191,976
5183,2024-11-30,610,635
5184,2025-02-10,779,557
5185,2024-12-19,252,877
5186,2025-03-12,297,801
5187,2025-03-29,245,200
5188,2024-05-29,169,588
5189,2024-07-08,752,841
5190,2024-06-01,523,986
5191,2025-01-01,703,20
5192,2024-09-22,164,279
5193,2024-09-30,94,522
5194,2024-06-22,682,835
5195,2025-03-26,95,102
5196,2024-11-26,181,407
5197,2024-12-27,650,361
5198,2024-09-05,986,212
5199,2024-12-13,613,214
5200,2025-04-10,869,772
5201,2024-06-06,812,55
5202,2025-03-16,803,931
5203,2025-03-24,381,863
5204,2024-08-04,612,336
5205,2025-04-29,64,305
5206,2024-12-24,22,675
5207,2024-09-18,165,463
5208,2025-01-03,298,783
5209,2024-11-28,418,239
5210,2025-02-03,495,859
5211,2024-09-07,788,14
5212,2024-06-30,645,430
5213,2024-08-24,289,266
5214,2024-07-15,289,83
5215,2024-12-09,599,797
5216,2024-09-04,805,278
5217,2024-11-02,111,598
5218,2024-10-21,261,59
5219,2024-09-19,759,715
5220,2024-10-06,890,400
5221,2024-07-25,703,761
5222,2024-09-14,324,483
5223,2025-03-28,949,633
5224,2024-09-30,504,420
5225,2025-02-11,617,84
5226,2025-03-08,662,378
5227,2024-06-09,640,928
5228,2024-12-07,947,978
5229,2024-09-24,389,974
5230,2025-02-13,334,537
5231,2024-05-02,453,684
5232,2025-02-04,689,378
5233,2025-01-22,479,75
5234,2025-01-08,203,525
5235,2025-03-18,276,409
5236,2024-09-17,286,750
5237,2024-08-14,908,71
5238,2024-06-15,999,153
5239,2024-05-02,338,775
5240,2024-10-20,828,441
5241,2025-02-20,283,265
5242,2024-08-06,386,690
5243,2025-04-24,81,500
5244,2024-09-20,87,56
5245,2024-05-14,52,991
5246,2024-12-05,950,304
5247,2025-04-29,493,283
5248,2024-05-21,142,104
5249,2025-04-06,444,755
5250,2024-07-14,901,377
5251,2024-09-21,117,985
5252,2025-03-23,313,949
5253,2024-07-04,955,499
5254,2025-03-25,521,153
5255,2024-12-24,708,510
5256,2024-05-05,562,291
5257,2024-12-09,564,74
5258,2024-11-03,754,549
5259,2024-11-14,14,337
5260,2024-12-11,234,456
5261,2025-04-07,215,175
5262,2025-03-22,158,641
5263,2024-09-24,3,523
5264,2024-07-28,37,774
5265,2024-09-26,586,209
5266,2024-11-08,671,271
5267,2024-10-03,201,709
5268,2024-12-26,945,925
5269,2024-06-05,676,879
5270,2024-12-02,897,256
5271,2024-09-12,51,966
5272,2025-03-02,918,323
5273,2025-04-04,732,60
5274,2025-03-22,570,455
5275,2025-01-24,752,287
5276,2024-11-14,241,262
5277,2024-12-18,974,489
5278,2025-02-28,100,189
5279,2024-06-15,686,736
5280,2024-12-17,741,764
5281,2024-05-16,469,603
5282,2024-07-20,792,851
5283,2024-07-30,755,176
5284,2024-06-04,445,186
5285,2024-12-27,928,273
5286,2025-03-18,479,791
5287,2024-12-28,879,391
5288,2024-10-12,952,637
5289,2024-04-30,80,815
5290,2024-09-06,505,470
5291,2025-01-26,183,52
5292,2024-10-15,557,744
5293,2024-05-25,502,147
5294,2024-06-17,21,115
5295,2024-07-16,512,719
5296,2025-01-04,896,56
5297,2024-07-27,962,258
5298,2024-08-28,894,129
5299,2024-12-18,290,376
5300,2024-12-12,112,105
5301,2024-10-25,885,574
5302,2025-04-09,480,258
5303,2024-07-08,615,456
5304,2024-07-06,106,843
5305,2024-08-07,275,818
5306,2024-12-11,881,945
5307,2024-09-13,690,981
5308,2024-12-26,852,110
5309,2024-06-20,816,140
5310,2024-07-12,867,990
5311,2024-05-31,46,160
5312,2024-08-11,162,704
5313,2024-12-05,127,800
5314,2024-06-08,376,606
5315,2025-02-14,685,69
5316,2025-03-15,575,233
5317,2024-09-14,322,82
5318,2025-02-26,241,25
5319,2025-03-26,888,437
5320,2024-09-26,980,602
5321,2024-09-16,473,63
5322,2025-04-21,637,897
5323,2024-06-18,438,414
5324,2025-04-14,714,358
5325,2024-11-27,196,210
5326,2024-10-23,250,412
5327,2024-11-21,946,796
5328,2024-05-26,644,77
5329,2024-11-12,354,333
5330,2025-02-03,53,708
5331,2024-11-14,409,818
5332,2025-01-30,253,536
5333,2024-12-06,13,801
5334,2025-02-07,491,541
5335,2025-03-13,905,517
5336,2024-08-03,408,626
5337,2024-09-15,121,564
5338,2024-06-06,951,164
5339,2024-06-11,307,477
5340,2024-09-13,288,801
5341,2024-11-28,79,667
5342,2025-04-23,401,664
5343,2024-10-06,771,759
5344,2024-12-02,109,9
5345,2025-01-17,710,76
5346,2024-12-13,965,280
5347,2025-04-10,482,697
5348,2024-11-17,65,148
5349,2024-11-19,196,454
5350,2024-10-26,856,238
5351,2025-03-23,832,52
5352,2024-10-29,757,750
5353,2025-03-02,340,690
5354,2024-05-20,251,235
5355,2025-04-17,663,676
5356,2025-04-06,31,449
5357,2024-11-15,948,894
5358,2025-03-11,765,2
5359,2025-02-19,519,741
5360,2025-01-03,317,804
5361,2024-12-26,229,489
5362,2024-08-16,828,589
5363,2024-08-18,84,211
5364,2024-09-06,670,652
5365,2024-05-12,985,45
5366,2025-02-17,360,38
5367,2024-11-08,744,585
5368,2024-10-22,742,830
5369,2024-12-02,849,974
5370,2025-01-08,349,819
5371,2025-01-17,409,582
5372,2024-12-03,190,687
5373,2024-09-29,342,297
5374,2024-11-03,995,759
5375,2024-06-12,853,231
5376,2025-03-17,185,170
5377,2024-11-30,299,358
5378,2024-06-14,453,666
5379,2025-02-25,937,37
5380,2024-05-15,853,511
5381,2024-10-22,27,216
5382,2024-10-18,635,344
5383,2025-03-03,896,408
5384,2025-04-03,492,37
5385,2025-03-22,165,296
5386,2025-01-03,647,766
5387,2024-08-05,895,412
5388,2024-12-15,912,330
5389,2024-05-10,928,344
5390,2024-09-27,431,525
5391,2024-10-17,325,519
5392,2024-09-28,908,68
5393,2024-09-08,820,748
5394,2025-03-04,988,381
5395,2024-06-23,290,607
5396,2024-09-17,493,819
5397,2024-12-02,119,549
5398,2024-08-14,736,559
5399,2024-06-23,323,66
5400,2024-05-24,375,742
5401,2024-12-17,453,729
5402,2024-05-30,921,978
5403,2025-02-25,536,115
5404,2024-11-26,646,114
5405,2024-11-25,612,52
5406,2024-06-19,69,30
5407,2024-11-16,512,244
5408,2025-03-16,113,967
5409,2025-03-03,13,44
5410,2024-12-28,958,261
5411,2025-03-22,283,5
5412,2024-06-23,603,383
5413,2024-06-02,207,401
5414,2024-10-17,64,145
5415,2024-12-15,783,537
5416,2025-02-14,387,253
5417,2024-12-01,296,970
5418,2024-09-28,945,925
5419,2024-09-09,795,3
5420,2024-08-29,569,252
5421,2024-07-26,544,259
5422,2025-03-05,872,644
5423,2024-10-05,448,101
5424,2024-11-24,722,191
5425,2024-08-10,314,249
5426,2025-01-07,800,601
5427,2024-12-22,252,21
5428,2024-06-20,150,395
5429,2024-08-14,254,296
5430,2024-08-10,23,43
5431,2024-09-02,184,989
5432,2024-09-14,332,957
5433,2024-09-28,472,629
5434,2024-11-03,626,464
5435,2024-09-19,300,820
5436,2025-02-10,707,563
5437,2024-05-14,986,977
5438,2024-07-28,525,90
5439,2024-09-21,393,85
5440,2024-06-08,317,948
5441,2024-05-23,277,703
5442,2024-07-04,42,9
5443,2024-11-17,362,732
5444,2024-09-01,271,167
5445,2025-03-08,115,522
5446,2025-03-07,988,662
5447,2024-07-06,485,148
5448,2025-03-13,946,934
5449,2024-12-07,761,499
5450,2024-07-14,922,203
5451,2025-04-22,486,901
5452,2024-11-01,727,563
5453,2024-07-02,583,831
5454,2024-07-19,172,577
5455,2024-09-26,154,590
5456,2024-11-09,632,161
5457,2025-03-01,986,250
5458,2024-09-06,531,678
5459,2024-08-01,381,206
5460,2025-03-11,750,784
5461,2024-09-17,315,398
5462,2024-07-20,572,719
5463,2025-03-19,284,446
5464,2024-08-05,162,840
5465,2024-08-07,874,766
5466,2025-04-04,415,469
5467,2025-04-03,280,284
5468,2024-11-14,345,508
5469,2025-02-19,899,155
5470,2024-05-02,994,501
5471,2024-06-18,782,305
5472,2024-05-07,648,210
5473,2024-07-28,9,44
5474,2024-06-27,970,118
5475,2024-09-24,901,519
5476,2024-06-05,111,765
5477,2024-12-20,559,748
5478,2024-10-09,417,266
5479,2024-07-15,835,57
5480,2024-05-18,521,535
5481,2024-12-27,854,570
5482,2024-07-18,321,57
5483,2024-07-05,858,688
5484,2024-07-05,779,503
5485,2024-07-25,451,116
5486,2024-07-26,487,605
5487,2024-12-28,191,506
5488,2024-06-02,797,947
5489,2024-09-30,507,30
5490,2025-03-29,12,474
5491,2024-12-17,133,733
5492,2024-10-31,415,788
5493,2024-12-17,640,112
5494,2025-04-29,547,303
5495,2024-07-29,341,620
5496,2024-05-17,412,751
5497,2024-08-16,467,544
5498,2024-09-27,12,306
5499,2025-01-12,775,469
5500,2024-06-15,1000,720
5501,2024-04-30,530,325
5502,2024-12-01,17,281
5503,2024-08-05,263,947
5504,2024-06-29,350,748
5505,2024-06-19,993,446
5506,2025-03-28,67,17
5507,2025-01-11,261,464
5508,2025-01-25,823,375
5509,2024-07-31,419,231
5510,2024-10-31,196,220
5511,2024-12-20,547,985
5512,2024-07-07,424,26
5513,2024-10-04,953,246
5514,2024-12-13,241,635
5515,2024-11-13,586,344
5516,2025-03-09,644,10
5517,2024-08-22,758,19
5518,2025-03-14,771,860
5519,2024-09-07,129,575
5520,2024-04-30,234,774
5521,2024-09-26,935,370
5522,2024-12-19,788,568
5523,2024-09-05,131,630
5524,2024-07-27,384,528
5525,2025-04-13,190,920
5526,2024-10-09,830,305
5527,2024-09-30,232,779
5528,2024-10-21,624,653
5529,2024-11-30,135,831
5530,2024-07-27,98,31
5531,2024-06-07,209,101
5532,2024-05-22,667,565
5533,2025-03-27,168,597
5534,2024-10-19,914,681
5535,2024-06-08,782,492
5536,2024-10-16,86,387
5537,2025-01-16,953,368
5538,2024-08-17,631,9
5539,2024-07-13,349,498
5540,2025-03-18,291,997
5541,2025-01-20,945,176
5542,2024-09-12,175,281
5543,2024-09-24,685,120
5544,2024-10-18,266,549
5545,2024-12-16,173,875
5546,2024-08-20,937,782
5547,2025-03-15,516,491
5548,2024-05-12,544,211
5549,2024-11-30,95,100
5550,2024-09-04,39,339
5551,2024-08-06,620,75
5552,2024-05-20,179,4
5553,2024-07-17,491,30
5554,2024-09-04,382,584
5555,2024-11-01,712,929
5556,2024-12-03,418,598
5557,2024-11-26,852,479
5558,2024-09-12,261,969
5559,2025-01-21,921,707
5560,2024-05-30,116,118
5561,2024-10-28,928,541
5562,2025-03-18,322,453
5563,2024-11-07,278,31
5564,2024-08-26,879,441
5565,2024-12-30,679,726
5566,2024-12-16,919,723
5567,2024-11-19,268,525
5568,2025-02-09,805,742
5569,2025-04-30,893,644
5570,2025-03-15,418,101
5571,2024-08-02,733,518
5572,2024-09-06,887,762
5573,2024-09-22,295,362
5574,2024-12-24,381,512
5575,2024-10-17,345,495
5576,2025-01-22,190,644
5577,2024-08-26,920,411
5578,2024-09-22,943,335
5579,2025-04-16,304,474
5580,2024-09-10,52,913
5581,2025-01-22,658,164
5582,2025-02-04,269,904
5583,2024-05-18,845,669
5584,2024-05-19,137,506
5585,2024-11-22,795,575
5586,2024-11-11,748,874
5587,2025-01-05,511,346
5588,2024-06-27,697,129
5589,2024-06-01,814,313
5590,2024-09-02,985,435
5591,2025-04-18,841,255
5592,2025-02-09,447,548
5593,2025-01-18,88,476
5594,2024-06-01,803,591
5595,2024-10-11,441,137
5596,2024-12-04,184,693
5597,2024-09-29,939,600
5598,2024-05-13,769,798
5599,2025-01-11,158,13
5600,2025-02-22,232,282
5601,2025-02-22,869,424
5602,2024-10-07,153,409
5603,2024-07-01,499,310
5604,2024-12-03,404,987
5605,2024-07-25,15,367
5606,2025-02-25,36,695
5607,2025-03-17,284,514
5608,2025-04-21,671,627
5609,2024-12-01,171,991
5610,2024-11-28,914,524
5611,2024-10-08,619,417
5612,2024-05-10,552,339
5613,2025-01-07,357,913
5614,2025-02-18,3,929
5615,2024-08-04,133,939
5616,2024-05-16,791,943
5617,2025-04-27,148,621
5618,2024-07-25,926,68
5619,2025-01-07,361,793
5620,2025-03-18,486,726
5621,2024-07-29,422,907
5622,2024-11-15,588,513
5623,2024-11-12,456,649
5624,2025-03-15,74,143
5625,2024-09-24,160,58
5626,2024-10-29,807,65
5627,2024-06-12,85,97
5628,2025-03-12,45,44
5629,2024-05-07,478,920
5630,2024-08-15,759,364
5631,2025-01-11,171,233
5632,2024-06-04,755,230
5633,2025-02-16,598,740
5634,2024-10-23,210,294
5635,2024-12-15,173,119
5636,2024-07-22,386,307
5637,2024-12-30,216,265
5638,2025-01-12,584,437
5639,2025-01-18,202,309
5640,2024-06-07,132,819
5641,2025-04-06,637,901
5642,2024-11-19,870,517
5643,2024-09-07,631,431
5644,2025-04-13,878,623
5645,2024-12-03,886,454
5646,2024-06-15,99,307
5647,2025-01-28,953,438
5648,2024-05-31,934,738
5649,2024-08-31,998,605
5650,2024-11-24,368,66
5651,2025-04-02,78,429
5652,2024-11-20,232,137
5653,2024-07-13,523,537
5654,2024-10-22,154,208
5655,2024-05-19,91,284
5656,2024-07-01,127,609
5657,2024-10-29,484,556
5658,2024-07-16,841,794
5659,2024-09-25,533,341
5660,2024-07-07,584,466
5661,2024-09-16,511,786
5662,2025-04-09,785,315
5663,2024-10-14,204,581
5664,2025-02-06,526,287
5665,2024-09-06,484,41
5666,2024-11-09,676,974
5667,2024-09-20,299,28
5668,2024-05-19,643,384
5669,2025-02-07,79,240
5670,2024-08-18,333,709
5671,2024-06-09,421,521
5672,2024-11-22,731,496
5673,2024-05-25,926,973
5674,2024-08-07,78,787
5675,2024-11-19,258,424
5676,2025-02-08,412,539
5677,2025-04-08,223,302
5678,2025-03-13,265,750
5679,2024-12-16,796,184
5680,2025-03-12,777,670
5681,2024-08-18,211,297
5682,2024-08-06,278,523
5683,2024-09-22,749,857
5684,2024-08-08,888,734
5685,2024-11-08,730,66
5686,2024-06-06,587,953
5687,2024-08-08,354,801
5688,2024-09-07,508,590
5689,2024-05-20,120,746
5690,2024-07-25,959,479
5691,2024-12-14,907,8
5692,2024-05-13,214,294
5693,2025-02-18,293,216
5694,2024-10-29,441,425
5695,2024-06-06,943,473
5696,2024-08-25,949,191
5697,2024-09-16,207,944
5698,2025-01-27,422,588
5699,2024-07-03,160,857
5700,2025-04-23,535,163
5701,2025-04-16,355,628
5702,2024-12-27,524,209
5703,2024-07-09,605,868
5704,2024-09-28,703,690
5705,2024-11-27,251,853
5706,2024-08-23,658,87
5707,2024-06-23,784,71
5708,2024-12-05,202,492
5709,2025-01-04,393,316
5710,2025-01-31,348,950
5711,2024-06-24,801,953
5712,2024-08-18,81,113
5713,2024-05-18,294,143
5714,2025-03-08,709,837
5715,2024-08-27,596,57
5716,2024-05-30,191,841
5717,2024-12-14,799,859
5718,2024-09-15,569,290
5719,2025-04-20,760,511
5720,2024-12-04,411,263
5721,2025-02-27,419,558
5722,2025-02-04,132,769
5723,2025-03-25,311,202
5724,2024-12-24,540,945
5725,2024-07-28,336,461
5726,2024-06-15,224,851
5727,2025-02-07,376,945
5728,2025-04-08,44,605
5729,2025-04-17,748,508
5730,2025-01-07,623,238
5731,2024-12-04,172,424
5732,2024-07-28,721,119
5733,2024-09-12,779,762
5734,2025-03-14,160,461
5735,2025-01-02,986,549
5736,2025-04-24,855,617
5737,2025-01-15,863,245
5738,2024-10-15,739,606
5739,2024-05-13,911,116
5740,2024-12-05,944,615
5741,2025-03-25,532,681
5742,2024-06-15,864,141
5743,2025-01-02,886,493
5744,2024-05-22,718,168
5745,2024-09-16,800,858
5746,2024-05-05,518,143
5747,2024-12-13,37,865
5748,2024-12-29,507,82
5749,2025-01-23,967,827
5750,2024-09-05,467,227
5751,2024-11-27,441,71
5752,2025-03-01,552,281
5753,2024-12-30,522,844
5754,2024-06-23,48,271
5755,2024-08-24,575,304
5756,2024-08-28,798,239
5757,2025-01-14,191,997
5758,2024-11-22,306,817
5759,2024-09-21,160,68
5760,2025-02-08,372,258
5761,2025-03-27,518,627
5762,2024-09-24,236,209
5763,2024-07-16,63,564
5764,2024-10-05,199,138
5765,2024-08-31,734,435
5766,2024-06-28,785,129
5767,2024-10-11,990,660
5768,2024-06-16,652,121
5769,2024-06-05,793,354
5770,2024-09-26,469,560
5771,2024-09-23,749,826
5772,2025-01-22,354,66
5773,2024-05-25,404,351
5774,2024-12-14,838,562
5775,2025-02-17,997,409
5776,2024-08-05,534,129
5777,2024-07-24,499,409
5778,2024-06-22,454,698
5779,2024-06-29,878,376
5780,2025-02-06,564,460
5781,2024-09-29,334,523
5782,2025-02-22,9,111
5783,2025-04-20,710,815
5784,2025-03-06,337,841
5785,2025-01-03,225,552
5786,2025-03-05,78,24
5787,2024-06-29,679,366
5788,2024-09-19,52,964
5789,2025-03-04,18,600
5790,2025-03-15,34,605
5791,2024-06-20,27,143
5792,2025-04-07,740,421
5793,2025-03-15,606,352
5794,2025-04-14,188,697
5795,2024-11-12,968,24
5796,2024-10-21,725,553
5797,2025-04-04,882,613
5798,2024-11-18,974,371
5799,2024-08-08,781,55
5800,2024-07-13,882,786
5801,2025-01-26,1000,465
5802,2024-09-05,420,624
5803,2024-11-07,845,324
5804,2024-04-30,659,534
5805,2024-10-22,942,145
5806,2024-05-14,254,206
5807,2024-12-29,940,362
5808,2024-08-05,919,648
5809,2024-05-06,828,485
5810,2024-12-07,551,902
5811,2024-09-18,700,881
5812,2024-05-19,219,464
5813,2025-03-07,613,767
5814,2024-05-19,354,707
5815,2024-08-18,579,20
5816,2025-02-23,245,713
5817,2024-05-03,273,818
5818,2024-10-18,347,75
5819,2024-07-06,496,194
5820,2024-11-06,444,467
5821,2024-05-08,890,20
5822,2024-08-30,363,915
5823,2024-05-23,596,772
5824,2024-05-12,960,474
5825,2024-11-24,179,665
5826,2024-10-30,807,474
5827,2024-11-22,689,46
5828,2025-01-24,769,578
5829,2025-02-11,462,240
5830,2024-11-18,579,779
5831,2024-06-02,323,53
5832,2024-09-26,302,989
5833,2024-09-10,583,206
5834,2025-02-14,547,270
5835,2024-11-07,330,78
5836,2024-06-26,648,946
5837,2025-04-09,165,653
5838,2024-12-10,903,229
5839,2025-03-30,843,108
5840,2025-01-05,770,429
5841,2024-06-03,618,598
5842,2025-02-06,46,320
5843,2025-03-07,538,717
5844,2024-10-04,941,327
5845,2025-01-25,299,341
5846,2024-05-14,479,13
5847,2024-05-22,3,455
5848,2025-04-25,197,966
5849,2024-08-22,112,728
5850,2024-06-06,895,386
5851,2024-09-20,731,387
5852,2024-06-07,227,152
5853,2024-07-06,235,327
5854,2025-04-29,145,83
5855,2024-08-19,342,841
5856,2024-05-20,952,705
5857,2024-05-18,359,13
5858,2025-03-31,826,778
5859,2024-10-25,353,220
5860,2024-05-03,279,972
5861,2024-11-20,891,277
5862,2025-02-12,954,99
5863,2025-04-01,850,398
5864,2024-12-21,262,786
5865,2024-06-18,982,522
5866,2025-03-30,355,123
5867,2024-11-20,802,484
5868,2024-07-08,816,987
5869,2024-05-11,748,655
5870,2024-09-23,453,254
5871,2024-11-09,946,122
5872,2024-09-26,462,405
5873,2024-07-28,897,796
5874,2025-03-25,976,750
5875,2024-06-28,800,862
5876,2025-04-11,306,264
5877,2025-02-18,225,208
5878,2024-06-23,462,445
5879,2025-01-24,580,507
5880,2024-10-20,276,912
5881,2025-03-08,611,976
5882,2024-08-01,558,515
5883,2025-04-26,918,330
5884,2024-08-02,488,343
5885,2024-05-22,618,801
5886,2025-04-03,373,285
5887,2024-10-28,256,742
5888,2024-09-23,44,552
5889,2024-10-19,414,505
5890,2024-07-05,530,881
5891,2024-05-16,316,796
5892,2025-01-28,908,876
5893,2025-04-17,111,665
5894,2024-06-02,152,830
5895,2024-12-07,752,345
5896,2024-09-29,820,328
5897,2024-12-16,179,713
5898,2024-08-14,169,496
5899,2024-06-29,467,998
5900,2025-02-27,843,568
5901,2025-02-11,889,656
5902,2025-03-23,622,993
5903,2024-10-10,759,667
5904,2025-04-17,174,578
5905,2024-06-09,266,842
5906,2024-06-08,409,858
5907,2025-03-20,977,558
5908,2024-10-12,562,396
5909,2025-04-26,250,281
5910,2024-10-27,699,518
5911,2025-04-13,20,2
5912,2025-03-23,861,887
5913,2025-01-27,294,871
5914,2024-10-12,879,384
5915,2024-11-12,789,799
5916,2024-12-01,282,427
5917,2025-03-24,957,849
5918,2024-10-26,538,178
5919,2024-06-29,264,249
5920,2025-03-07,514,136
5921,2024-07-10,430,901
5922,2025-01-10,75,156
5923,2024-09-02,351,42
5924,2024-12-10,422,938
5925,2025-02-15,206,351
5926,2025-02-06,961,320
5927,2024-05-06,1000,80
5928,2024-05-22,703,491
5929,2025-02-23,662,151
5930,2025-01-09,567,584
5931,2025-03-26,511,100
5932,2024-05-07,782,413
5933,2024-10-08,539,898
5934,2024-10-21,577,140
5935,2024-10-03,722,434
5936,2025-04-25,367,393
5937,2025-01-24,372,43
5938,2024-08-11,941,977
5939,2025-01-13,61,449
5940,2024-11-13,226,172
5941,2025-03-21,539,758
5942,2025-03-26,936,992
5943,2024-08-21,558,548
5944,2024-09-09,172,845
5945,2024-12-11,296,809
5946,2025-03-28,319,910
5947,2024-06-09,26,663
5948,2025-04-09,574,439
5949,2025-01-26,361,826
5950,2024-11-30,303,76
5951,2024-12-21,209,897
5952,2024-08-29,484,470
5953,2024-12-14,621,933
5954,2024-06-09,905,550
5955,2024-11-17,333,907
5956,2024-12-24,787,138
5957,2024-11-16,107,977
5958,2024-10-04,828,419
5959,2024-10-19,208,465
5960,2024-08-07,752,514
5961,2024-10-24,37,796
5962,2025-02-20,984,743
5963,2024-12-21,754,697
5964,2024-07-25,955,212
5965,2024-07-15,738,881
5966,2025-01-16,942,712
5967,2024-10-29,233,274
5968,2024-06-24,488,808
5969,2025-01-15,117,189
5970,2025-04-08,990,820
5971,2024-12-02,810,949
5972,2024-06-02,711,923
5973,2025-02-22,829,787
5974,2024-07-16,24,630
5975,2025-03-10,13,69
5976,2025-04-06,908,867
5977,2024-10-08,396,245
5978,2024-06-07,267,413
5979,2024-05-21,327,536
5980,2024-12-27,291,378
5981,2024-09-02,961,348
5982,2025-04-07,106,599
5983,2025-03-10,315,623
5984,2025-02-20,355,893
5985,2024-07-21,269,726
5986,2024-12-01,831,498
5987,2024-10-31,229,590
5988,2024-08-12,275,173
5989,2024-05-27,46,215
5990,2025-04-25,129,80
5991,2025-02-04,748,338
5992,2025-04-15,783,263
5993,2025-02-16,283,588
5994,2025-01-12,202,647
5995,2025-03-18,829,578
5996,2024-09-27,83,209
5997,2024-08-30,25,626
5998,2025-02-22,524,107
5999,2025-03-18,357,646
6000,2025-02-28,584,156
6001,2025-04-08,779,1
6002,2024-12-20,713,319
6003,2024-08-20,353,585
6004,2025-01-21,464,120
6005,2025-01-01,793,640
6006,2025-02-10,461,921
6007,2025-03-03,2,250
6008,2025-01-14,724,574
6009,2024-07-29,460,308
6010,2024-08-17,378,514
6011,2025-02-06,116,259
6012,2025-03-28,925,954
6013,2024-08-25,295,978
6014,2024-12-14,146,718
6015,2024-06-13,217,891
6016,2024-11-05,690,905
6017,2024-11-09,678,927
6018,2024-05-03,985,441
6019,2024-08-09,218,183
6020,2025-01-10,630,369
6021,2024-11-06,393,355
6022,2025-01-24,200,939
6023,2024-08-06,189,995
6024,2024-09-22,796,965
6025,2024-07-17,774,315
6026,2025-02-13,874,969
6027,2024-05-24,362,274
6028,2025-03-11,135,660
6029,2024-06-27,46,43
6030,2024-09-21,4,437
6031,2024-11-30,822,649
6032,2024-11-12,196,498
6033,2024-09-07,260,895
6034,2024-09-26,584,975
6035,2024-08-23,312,70
6036,2024-09-19,538,71
6037,2024-11-08,973,559
6038,2024-12-07,146,298
6039,2024-07-26,581,811
6040,2024-08-05,639,717
6041,2024-12-21,734,995
6042,2024-09-01,969,783
6043,2024-09-28,5,433
6044,2024-12-28,631,944
6045,2024-05-06,883,791
6046,2024-08-31,970,712
6047,2024-10-17,9,798
6048,2025-02-18,2,265
6049,2025-01-24,577,174
6050,2025-01-31,591,178
6051,2024-05-20,969,232
6052,2025-01-06,114,29
6053,2024-12-10,761,977
6054,2024-09-06,805,220
6055,2024-08-14,910,510
6056,2025-02-21,207,964
6057,2024-06-27,532,145
6058,2024-09-29,367,956
6059,2025-02-24,497,79
6060,2024-12-02,453,142
6061,2024-11-03,851,52
6062,2024-10-24,982,952
6063,2024-09-18,135,834
6064,2024-11-11,257,282
6065,2025-01-12,971,548
6066,2025-02-07,35,444
6067,2024-06-08,162,340
6068,2024-11-02,630,181
6069,2025-03-02,245,48
6070,2024-05-09,3,780
6071,2024-11-13,479,286
6072,2024-08-20,618,101
6073,2024-05-10,257,753
6074,2025-04-16,475,629
6075,2024-12-04,60,647
6076,2024-05-22,569,807
6077,2025-03-29,21,994
6078,2025-02-19,842,379
6079,2024-08-31,934,869
6080,2025-02-06,424,76
6081,2024-09-19,182,194
6082,2024-07-05,438,125
6083,2025-04-18,950,262
6084,2025-02-06,702,284
6085,2024-05-29,982,370
6086,2024-05-14,679,354
6087,2024-05-21,396,387
6088,2024-07-16,559,999
6089,2025-04-04,444,43
6090,2025-03-30,603,952
6091,2024-08-26,731,72
6092,2024-11-22,971,997
6093,2024-12-13,826,555
6094,2024-10-02,846,145
6095,2024-05-12,558,952
6096,2024-08-20,281,30
6097,2024-09-14,58,222
6098,2024-11-01,535,248
6099,2024-06-10,644,36
6100,2024-12-19,760,539
6101,2024-12-12,702,666
6102,2024-08-27,625,643
6103,2024-12-19,611,578
6104,2025-04-05,931,155
6105,2024-12-24,977,795
6106,2024-10-11,607,463
6107,2024-11-30,518,644
6108,2024-11-10,429,647
6109,2025-04-08,779,920
6110,2024-11-07,497,362
6111,2024-07-23,151,845
6112,2025-03-03,205,345
6113,2024-11-05,353,674
6114,2025-01-10,918,244
6115,2025-01-30,107,192
6116,2024-11-03,1000,653
6117,2024-07-26,207,322
6118,2025-02-28,459,629
6119,2024-08-16,336,922
6120,2024-10-22,482,805
6121,2025-03-13,21,182
6122,2025-02-15,480,266
6123,2024-07-09,144,77
6124,2025-04-22,219,815
6125,2025-02-28,989,459
6126,2024-07-13,611,186
6127,2025-01-21,201,875
6128,2024-05-07,450,162
6129,2024-11-12,154,535
6130,2024-05-02,241,652
6131,2024-07-20,333,790
6132,2025-01-07,644,51
6133,2025-04-07,491,776
6134,2024-09-17,927,334
6135,2025-04-04,650,262
6136,2025-01-06,225,45
6137,2024-07-24,708,283
6138,2024-05-18,672,283
6139,2024-06-02,643,564
6140,2024-11-30,519,135
6141,2024-11-27,169,397
6142,2025-01-09,432,653
6143,2025-04-02,590,199
6144,2024-06-03,866,27
6145,2025-04-25,569,773
6146,2024-05-24,537,472
6147,2025-03-25,328,813
6148,2024-06-29,638,188
6149,2024-11-27,294,570
6150,2024-09-27,159,807
6151,2025-01-28,354,516
6152,2024-11-15,56,673
6153,2024-12-02,718,719
6154,2024-11-10,910,746
6155,2025-03-07,353,627
6156,2024-05-11,815,125
6157,2024-12-03,178,82
6158,2024-09-25,260,249
6159,2024-10-21,337,420
6160,2024-08-26,401,165
6161,2024-11-20,819,915
6162,2024-10-29,375,490
6163,2024-06-01,936,831
6164,2024-08-27,102,904
6165,2024-09-26,328,246
6166,2024-05-12,478,935
6167,2024-08-21,359,605
6168,2024-10-13,130,309
6169,2025-04-09,151,930
6170,2025-02-03,71,858
6171,2024-09-03,425,245
6172,2024-07-26,654,840
6173,2024-10-20,724,898
6174,2024-10-30,792,225
6175,2024-05-12,509,698
6176,2024-07-16,182,948
6177,2024-11-09,953,851
6178,2024-09-01,76,747
6179,2024-08-17,912,31
6180,2025-03-02,890,629
6181,2024-08-11,47,360
6182,2024-07-31,626,13
6183,2024-06-14,55,471
6184,2024-07-04,854,502
6185,2024-07-14,789,755
6186,2024-08-17,349,267
6187,2025-04-28,905,356
6188,2024-08-16,770,324
6189,2024-11-25,201,153
6190,2024-07-22,730,501
6191,2024-12-04,855,252
6192,2024-11-14,61,234
6193,2025-03-22,131,928
6194,2024-07-26,462,214
6195,2024-12-17,543,364
6196,2024-09-25,590,524
6197,2024-09-08,11,598
6198,2024-09-11,843,978
6199,2025-03-28,187,454
6200,2024-08-24,640,650
6201,2025-01-25,359,794
6202,2024-10-24,154,683
6203,2024-05-03,703,625
6204,2024-09-16,789,833
6205,2024-08-09,686,65
6206,2025-03-18,292,400
6207,2025-02-18,501,194
6208,2025-03-21,808,510
6209,2024-09-25,44,825
6210,2025-04-11,650,737
6211,2024-05-21,21,110
6212,2025-02-16,412,671
6213,2025-04-21,578,262
6214,2025-04-28,911,673
6215,2024-09-16,84,889
6216,2024-05-09,378,376
6217,2024-09-07,519,656
6218,2025-04-05,338,735
6219,2024-09-24,846,134
6220,2024-07-05,496,15
6221,2024-10-02,261,335
6222,2024-11-02,64,549
6223,2024-07-05,106,490
6224,2024-05-02,589,243
6225,2025-01-15,984,757
6226,2024-09-20,919,409
6227,2024-06-11,110,781
6228,2024-06-09,756,263
6229,2025-02-26,378,304
6230,2024-08-10,177,37
6231,2025-01-27,328,546
6232,2025-02-18,304,740
6233,2025-04-22,161,761
6234,2024-06-17,663,863
6235,2024-10-03,447,308
6236,2025-02-22,728,848
6237,2024-06-13,742,528
6238,2024-11-29,968,470
6239,2024-09-25,627,130
6240,2024-08-19,21,335
6241,2024-08-12,781,107
6242,2024-09-05,200,674
6243,2024-12-11,315,401
6244,2025-04-19,622,928
6245,2024-07-10,40,297
6246,2024-06-19,164,119
6247,2025-04-03,907,356
6248,2025-03-20,817,645
6249,2024-09-23,652,58
6250,2025-04-14,804,375
6251,2024-11-06,125,461
6252,2025-03-06,673,415
6253,2025-04-11,353,1000
6254,2024-07-29,163,612
6255,2024-05-19,478,651
6256,2024-09-12,306,592
6257,2025-03-05,434,731
6258,2025-01-02,468,836
6259,2024-10-27,610,563
6260,2024-05-18,17,153
6261,2025-01-04,164,745
6262,2025-03-02,340,485
6263,2025-03-13,115,215
6264,2024-07-06,347,890
6265,2024-09-22,1,442
6266,2024-08-02,123,645
6267,2024-11-27,297,759
6268,2024-08-17,660,717
6269,2024-12-30,949,457
6270,2025-01-29,494,346
6271,2024-08-22,124,293
6272,2024-05-23,930,591
6273,2025-03-23,989,469
6274,2025-04-25,410,187
6275,2024-12-08,483,484
6276,2024-10-13,245,36
6277,2025-02-28,44,922
6278,2024-11-01,499,533
6279,2024-10-29,296,379
6280,2025-04-29,396,612
6281,2024-11-21,318,2
6282,2024-12-21,284,705
6283,2024-07-11,199,181
6284,2025-04-04,903,361
6285,2024-05-07,348,778
6286,2024-05-31,234,39
6287,2025-03-31,787,146
6288,2024-09-24,957,566
6289,2024-06-07,235,510
6290,2024-11-21,894,55
6291,2024-12-25,512,356
6292,2024-05-17,175,476
6293,2024-12-16,711,455
6294,2024-10-04,612,953
6295,2024-11-26,876,180
6296,2025-04-07,330,292
6297,2024-06-11,270,770
6298,2024-08-23,937,681
6299,2024-11-17,874,935
6300,2024-11-18,56,652
6301,2025-01-02,77,4
6302,2025-03-10,531,994
6303,2025-01-06,944,243
6304,2025-01-05,430,485
6305,2025-02-26,403,178
6306,2024-08-08,453,556
6307,2024-06-04,71,956
6308,2025-03-25,599,893
6309,2024-12-13,292,716
6310,2025-01-05,617,208
6311,2025-02-01,427,654
6312,2024-12-31,977,821
6313,2024-08-30,254,964
6314,2024-11-17,216,521
6315,2024-12-19,412,508
6316,2025-01-12,604,434
6317,2024-08-23,407,638
6318,2024-12-07,601,373
6319,2024-06-23,970,782
6320,2024-05-06,770,655
6321,2024-11-23,714,550
6322,2025-04-23,629,215
6323,2024-06-04,166,348
6324,2024-07-01,837,329
6325,2024-10-22,475,843
6326,2025-03-10,283,138
6327,2025-02-28,764,698
6328,2024-06-15,212,466
6329,2024-07-31,258,407
6330,2025-02-23,371,554
6331,2024-10-15,128,427
6332,2024-08-03,611,885
6333,2025-01-16,226,698
6334,2024-09-25,29,601
6335,2025-02-08,318,661
6336,2024-08-27,122,247
6337,2024-12-15,329,417
6338,2024-10-14,115,846
6339,2025-01-13,868,279
6340,2024-12-22,488,797
6341,2025-01-11,443,715
6342,2024-05-26,373,959
6343,2025-04-07,460,570
6344,2024-09-10,850,593
6345,2025-03-07,416,43
6346,2024-12-13,689,752
6347,2024-08-29,913,239
6348,2025-04-25,811,194
6349,2024-06-18,100,208
6350,2024-07-06,977,928
6351,2024-07-13,225,459
6352,2024-07-04,175,620
6353,2024-12-22,623,365
6354,2024-06-13,888,78
6355,2025-02-19,966,632
6356,2025-01-05,732,434
6357,2024-11-14,492,872
6358,2024-05-29,310,706
6359,2025-02-24,247,734
6360,2025-02-12,203,314
6361,2025-01-03,452,386
6362,2025-01-14,7,202
6363,2024-09-04,646,780
6364,2024-09-20,325,477
6365,2024-05-17,178,301
6366,2024-10-01,677,348
6367,2025-01-29,582,713
6368,2024-09-08,651,59
6369,2024-06-03,939,903
6370,2025-03-10,943,472
6371,2024-11-04,486,741
6372,2025-03-18,92,362
6373,2024-09-09,746,305
6374,2024-05-12,122,46
6375,2024-10-27,264,45
6376,2024-09-26,931,570
6377,2024-12-21,848,883
6378,2024-07-26,511,78
6379,2025-04-26,87,182
6380,2025-02-17,970,187
6381,2024-11-28,333,842
6382,2025-01-15,177,712
6383,2024-11-28,470,171
6384,2024-07-30,763,710
6385,2024-08-10,567,734
6386,2025-01-10,372,671
6387,2025-03-28,987,864
6388,2024-08-15,216,277
6389,2024-05-18,210,879
6390,2024-06-13,740,49
6391,2024-06-14,391,657
6392,2025-02-22,943,424
6393,2025-04-07,103,235
6394,2024-10-21,904,762
6395,2025-01-20,940,595
6396,2025-01-03,944,416
6397,2025-01-16,522,364
6398,2025-01-12,690,1000
6399,2024-06-11,910,21
6400,2024-08-27,276,261
6401,2024-10-23,409,94
6402,2024-07-01,553,35
6403,2025-02-10,559,381
6404,2024-11-20,872,126
6405,2024-08-11,7,460
6406,2025-02-06,702,763
6407,2025-01-27,826,259
6408,2024-12-19,745,589
6409,2024-11-05,612,295
6410,2025-02-19,375,461
6411,2024-11-04,94,596
6412,2025-02-25,594,175
6413,2025-03-05,555,565
6414,2024-10-31,858,951
6415,2024-07-19,321,427
6416,2024-11-10,738,545
6417,2024-08-08,798,715
6418,2025-02-14,250,407
6419,2024-08-11,962,109
6420,2024-10-14,494,977
6421,2024-06-02,321,87
6422,2024-08-22,692,943
6423,2024-07-22,316,288
6424,2024-09-18,316,625
6425,2024-09-13,920,484
6426,2024-10-31,792,120
6427,2025-01-22,560,417
6428,2024-08-19,58,109
6429,2025-02-02,844,416
6430,2024-09-05,787,131
6431,2024-05-22,792,223
6432,2024-09-12,260,271
6433,2024-10-25,395,567
6434,2025-02-04,601,603
6435,2024-10-29,815,387
6436,2024-12-04,628,731
6437,2025-04-26,497,740
6438,2024-09-06,124,241
6439,2025-04-09,243,640
6440,2024-09-22,386,237
6441,2024-06-03,733,979
6442,2024-06-17,81,431
6443,2024-11-20,308,696
6444,2024-07-30,890,499
6445,2024-04-30,555,478
6446,2024-09-27,616,964
6447,2024-07-20,937,938
6448,2024-07-29,879,234
6449,2024-12-07,521,393
6450,2024-09-16,911,481
6451,2025-01-03,158,369
6452,2024-06-01,428,711
6453,2025-04-07,367,263
6454,2024-10-21,305,584
6455,2025-03-02,548,606
6456,2024-09-06,526,517
6457,2024-09-09,489,226
6458,2025-03-28,447,180
6459,2024-12-12,255,654
6460,2024-09-22,50,298
6461,2025-04-16,586,647
6462,2025-01-10,758,31
6463,2024-07-04,154,895
6464,2025-02-24,645,752
6465,2024-09-28,345,66
6466,2024-09-02,973,485
6467,2025-01-05,273,407
6468,2024-06-13,99,347
6469,2025-01-11,134,795
6470,2025-02-03,785,458
6471,2024-10-13,932,516
6472,2024-08-03,673,811
6473,2024-06-21,590,642
6474,2024-09-09,239,938
6475,2025-01-08,551,341
6476,2024-07-23,867,451
6477,2024-10-24,598,434
6478,2024-05-16,983,542
6479,2025-01-15,192,774
6480,2025-04-09,424,202
6481,2024-08-14,111,854
6482,2025-01-21,197,115
6483,2024-07-22,935,292
6484,2024-09-30,534,184
6485,2024-12-06,505,262
6486,2025-01-16,941,206
6487,2024-07-22,667,152
6488,2024-09-07,538,109
6489,2024-07-19,278,238
6490,2024-06-30,222,43
6491,2025-01-14,743,36
6492,2025-04-09,136,93
6493,2024-05-08,647,749
6494,2025-04-08,929,468
6495,2024-10-19,768,498
6496,2024-06-11,991,666
6497,2025-04-17,806,144
6498,2025-01-19,93,399
6499,2025-01-17,411,159
6500,2025-01-28,714,39
6501,2024-05-18,431,25
6502,2024-12-27,344,655
6503,2024-06-07,619,462
6504,2025-04-27,253,387
6505,2024-09-05,857,983
6506,2024-10-07,991,914
6507,2024-08-19,51,510
6508,2024-06-28,180,853
6509,2024-07-14,634,772
6510,2024-07-15,397,679
6511,2025-02-26,279,430
6512,2025-02-10,344,384
6513,2025-01-22,454,287
6514,2025-02-18,882,676
6515,2025-02-08,340,704
6516,2024-05-23,151,431
6517,2025-04-25,232,354
6518,2024-10-31,11,984
6519,2024-11-28,202,759
6520,2025-01-15,220,243
6521,2025-02-17,765,959
6522,2024-12-03,364,439
6523,2024-07-22,702,641
6524,2025-03-02,449,249
6525,2024-11-05,142,672
6526,2024-05-07,447,383
6527,2025-01-18,315,787
6528,2024-10-20,684,260
6529,2024-11-06,341,367
6530,2025-01-27,957,788
6531,2025-04-04,96,651
6532,2024-05-18,983,336
6533,2024-05-29,119,525
6534,2025-02-23,929,154
6535,2024-05-22,621,888
6536,2024-07-06,756,373
6537,2024-10-02,623,947
6538,2024-10-28,552,367
6539,2024-06-26,611,531
6540,2024-06-14,413,49
6541,2025-01-27,263,16
6542,2024-08-31,291,939
6543,2025-02-15,530,66
6544,2024-10-28,975,751
6545,2024-08-24,581,737
6546,2025-04-09,496,466
6547,2024-12-05,143,287
6548,2024-06-28,157,727
6549,2024-06-06,529,339
6550,2024-12-13,532,86
6551,2024-10-26,439,533
6552,2025-02-01,351,295
6553,2025-01-21,155,671
6554,2025-02-01,407,884
6555,2024-07-08,503,781
6556,2025-03-10,945,788
6557,2024-05-26,841,296
6558,2024-08-07,157,567
6559,2024-08-01,517,696
6560,2024-07-11,155,83
6561,2025-02-07,561,229
6562,2024-09-13,854,672
6563,2024-09-11,90,450
6564,2024-10-11,313,717
6565,2025-04-10,128,756
6566,2024-09-16,66,174
6567,2025-03-14,115,438
6568,2025-04-28,443,941
6569,2025-04-01,67,151
6570,2024-05-11,702,32
6571,2025-01-15,363,297
6572,2025-01-24,582,476
6573,2024-07-06,363,445
6574,2024-05-21,378,650
6575,2024-08-15,95,905
6576,2024-08-13,187,372
6577,2024-06-03,519,534
6578,2024-09-28,1000,643
6579,2024-11-10,946,402
6580,2024-09-25,292,71
6581,2024-11-07,480,275
6582,2024-08-19,313,343
6583,2025-02-17,901,970
6584,2024-12-30,347,732
6585,2025-03-25,208,985
6586,2024-08-06,810,851
6587,2025-04-18,680,722
6588,2024-08-04,948,866
6589,2024-12-08,60,175
6590,2024-08-30,53,979
6591,2024-12-09,206,168
6592,2024-11-27,120,185
6593,2025-02-01,562,977
6594,2024-12-07,538,216
6595,2024-07-20,144,797
6596,2024-10-10,232,458
6597,2024-07-20,509,294
6598,2024-07-18,444,439
6599,2024-12-26,499,609
6600,2024-06-23,466,22
6601,2024-05-12,481,83
6602,2024-12-16,259,748
6603,2024-06-24,950,257
6604,2025-02-20,927,288
6605,2024-11-15,81,561
6606,2024-08-06,815,445
6607,2025-01-21,172,618
6608,2024-08-01,539,945
6609,2024-12-01,955,430
6610,2024-09-01,196,766
6611,2025-03-29,816,505
6612,2025-02-05,107,697
6613,2024-10-23,868,634
6614,2024-12-13,743,317
6615,2024-05-22,225,895
6616,2025-02-18,563,894
6617,2024-05-06,120,41
6618,2025-01-28,430,419
6619,2024-07-11,860,606
6620,2024-07-26,465,742
6621,2024-07-08,813,281
6622,2024-12-05,862,935
6623,2024-12-05,521,649
6624,2024-12-09,300,851
6625,2025-01-27,162,786
6626,2024-11-22,826,540
6627,2025-01-02,913,913
6628,2024-08-31,87,263
6629,2024-06-19,748,427
6630,2025-01-07,328,763
6631,2024-11-24,142,518
6632,2025-03-14,851,732
6633,2024-12-04,107,666
6634,2024-12-03,298,886
6635,2024-09-14,533,98
6636,2024-09-03,252,971
6637,2025-01-27,239,268
6638,2024-12-21,588,236
6639,2024-05-18,749,546
6640,2024-12-19,797,774
6641,2024-05-02,921,228
6642,2025-01-01,766,265
6643,2024-06-14,734,879
6644,2025-04-04,828,37
6645,2024-05-09,782,274
6646,2024-10-19,848,993
6647,2024-09-01,172,121
6648,2025-03-18,641,490
6649,2024-06-30,39,821
6650,2024-11-11,524,586
6651,2024-04-30,414,689
6652,2024-08-13,325,936
6653,2024-12-15,302,737
6654,2024-08-31,695,541
6655,2025-04-24,660,960
6656,2025-03-15,835,575
6657,2024-11-10,673,684
6658,2024-07-05,620,624
6659,2025-04-24,588,820
6660,2024-11-11,181,999
6661,2024-10-17,593,360
6662,2024-09-17,373,524
6663,2024-11-18,901,680
6664,2025-03-18,392,395
6665,2024-11-15,113,908
6666,2024-09-09,963,168
6667,2025-03-13,128,401
6668,2024-05-13,672,669
6669,2025-02-07,579,629
6670,2025-04-09,377,209
6671,2024-05-12,56,173
6672,2024-09-13,73,526
6673,2024-06-10,936,882
6674,2025-02-25,794,501
6675,2024-12-17,225,142
6676,2025-02-13,344,794
6677,2024-09-19,470,645
6678,2024-05-03,923,117
6679,2024-09-01,818,47
6680,2024-09-01,96,397
6681,2024-12-18,539,620
6682,2024-07-03,855,519
6683,2024-05-03,167,872
6684,2024-11-22,805,813
6685,2024-05-17,210,618
6686,2024-08-12,442,377
6687,2024-12-10,931,863
6688,2024-09-03,399,525
6689,2024-11-13,164,952
6690,2025-02-26,714,282
6691,2024-08-17,876,114
6692,2024-07-24,121,470
6693,2024-09-01,576,842
6694,2024-09-27,545,748
6695,2024-06-07,899,74
6696,2024-08-09,963,884
6697,2025-02-08,557,920
6698,2025-04-15,623,759
6699,2024-11-13,669,928
6700,2024-09-28,4,967
6701,2024-09-16,396,980
6702,2025-04-20,879,887
6703,2024-05-26,417,163
6704,2024-06-02,708,720
6705,2024-12-06,464,178
6706,2025-03-24,654,686
6707,2024-12-22,349,273
6708,2025-04-14,458,28
6709,2025-01-10,384,329
6710,2025-02-06,931,133
6711,2025-02-12,533,647
6712,2024-05-10,745,954
6713,2025-02-04,435,440
6714,2024-12-03,501,160
6715,2025-02-04,459,401
6716,2024-09-26,440,298
6717,2025-02-27,994,481
6718,2024-12-13,401,601
6719,2024-09-12,856,66
6720,2025-01-21,758,629
6721,2024-11-25,312,331
6722,2024-08-24,963,6
6723,2024-07-25,972,298
6724,2024-12-27,938,957
6725,2024-10-07,952,455
6726,2024-09-29,958,317
6727,2025-02-16,452,432
6728,2024-07-25,737,798
6729,2024-11-14,379,228
6730,2025-02-06,141,105
6731,2024-07-12,308,936
6732,2025-01-27,172,252
6733,2024-10-19,147,698
6734,2024-05-06,672,862
6735,2025-04-08,591,33
6736,2024-07-19,434,931
6737,2024-10-20,479,278
6738,2025-01-13,13,580
6739,2025-02-13,267,867
6740,2024-09-28,225,458
6741,2025-01-12,321,607
6742,2024-05-03,803,466
6743,2024-10-18,383,276
6744,2024-08-17,360,784
6745,2024-11-26,98,985
6746,2024-12-16,476,131
6747,2025-01-10,279,959
6748,2024-09-15,959,506
6749,2024-10-01,762,114
6750,2024-10-13,523,803
6751,2024-07-21,974,233
6752,2024-11-27,405,8
6753,2024-10-06,822,791
6754,2025-04-05,398,193
6755,2024-06-19,760,203
6756,2024-12-31,737,758
6757,2024-08-24,780,490
6758,2024-05-31,355,896
6759,2024-11-30,17,958
6760,2024-09-26,532,228
6761,2025-04-02,944,736
6762,2025-02-18,716,900
6763,2025-03-14,54,958
6764,2024-12-08,404,61
6765,2025-02-20,614,287
6766,2024-06-26,895,894
6767,2024-09-20,477,954
6768,2024-05-06,994,891
6769,2025-02-21,347,405
6770,2024-06-26,805,171
6771,2024-12-31,924,586
6772,2024-06-17,317,289
6773,2024-09-11,789,434
6774,2024-07-07,207,774
6775,2025-04-05,365,602
6776,2024-10-14,547,282
6777,2025-01-05,105,663
6778,2024-05-10,543,396
6779,2024-05-24,880,74
6780,2024-12-16,236,404
6781,2024-10-01,600,563
6782,2025-02-26,187,296
6783,2025-02-23,580,455
6784,2024-09-03,994,342
6785,2024-09-02,481,884
6786,2024-08-17,944,540
6787,2024-10-24,439,86
6788,2024-12-20,887,338
6789,2024-10-28,166,994
6790,2024-10-07,355,370
6791,2024-11-06,47,319
6792,2024-09-25,458,70
6793,2025-01-30,70,812
6794,2025-02-26,822,810
6795,2024-07-26,52,798
6796,2025-04-25,637,594
6797,2024-07-26,593,941
6798,2024-10-02,35,379
6799,2024-06-18,284,407
6800,2024-08-31,669,524
6801,2024-05-28,528,504
6802,2024-06-14,496,79
6803,2024-11-28,71,360
6804,2025-03-01,726,341
6805,2024-06-10,998,337
6806,2025-03-23,444,69
6807,2024-12-07,441,536
6808,2024-11-17,979,58
6809,2024-12-06,838,281
6810,2024-07-03,808,886
6811,2024-06-24,198,644
6812,2024-09-17,61,266
6813,2024-06-09,24,878
6814,2024-11-22,582,759
6815,2025-04-11,9,989
6816,2024-07-23,594,299
6817,2025-04-27,961,70
6818,2024-08-26,195,403
6819,2024-09-08,969,319
6820,2025-03-28,245,442
6821,2025-01-14,695,612
6822,2024-06-14,615,543
6823,2024-10-07,785,297
6824,2024-12-01,585,962
6825,2024-06-03,421,81
6826,2024-05-20,58,22
6827,2024-11-24,737,743
6828,2024-08-13,964,559
6829,2024-05-14,599,441
6830,2024-11-11,894,999
6831,2024-10-23,130,472
6832,2024-10-19,27,116
6833,2024-09-23,988,175
6834,2025-04-21,161,277
6835,2024-07-14,863,450
6836,2025-04-24,8,402
6837,2024-10-17,235,596
6838,2024-07-18,264,802
6839,2024-05-05,639,930
6840,2025-02-11,438,419
6841,2024-10-30,774,678
6842,2024-05-29,434,963
6843,2025-02-25,839,227
6844,2025-04-24,534,719
6845,2025-03-27,468,859
6846,2024-06-14,481,881
6847,2024-11-18,1,289
6848,2025-04-10,934,897
6849,2024-07-10,57,752
6850,2024-11-23,518,576
6851,2025-03-13,165,617
6852,2024-09-13,676,429
6853,2024-09-23,172,649
6854,2025-03-07,783,164
6855,2024-12-28,446,719
6856,2025-04-30,979,518
6857,2024-06-11,572,791
6858,2024-09-08,898,351
6859,2024-11-20,444,541
6860,2025-03-31,660,516
6861,2024-06-30,582,562
6862,2025-04-01,492,467
6863,2025-03-13,946,402
6864,2025-01-10,693,124
6865,2025-02-11,765,439
6866,2024-09-17,909,229
6867,2024-06-05,888,101
6868,2025-03-13,207,614
6869,2024-11-11,273,281
6870,2024-08-24,633,360
6871,2024-09-22,322,416
6872,2024-09-22,90,954
6873,2024-07-10,735,581
6874,2025-02-14,646,598
6875,2024-11-02,760,862
6876,2025-03-31,783,965
6877,2025-03-11,765,802
6878,2025-03-27,330,504
6879,2024-10-14,314,741
6880,2024-10-11,863,298
6881,2025-04-09,66,765
6882,2025-01-07,35,951
6883,2024-10-01,228,829
6884,2025-01-08,757,808
6885,2024-12-23,699,326
6886,2025-01-09,58,807
6887,2024-12-16,854,962
6888,2025-02-26,623,870
6889,2024-04-30,831,163
6890,2024-11-13,679,938
6891,2024-11-07,918,831
6892,2024-12-12,11,451
6893,2025-04-02,275,712
6894,2024-06-29,997,466
6895,2024-11-06,8,708
6896,2024-11-12,905,984
6897,2025-04-20,57,847
6898,2025-04-24,995,102
6899,2024-07-01,68,420
6900,2025-01-30,522,272
6901,2024-08-23,138,1000
6902,2024-10-18,434,319
6903,2025-01-21,129,277
6904,2024-06-09,770,514
6905,2024-10-26,289,32
6906,2025-01-08,845,133
6907,2024-07-25,506,887
6908,2024-09-09,943,581
6909,2024-08-09,900,653
6910,2024-09-15,57,399
6911,2025-03-25,11,208
6912,2024-06-21,829,412
6913,2024-06-07,300,36
6914,2025-01-20,511,109
6915,2024-08-22,371,244
6916,2024-07-23,722,415
6917,2025-01-04,306,498
6918,2024-06-12,42,939
6919,2025-02-03,687,60
6920,2025-03-10,259,883
6921,2024-08-24,49,392
6922,2024-06-30,359,681
6923,2024-11-15,113,467
6924,2025-02-03,752,305
6925,2024-09-08,633,44
6926,2024-07-12,362,462
6927,2024-05-25,614,765
6928,2024-09-17,975,320
6929,2025-02-08,80,941
6930,2024-10-08,40,143
6931,2025-04-08,575,277
6932,2024-05-29,969,939
6933,2025-03-10,871,79
6934,2024-05-24,34,750
6935,2024-12-21,13,835
6936,2024-11-17,606,272
6937,2024-11-16,917,625
6938,2025-04-08,948,1
6939,2024-04-30,64,71
6940,2024-07-21,691,347
6941,2024-07-30,938,351
6942,2025-04-30,563,529
6943,2024-12-28,812,970
6944,2024-12-31,310,430
6945,2024-10-25,44,935
6946,2024-07-20,387,265
6947,2025-01-30,661,535
6948,2024-12-08,373,886
6949,2024-06-18,827,32
6950,2025-03-16,894,159
6951,2024-09-05,31,48
6952,2024-12-21,108,762
6953,2025-02-16,302,892
6954,2024-06-21,603,589
6955,2024-06-15,894,778
6956,2025-02-10,123,390
6957,2024-11-13,531,521
6958,2024-07-12,931,544
6959,2025-01-28,229,243
6960,2024-06-20,16,970
6961,2024-06-24,96,901
6962,2024-06-11,412,653
6963,2024-07-19,6,78
6964,2024-09-06,969,341
6965,2025-02-12,334,165
6966,2024-09-13,264,289
6967,2024-09-29,768,978
6968,2024-07-31,380,209
6969,2024-11-20,982,53
6970,2024-06-13,400,796
6971,2024-07-09,783,391
6972,2025-04-27,623,217
6973,2024-07-24,187,31
6974,2024-11-12,695,185
6975,2025-02-16,288,125
6976,2025-01-01,324,928
6977,2024-06-16,731,309
6978,2025-02-11,240,48
6979,2024-04-30,801,683
6980,2024-10-18,293,313
6981,2024-06-12,214,454
6982,2024-09-05,390,714
6983,2024-12-14,728,859
6984,2024-07-03,18,223
6985,2024-07-13,404,187
6986,2024-06-15,896,477
6987,2025-02-11,695,186
6988,2025-04-02,45,92
6989,2025-02-19,539,521
6990,2024-08-09,999,965
6991,2024-05-09,533,239
6992,2024-11-19,847,869
6993,2025-04-15,745,702
6994,2024-11-24,508,399
6995,2025-01-18,15,667
6996,2025-04-12,940,781
6997,2024-07-19,234,661
6998,2025-04-10,567,524
6999,2024-12-01,237,88
7000,2025-04-26,841,978
7001,2025-03-06,553,426
7002,2024-07-31,332,728
7003,2024-09-25,41,580
7004,2024-12-18,340,490
7005,2025-01-23,288,755
7006,2025-03-28,936,142
7007,2024-06-21,715,23
7008,2024-10-27,361,289
7009,2025-01-31,455,115
7010,2025-04-16,689,905
7011,2024-10-16,398,572
7012,2024-07-28,172,451
7013,2024-11-23,610,50
7014,2024-08-02,897,99
7015,2024-07-26,337,544
7016,2024-12-20,659,679
7017,2025-03-02,466,347
7018,2024-08-12,563,341
7019,2025-03-05,297,71
7020,2024-05-11,451,625
7021,2025-02-13,721,915
7022,2025-01-05,674,968
7023,2025-03-24,58,630
7024,2025-01-07,750,10
7025,2024-08-29,826,185
7026,2024-08-28,999,801
7027,2024-06-28,266,717
7028,2024-07-09,95,519
7029,2025-01-26,585,872
7030,2025-01-17,493,323
7031,2024-11-28,418,806
7032,2024-06-11,727,399
7033,2025-02-06,117,940
7034,2024-11-24,88,307
7035,2025-03-22,869,284
7036,2024-08-08,858,284
7037,2024-08-09,815,902
7038,2024-05-15,509,570
7039,2025-02-21,635,693
7040,2024-07-01,432,176
7041,2024-06-25,903,710
7042,2024-11-13,953,182
7043,2024-12-17,264,429
7044,2024-09-22,621,961
7045,2024-12-21,747,119
7046,2024-05-28,722,9
7047,2024-10-02,330,271
7048,2024-05-07,840,855
7049,2024-12-17,413,292
7050,2024-12-09,935,481
7051,2024-06-12,96,361
7052,2025-02-23,70,790
7053,2024-05-24,969,434
7054,2025-04-17,47,121
7055,2025-01-24,565,39
7056,2024-06-04,257,449
7057,2024-09-15,92,680
7058,2025-01-17,740,384
7059,2024-05-14,776,250
7060,2025-04-24,871,767
7061,2024-11-21,569,336
7062,2024-07-13,210,788
7063,2024-08-29,826,778
7064,2024-11-15,37,807
7065,2024-10-25,441,464
7066,2024-08-24,931,112
7067,2024-07-02,65,246
7068,2024-07-29,648,657
7069,2025-04-03,408,612
7070,2025-04-24,612,20
7071,2024-06-10,88,906
7072,2024-05-22,805,496
7073,2025-03-19,300,166
7074,2024-12-10,881,442
7075,2024-05-22,174,223
7076,2024-08-19,306,580
7077,2024-10-29,147,221
7078,2025-03-11,576,847
7079,2024-09-26,815,29
7080,2024-08-24,890,574
7081,2024-08-06,823,673
7082,2025-04-21,502,874
7083,2024-06-30,316,947
7084,2025-04-26,86,201
7085,2025-04-14,444,563
7086,2024-11-18,571,978
7087,2025-04-28,65,289
7088,2025-04-27,13,149
7089,2024-07-09,225,448
7090,2024-08-28,910,627
7091,2024-06-25,436,322
7092,2024-05-17,512,441
7093,2024-10-22,796,393
7094,2025-04-26,836,410
7095,2024-11-26,907,992
7096,2025-02-05,990,363
7097,2024-06-12,208,949
7098,2024-12-30,81,302
7099,2025-03-05,411,35
7100,2024-05-11,702,837
7101,2025-02-02,130,867
7102,2024-07-17,416,294
7103,2024-09-23,560,401
7104,2025-04-03,898,939
7105,2025-04-06,651,187
7106,2024-12-23,458,264
7107,2024-10-29,14,75
7108,2024-05-01,696,400
7109,2025-03-21,500,879
7110,2024-10-31,72,559
7111,2024-05-05,300,973
7112,2024-10-17,75,555
7113,2025-01-21,103,333
7114,2024-09-04,25,671
7115,2025-04-02,401,71
7116,2024-06-27,469,124
7117,2025-04-30,839,637
7118,2025-01-03,562,595
7119,2024-12-22,782,790
7120,2025-03-19,299,911
7121,2024-08-15,768,651
7122,2024-11-14,732,139
7123,2024-12-31,837,730
7124,2024-10-30,468,994
7125,2025-02-06,814,498
7126,2024-06-21,602,312
7127,2025-04-24,830,587
7128,2025-01-21,478,284
7129,2024-06-02,771,989
7130,2024-07-19,199,243
7131,2025-04-21,496,419
7132,2024-05-17,190,522
7133,2024-08-20,742,529
7134,2025-02-20,756,976
7135,2025-01-31,462,166
7136,2025-02-05,890,255
7137,2025-04-03,651,487
7138,2024-08-03,10,452
7139,2025-04-25,692,278
7140,2025-03-19,628,269
7141,2025-01-19,174,670
7142,2025-04-28,677,943
7143,2024-10-27,721,630
7144,2024-11-09,882,97
7145,2024-08-28,185,923
7146,2025-01-31,250,903
7147,2024-10-11,663,194
7148,2025-03-04,655,96
7149,2024-08-07,119,576
7150,2025-04-18,855,150
7151,2025-03-06,123,430
7152,2025-03-16,644,813
7153,2024-12-07,891,410
7154,2025-04-18,129,462
7155,2024-12-20,353,885
7156,2024-07-06,212,491
7157,2024-07-22,735,212
7158,2024-08-30,830,46
7159,2025-03-26,57,477
7160,2024-11-24,400,732
7161,2024-08-23,727,375
7162,2024-05-03,8,421
7163,2025-04-24,923,542
7164,2024-07-28,508,982
7165,2025-03-06,265,918
7166,2024-05-02,14,2
7167,2024-12-03,107,402
7168,2024-11-28,488,468
7169,2024-05-13,308,777
7170,2025-03-05,113,245
7171,2024-10-28,796,346
7172,2024-06-21,160,198
7173,2024-07-01,61,580
7174,2025-01-10,299,34
7175,2024-07-28,40,514
7176,2024-07-21,410,28
7177,2024-05-21,570,25
7178,2025-01-13,367,554
7179,2024-05-23,493,856
7180,2024-07-04,680,898
7181,2025-04-12,677,111
7182,2024-07-13,670,783
7183,2024-08-08,108,725
7184,2024-10-10,456,193
7185,2025-03-21,686,486
7186,2024-07-23,491,975
7187,2024-11-19,349,749
7188,2025-01-30,688,956
7189,2024-09-24,122,735
7190,2024-11-26,982,703
7191,2024-10-14,130,622
7192,2025-03-07,167,986
7193,2025-04-12,72,593
7194,2024-07-06,522,709
7195,2024-08-19,84,677
7196,2024-12-22,102,60
7197,2025-01-04,193,722
7198,2025-04-05,793,878
7199,2024-06-21,132,324
7200,2024-11-28,411,227
7201,2024-11-29,659,722
7202,2024-05-19,781,270
7203,2024-09-24,239,972
7204,2024-07-29,729,8
7205,2024-07-13,566,352
7206,2024-06-28,172,926
7207,2024-11-24,628,432
7208,2024-06-29,77,594
7209,2024-12-02,876,592
7210,2024-10-27,421,194
7211,2024-12-01,551,897
7212,2024-10-25,745,998
7213,2024-06-20,732,734
7214,2024-11-15,897,305
7215,2024-11-30,74,164
7216,2024-09-20,932,631
7217,2024-12-06,59,254
7218,2024-06-14,446,702
7219,2025-02-11,606,507
7220,2024-07-09,572,682
7221,2024-08-26,894,561
7222,2024-08-02,687,732
7223,2025-02-21,358,902
7224,2025-03-24,980,449
7225,2024-08-17,971,624
7226,2025-04-30,770,475
7227,2024-10-10,863,884
7228,2024-07-28,154,462
7229,2024-07-09,123,264
7230,2024-05-04,298,656
7231,2025-01-06,389,778
7232,2025-04-16,266,15
7233,2025-03-15,880,400
7234,2024-08-27,988,550
7235,2025-01-19,861,43
7236,2025-02-09,676,881
7237,2024-12-25,987,285
7238,2025-01-04,471,420
7239,2024-08-02,249,732
7240,2025-03-20,513,79
7241,2024-09-11,145,583
7242,2024-07-25,755,285
7243,2024-09-20,12,19
7244,2024-11-29,783,786
7245,2024-11-11,975,941
7246,2024-05-16,164,877
7247,2024-08-30,166,93
7248,2024-06-22,410,651
7249,2024-11-20,577,367
7250,2024-07-24,557,653
7251,2024-08-23,675,910
7252,2024-07-30,774,355
7253,2024-10-06,419,486
7254,2025-04-30,183,514
7255,2024-06-16,990,282
7256,2024-07-28,555,91
7257,2024-10-15,822,646
7258,2024-07-13,663,969
7259,2025-01-14,334,20
7260,2024-11-30,802,555
7261,2025-04-17,907,154
7262,2025-02-01,456,463
7263,2025-01-20,422,576
7264,2025-03-24,247,609
7265,2024-10-15,127,751
7266,2025-01-11,989,144
7267,2025-01-15,656,445
7268,2025-03-14,871,54
7269,2025-01-20,480,142
7270,2025-02-09,549,786
7271,2024-08-22,148,739
7272,2024-07-09,975,639
7273,2024-05-19,146,794
7274,2024-07-24,135,270
7275,2024-08-15,151,609
7276,2024-11-27,889,509
7277,2024-06-30,676,237
7278,2024-08-16,332,181
7279,2024-08-24,395,355
7280,2025-01-14,586,803
7281,2025-01-17,735,547
7282,2024-06-07,821,903
7283,2024-10-10,845,576
7284,2024-07-07,565,519
7285,2024-06-28,627,330
7286,2025-01-04,601,648
7287,2025-04-19,426,315
7288,2024-07-13,583,366
7289,2024-09-20,616,357
7290,2025-02-16,756,811
7291,2024-05-22,337,339
7292,2025-01-10,793,702
7293,2025-01-31,305,60
7294,2024-08-18,821,557
7295,2024-09-25,496,716
7296,2024-05-30,597,350
7297,2025-03-15,548,407
7298,2025-01-09,661,785
7299,2025-02-28,944,915
7300,2025-04-30,809,357
7301,2024-06-10,811,340
7302,2024-11-11,4,728
7303,2024-12-26,359,903
7304,2024-10-16,929,887
7305,2024-12-18,455,608
7306,2024-10-17,637,421
7307,2024-08-10,789,22
7308,2024-10-19,352,327
7309,2024-12-06,311,481
7310,2024-10-13,77,44
7311,2025-02-08,157,37
7312,2024-11-23,47,297
7313,2024-11-22,733,262
7314,2024-06-25,268,815
7315,2025-04-04,819,705
7316,2024-11-01,829,756
7317,2025-02-13,423,835
7318,2024-12-12,242,569
7319,2024-07-04,100,34
7320,2024-09-04,314,218
7321,2025-04-18,25,700
7322,2024-06-25,352,487
7323,2024-07-30,693,965
7324,2025-04-13,258,746
7325,2025-04-05,698,152
7326,2025-02-27,873,859
7327,2025-03-16,35,313
7328,2024-07-10,630,24
7329,2024-05-16,736,339
7330,2024-05-22,650,453
7331,2025-03-18,62,717
7332,2024-06-10,702,617
7333,2025-03-28,458,846
7334,2024-09-28,441,712
7335,2024-09-18,73,833
7336,2024-08-25,993,58
7337,2024-07-23,237,473
7338,2024-06-24,546,709
7339,2024-06-26,823,976
7340,2024-09-09,765,408
7341,2024-10-08,194,3
7342,2025-02-28,186,854
7343,2024-09-20,206,28
7344,2024-12-04,148,705
7345,2024-09-21,321,669
7346,2025-01-19,270,986
7347,2024-08-11,552,806
7348,2025-03-07,871,695
7349,2025-03-05,802,154
7350,2025-02-21,59,548
7351,2025-02-14,635,302
7352,2025-03-01,568,101
7353,2025-04-18,154,330
7354,2025-01-14,476,818
7355,2024-11-06,235,810
7356,2025-01-20,62,533
7357,2024-07-12,18,536
7358,2024-05-28,509,374
7359,2024-07-31,573,474
7360,2025-04-22,584,607
7361,2024-06-26,64,728
7362,2024-05-20,743,635
7363,2025-04-26,298,562
7364,2024-12-19,88,493
7365,2024-06-08,654,628
7366,2025-02-06,108,728
7367,2024-11-13,182,289
7368,2024-07-27,648,379
7369,2024-08-06,820,5
7370,2024-07-18,850,918
7371,2025-04-29,816,277
7372,2025-02-28,621,73
7373,2025-02-10,134,275
7374,2025-02-06,326,515
7375,2024-06-04,284,176
7376,2025-03-16,59,251
7377,2025-03-10,676,784
7378,2024-07-04,222,478
7379,2024-12-14,355,473
7380,2024-07-26,992,184
7381,2024-10-13,496,147
7382,2024-12-13,520,881
7383,2025-01-14,312,9
7384,2024-06-23,893,51
7385,2025-03-03,19,585
7386,2024-08-25,87,660
7387,2025-02-25,212,470
7388,2024-09-28,38,366
7389,2025-04-06,662,678
7390,2024-08-01,980,291
7391,2025-04-04,264,986
7392,2024-10-12,748,740
7393,2024-11-09,133,761
7394,2024-08-04,313,960
7395,2024-09-08,272,806
7396,2024-09-03,97,853
7397,2024-06-15,12,411
7398,2024-07-01,299,404
7399,2024-11-14,219,347
7400,2024-06-07,754,698
7401,2024-05-12,541,295
7402,2025-02-20,736,361
7403,2024-05-02,822,444
7404,2024-12-26,329,922
7405,2025-01-16,936,649
7406,2024-05-07,181,231
7407,2025-04-19,197,956
7408,2024-05-19,156,553
7409,2024-09-14,782,376
7410,2024-09-01,428,750
7411,2024-05-11,378,588
7412,2024-12-01,895,642
7413,2024-10-31,690,602
7414,2025-01-25,559,262
7415,2024-08-19,588,142
7416,2025-04-29,606,269
7417,2024-10-14,348,200
7418,2025-01-22,873,539
7419,2024-11-02,120,43
7420,2024-10-29,841,80
7421,2024-10-02,823,478
7422,2024-08-02,802,756
7423,2024-06-13,66,528
7424,2024-10-02,360,4
7425,2024-05-23,268,120
7426,2024-05-08,352,196
7427,2024-05-31,107,826
7428,2024-09-10,99,516
7429,2024-06-10,862,100
7430,2024-11-07,557,458
7431,2024-05-09,808,373
7432,2024-10-18,978,302
7433,2025-04-04,163,416
7434,2024-11-01,320,162
7435,2024-09-29,892,271
7436,2024-12-05,66,84
7437,2024-12-02,664,245
7438,2024-05-09,410,660
7439,2024-06-03,161,470
7440,2025-04-16,763,297
7441,2024-05-23,790,319
7442,2025-03-12,189,578
7443,2025-04-17,838,61
7444,2024-08-03,522,323
7445,2024-10-26,496,224
7446,2024-11-07,369,176
7447,2024-08-13,549,946
7448,2025-04-08,296,937
7449,2025-04-02,472,329
7450,2024-09-11,880,620
7451,2024-12-17,292,53
7452,2025-04-10,717,975
7453,2025-02-21,774,687
7454,2024-06-17,839,364
7455,2025-02-05,64,68
7456,2024-07-10,465,32
7457,2024-08-08,343,791
7458,2024-07-28,807,434
7459,2025-02-17,340,266
7460,2024-11-08,718,122
7461,2024-06-30,242,754
7462,2025-02-19,824,114
7463,2025-02-01,432,123
7464,2024-08-02,323,251
7465,2024-12-12,550,832
7466,2024-09-18,65,780
7467,2024-05-05,418,308
7468,2024-12-19,329,429
7469,2024-05-01,942,377
7470,2024-12-02,998,190
7471,2024-08-14,719,227
7472,2024-06-26,391,115
7473,2024-07-05,821,439
7474,2025-03-31,908,996
7475,2024-08-06,53,390
7476,2024-06-18,411,120
7477,2025-03-25,741,400
7478,2025-04-19,448,694
7479,2024-07-27,156,299
7480,2024-09-02,394,58
7481,2024-08-12,908,871
7482,2024-08-22,758,890
7483,2024-10-09,203,819
7484,2025-04-21,760,275
7485,2024-07-16,366,32
7486,2024-11-15,518,229
7487,2025-03-15,295,111
7488,2024-07-26,73,940
7489,2024-12-22,890,447
7490,2024-12-21,578,350
7491,2024-10-04,688,872
7492,2024-08-03,364,393
7493,2024-07-20,817,10
7494,2024-11-23,412,633
7495,2024-07-18,127,732
7496,2024-07-11,461,76
7497,2025-02-19,239,320
7498,2024-12-23,99,900
7499,2024-09-13,281,435
7500,2025-01-02,191,792
7501,2024-11-03,666,967
7502,2024-08-06,781,258
7503,2024-06-28,172,268
7504,2025-04-02,279,767
7505,2024-06-04,635,331
7506,2025-01-29,922,762
7507,2024-09-26,161,976
7508,2024-05-07,879,822
7509,2024-07-03,130,908
7510,2024-09-22,777,211
7511,2025-01-17,251,735
7512,2025-04-26,779,103
7513,2025-02-15,94,904
7514,2024-05-19,432,97
7515,2025-03-25,380,486
7516,2024-12-11,516,24
7517,2024-05-04,921,860
7518,2024-10-06,982,602
7519,2024-10-10,983,381
7520,2024-08-21,664,929
7521,2025-02-04,351,427
7522,2025-04-28,167,397
7523,2025-01-06,529,506
7524,2025-02-19,492,988
7525,2024-06-02,549,566
7526,2025-02-28,310,881
7527,2024-08-05,526,393
7528,2024-06-16,606,189
7529,2024-12-03,591,819
7530,2024-05-07,44,181
7531,2024-06-09,605,207
7532,2025-04-18,971,69
7533,2025-02-23,46,862
7534,2025-02-16,726,998
7535,2024-09-06,720,18
7536,2024-07-02,555,224
7537,2024-11-11,432,718
7538,2024-11-03,145,489
7539,2025-01-13,653,165
7540,2024-10-22,452,420
7541,2025-02-20,497,658
7542,2025-03-20,544,207
7543,2025-04-13,741,234
7544,2025-03-29,549,505
7545,2025-02-09,211,305
7546,2024-06-21,23,346
7547,2025-04-20,229,585
7548,2025-02-23,184,125
7549,2024-08-01,123,273
7550,2024-12-14,935,274
7551,2024-12-04,817,103
7552,2025-02-28,578,855
7553,2024-06-30,500,125
7554,2025-02-27,456,533
7555,2024-09-28,301,771
7556,2024-10-20,563,283
7557,2024-10-01,115,732
7558,2025-04-28,256,487
7559,2025-01-18,80,521
7560,2025-02-16,754,879
7561,2025-04-04,830,988
7562,2024-12-20,705,517
7563,2025-01-07,842,104
7564,2025-01-27,123,401
7565,2024-12-10,293,528
7566,2025-03-16,494,949
7567,2025-02-11,171,331
7568,2025-01-01,530,257
7569,2024-05-31,914,567
7570,2024-08-08,241,62
7571,2024-06-01,519,897
7572,2024-10-03,906,151
7573,2024-11-23,684,912
7574,2024-06-17,540,248
7575,2024-07-17,972,467
7576,2024-12-10,936,957
7577,2024-07-04,666,255
7578,2024-06-06,750,870
7579,2025-01-14,622,760
7580,2024-12-01,343,748
7581,2024-07-16,66,386
7582,2025-03-29,336,985
7583,2024-05-13,446,773
7584,2025-04-10,449,403
7585,2025-02-09,423,398
7586,2025-01-08,410,7
7587,2024-10-07,832,389
7588,2025-04-15,127,411
7589,2025-03-24,29,629
7590,2024-09-05,989,57
7591,2024-07-11,909,620
7592,2025-01-13,743,314
7593,2025-01-26,25,371
7594,2024-12-13,362,519
7595,2024-09-05,134,357
7596,2024-06-18,197,789
7597,2024-12-02,929,933
7598,2024-10-28,717,867
7599,2024-10-02,710,287
7600,2025-02-28,241,550
7601,2025-03-12,532,996
7602,2024-06-27,405,685
7603,2024-06-01,312,785
7604,2024-12-29,680,863
7605,2024-12-16,27,416
7606,2024-06-02,809,638
7607,2025-04-12,955,768
7608,2024-11-23,540,389
7609,2024-05-13,634,928
7610,2024-09-14,128,942
7611,2024-10-17,249,125
7612,2025-04-15,590,466
7613,2024-09-27,765,407
7614,2024-11-05,243,931
7615,2025-02-21,482,119
7616,2024-11-24,120,594
7617,2024-10-01,181,647
7618,2024-06-11,893,354
7619,2024-12-04,978,669
7620,2024-10-02,244,451
7621,2024-06-09,339,612
7622,2024-06-20,255,420
7623,2024-06-07,165,542
7624,2025-03-20,242,620
7625,2025-01-02,829,342
7626,2025-03-17,918,504
7627,2024-10-05,38,780
7628,2024-08-29,520,905
7629,2024-08-09,743,596
7630,2024-12-26,654,113
7631,2025-01-30,375,834
7632,2024-12-09,415,366
7633,2025-01-01,890,255
7634,2024-07-11,262,985
7635,2024-07-09,294,484
7636,2025-04-12,869,211
7637,2025-04-16,215,958
7638,2024-06-11,855,257
7639,2024-08-11,166,514
7640,2025-04-15,586,4
7641,2024-05-10,192,916
7642,2024-06-07,536,408
7643,2024-12-01,596,502
7644,2024-11-07,625,133
7645,2025-02-27,761,734
7646,2024-09-04,116,990
7647,2025-02-18,323,456
7648,2025-01-22,416,979
7649,2025-01-13,433,916
7650,2025-02-07,518,472
7651,2024-09-07,50,215
7652,2025-03-22,610,252
7653,2025-02-14,486,607
7654,2025-04-07,965,683
7655,2025-03-13,687,204
7656,2024-07-23,529,422
7657,2024-09-07,818,317
7658,2024-12-31,249,95
7659,2024-07-25,735,632
7660,2024-05-29,712,976
7661,2024-09-23,979,254
7662,2024-07-04,767,77
7663,2025-01-19,799,770
7664,2024-08-08,454,814
7665,2024-09-25,522,277
7666,2025-03-13,243,658
7667,2024-12-11,308,661
7668,2024-12-10,872,773
7669,2024-05-22,113,662
7670,2025-01-04,247,554
7671,2024-09-07,100,617
7672,2024-06-27,753,646
7673,2025-01-28,141,483
7674,2024-07-16,408,223
7675,2025-04-17,565,845
7676,2024-05-02,596,966
7677,2024-06-07,289,533
7678,2024-09-02,801,906
7679,2024-08-17,26,84
7680,2024-08-20,750,952
7681,2025-03-22,504,518
7682,2024-06-05,330,684
7683,2024-05-17,619,69
7684,2025-03-07,348,755
7685,2025-01-08,441,969
7686,2024-10-22,113,146
7687,2025-01-12,510,18
7688,2024-11-24,102,345
7689,2024-05-28,451,621
7690,2025-02-25,147,9
7691,2024-09-24,611,159
7692,2024-11-03,339,850
7693,2025-03-01,512,703
7694,2024-09-08,346,344
7695,2025-01-01,412,863
7696,2024-12-11,95,589
7697,2024-08-09,272,245
7698,2024-09-19,574,358
7699,2024-10-26,840,698
7700,2025-04-12,303,240
7701,2024-09-26,814,199
7702,2024-09-23,399,57
7703,2024-05-09,787,374
7704,2024-05-31,719,313
7705,2024-11-14,658,872
7706,2025-04-01,248,333
7707,2024-10-25,751,986
7708,2024-11-01,238,733
7709,2024-09-20,27,470
7710,2025-03-07,739,419
7711,2024-11-06,640,813
7712,2024-09-26,845,78
7713,2024-05-26,805,971
7714,2025-04-06,691,449
7715,2024-12-06,497,871
7716,2025-03-24,355,658
7717,2025-02-22,875,742
7718,2025-04-20,19,658
7719,2024-09-03,179,681
7720,2025-02-26,356,974
7721,2024-06-04,505,796
7722,2024-05-24,712,373
7723,2024-11-16,886,738
7724,2024-06-03,663,311
7725,2024-08-07,318,865
7726,2024-05-08,728,169
7727,2024-12-14,978,423
7728,2024-09-26,701,42
7729,2025-02-27,855,572
7730,2025-02-28,868,381
7731,2024-12-29,544,634
7732,2024-12-25,901,666
7733,2024-08-27,366,355
7734,2024-12-16,541,765
7735,2025-01-21,200,167
7736,2025-02-15,699,257
7737,2025-04-22,192,683
7738,2024-12-01,349,452
7739,2024-08-26,363,285
7740,2025-02-06,565,283
7741,2025-04-23,24,318
7742,2024-04-30,957,352
7743,2025-03-20,535,991
7744,2025-01-22,490,338
7745,2024-07-30,754,561
7746,2024-11-09,907,391
7747,2025-04-29,774,95
7748,2024-09-15,710,20
7749,2024-11-03,138,758
7750,2024-06-17,351,520
7751,2024-09-19,812,145
7752,2025-01-08,606,380
7753,2024-08-03,490,842
7754,2025-03-27,718,114
7755,2024-10-10,922,846
7756,2024-06-18,867,120
7757,2024-05-28,467,195
7758,2024-06-20,183,160
7759,2025-03-05,496,281
7760,2024-08-12,123,253
7761,2024-12-18,25,694
7762,2025-04-21,483,684
7763,2025-01-31,591,139
7764,2025-02-27,782,544
7765,2024-06-27,281,132
7766,2025-01-07,435,799
7767,2024-06-30,116,943
7768,2025-02-01,794,483
7769,2025-01-30,41,175
7770,2024-12-20,887,164
7771,2024-06-22,847,54
7772,2024-07-11,475,758
7773,2024-06-05,787,489
7774,2025-01-12,943,337
7775,2024-07-30,876,748
7776,2024-07-19,522,801
7777,2024-10-18,387,622
7778,2025-03-13,953,953
7779,2024-10-02,438,127
7780,2025-04-29,613,358
7781,2024-08-11,127,635
7782,2024-06-20,803,391
7783,2025-03-25,73,167
7784,2025-03-17,524,975
7785,2024-06-13,245,321
7786,2025-01-04,691,911
7787,2024-06-14,507,777
7788,2024-08-03,700,824
7789,2025-04-01,110,976
7790,2025-01-21,749,123
7791,2024-05-18,719,584
7792,2024-06-08,477,218
7793,2024-08-14,963,742
7794,2025-02-16,669,472
7795,2024-09-08,169,600
7796,2025-01-10,63,874
7797,2025-01-01,257,197
7798,2024-12-16,708,120
7799,2024-06-01,907,865
7800,2025-01-01,790,81
7801,2025-01-12,982,92
7802,2024-06-12,165,528
7803,2024-07-28,261,980
7804,2024-08-21,890,482
7805,2024-05-16,377,723
7806,2025-02-22,582,451
7807,2024-10-27,480,295
7808,2024-05-20,89,245
7809,2024-09-13,967,665
7810,2024-12-15,969,546
7811,2025-02-17,511,357
7812,2024-10-04,968,718
7813,2025-03-15,927,765
7814,2024-11-15,58,507
7815,2024-11-08,892,932
7816,2025-04-07,589,413
7817,2025-04-25,109,408
7818,2025-04-09,115,349
7819,2024-10-11,815,746
7820,2024-12-04,172,80
7821,2024-11-29,192,553
7822,2025-04-24,921,453
7823,2024-05-18,678,730
7824,2025-04-12,99,578
7825,2024-09-11,135,120
7826,2024-09-27,639,37
7827,2024-10-11,264,52
7828,2024-11-03,617,853
7829,2024-11-06,932,235
7830,2024-12-16,499,948
7831,2024-11-19,656,336
7832,2024-09-13,780,409
7833,2025-04-20,857,49
7834,2024-05-01,110,239
7835,2024-11-05,352,113
7836,2025-01-16,260,861
7837,2025-04-10,822,964
7838,2024-05-22,427,201
7839,2025-01-30,712,14
7840,2025-03-16,538,740
7841,2025-04-15,122,338
7842,2024-06-17,144,675
7843,2024-06-18,827,428
7844,2024-09-06,362,789
7845,2025-02-09,603,81
7846,2025-02-05,444,503
7847,2025-03-03,693,919
7848,2025-04-07,450,475
7849,2024-06-11,363,656
7850,2025-04-18,806,631
7851,2024-10-29,716,506
7852,2024-08-27,363,857
7853,2024-06-17,792,837
7854,2025-01-06,886,866
7855,2024-07-12,945,174
7856,2024-12-22,846,707
7857,2024-11-24,562,499
7858,2024-12-28,918,854
7859,2024-07-09,28,268
7860,2024-11-07,693,816
7861,2024-09-03,614,410
7862,2024-08-05,890,401
7863,2024-06-14,23,227
7864,2025-01-20,405,718
7865,2025-04-29,422,36
7866,2024-10-08,925,301
7867,2025-04-05,741,286
7868,2025-03-30,102,761
7869,2024-11-03,253,807
7870,2024-12-24,653,865
7871,2025-04-18,932,463
7872,2025-02-17,289,352
7873,2024-08-28,214,13
7874,2024-12-07,875,787
7875,2024-08-13,858,88
7876,2024-08-30,870,83
7877,2024-11-28,538,51
7878,2025-02-15,12,538
7879,2024-06-29,164,108
7880,2024-05-19,282,288
7881,2024-08-20,244,77
7882,2025-04-12,822,134
7883,2024-10-08,397,234
7884,2024-10-31,39,879
7885,2025-03-09,404,36
7886,2024-07-27,43,866
7887,2024-07-10,363,488
7888,2024-07-13,334,796
7889,2024-07-23,68,340
7890,2024-08-10,879,403
7891,2024-08-31,106,686
7892,2024-12-23,423,983
7893,2024-05-04,156,996
7894,2024-12-09,654,541
7895,2025-02-02,994,15
7896,2024-05-22,135,405
7897,2025-03-04,843,111
7898,2024-09-02,607,904
7899,2024-10-26,903,72
7900,2024-11-10,856,595
7901,2024-12-16,715,662
7902,2024-07-30,779,31
7903,2024-06-26,661,363
7904,2025-02-21,289,197
7905,2025-02-17,557,139
7906,2024-11-15,856,871
7907,2024-10-11,681,734
7908,2024-12-23,195,995
7909,2024-06-07,866,194
7910,2025-03-02,755,264
7911,2025-03-08,979,620
7912,2024-07-24,967,182
7913,2024-05-17,961,506
7914,2024-06-26,689,688
7915,2024-06-15,765,921
7916,2024-07-12,472,774
7917,2025-04-14,380,475
7918,2024-06-23,467,352
7919,2025-04-07,361,818
7920,2024-09-28,557,949
7921,2024-07-08,262,458
7922,2024-11-11,509,630
7923,2024-11-06,390,706
7924,2024-10-16,153,961
7925,2024-05-14,229,894
7926,2024-07-16,236,931
7927,2024-07-06,841,98
7928,2024-06-05,776,456
7929,2024-10-18,808,815
7930,2024-12-06,251,375
7931,2024-08-26,274,262
7932,2025-01-03,187,657
7933,2024-05-27,454,720
7934,2025-03-25,312,918
7935,2024-07-06,457,280
7936,2025-04-07,633,703
7937,2024-09-22,476,908
7938,2024-12-16,291,981
7939,2024-10-09,812,868
7940,2024-10-06,133,676
7941,2025-02-10,316,592
7942,2024-12-23,683,641
7943,2024-10-29,24,457
7944,2024-08-13,435,974
7945,2024-10-06,153,261
7946,2024-11-18,756,348
7947,2024-12-07,274,227
7948,2025-02-08,254,893
7949,2024-10-27,167,301
7950,2024-11-10,661,648
7951,2024-07-19,994,74
7952,2025-01-11,859,274
7953,2024-11-07,265,750
7954,2024-08-06,494,393
7955,2025-03-05,506,613
7956,2024-09-14,893,404
7957,2025-04-13,161,459
7958,2025-03-12,586,267
7959,2024-05-08,488,389
7960,2024-06-08,504,814
7961,2025-03-01,626,106
7962,2024-08-18,914,234
7963,2025-03-30,789,613
7964,2024-07-22,849,274
7965,2025-02-10,283,56
7966,2024-11-30,682,861
7967,2025-03-04,651,90
7968,2024-06-09,313,47
7969,2025-03-16,73,226
7970,2025-03-23,784,364
7971,2024-10-27,648,354
7972,2024-06-03,560,699
7973,2025-02-20,544,382
7974,2024-11-18,842,758
7975,2025-02-17,66,588
7976,2024-08-03,344,590
7977,2024-08-27,989,563
7978,2025-04-19,764,908
7979,2024-06-25,398,244
7980,2024-11-16,460,339
7981,2024-08-21,913,281
7982,2025-01-20,519,860
7983,2025-01-20,442,464
7984,2024-09-19,858,40
7985,2025-04-04,648,669
7986,2024-09-07,902,244
7987,2024-10-27,474,674
7988,2024-05-18,747,559
7989,2025-01-10,406,584
7990,2025-03-04,441,681
7991,2025-02-11,42,384
7992,2024-08-06,679,490
7993,2025-04-21,590,848
7994,2025-02-15,588,712
7995,2025-04-28,292,505
7996,2025-04-20,764,661
7997,2025-03-13,59,920
7998,2025-03-31,298,370
7999,2025-03-28,243,649
8000,2024-09-22,264,795
8001,2025-01-11,811,534
8002,2024-06-01,792,305
8003,2025-04-24,610,674
8004,2024-06-29,711,962
8005,2025-04-16,579,887
8006,2024-08-20,69,293
8007,2025-02-02,8,891
8008,2025-01-16,143,139
8009,2024-10-22,999,473
8010,2024-07-21,846,948
8011,2024-07-10,536,295
8012,2025-03-25,696,1
8013,2024-05-28,90,228
8014,2024-08-28,494,529
8015,2024-08-12,597,53
8016,2024-08-15,195,615
8017,2024-08-31,516,696
8018,2024-08-25,650,225
8019,2024-05-27,691,397
8020,2024-08-15,475,519
8021,2024-09-12,686,184
8022,2025-01-10,33,5
8023,2024-10-07,592,125
8024,2025-03-06,314,454
8025,2025-04-04,349,694
8026,2025-04-16,928,236
8027,2025-02-04,413,683
8028,2025-02-19,507,442
8029,2024-11-19,52,161
8030,2024-11-30,83,639
8031,2024-06-11,105,164
8032,2024-05-28,922,769
8033,2025-02-11,156,243
8034,2024-11-01,872,294
8035,2024-06-21,102,640
8036,2024-10-22,915,350
8037,2024-06-02,514,681
8038,2024-09-27,400,278
8039,2024-10-08,932,736
8040,2025-02-24,989,460
8041,2024-05-23,298,23
8042,2024-12-21,126,783
8043,2024-08-14,879,965
8044,2024-09-19,383,460
8045,2024-11-11,612,499
8046,2025-02-03,782,516
8047,2025-04-26,295,317
8048,2025-03-19,608,866
8049,2024-07-20,95,370
8050,2024-09-08,494,904
8051,2025-01-21,907,236
8052,2024-11-06,439,380
8053,2024-05-05,168,481
8054,2024-12-31,914,644
8055,2025-01-29,982,706
8056,2024-11-08,667,371
8057,2024-08-30,348,887
8058,2024-11-30,80,952
8059,2024-05-24,666,612
8060,2024-07-04,655,445
8061,2025-03-11,370,132
8062,2024-12-29,344,23
8063,2024-10-25,87,49
8064,2024-06-03,412,337
8065,2025-02-26,623,687
8066,2025-03-15,325,576
8067,2025-01-02,915,823
8068,2024-10-25,60,624
8069,2024-07-27,422,757
8070,2024-08-20,415,852
8071,2024-09-22,53,307
8072,2024-09-30,582,22
8073,2025-01-15,175,742
8074,2024-05-01,899,984
8075,2024-12-21,592,491
8076,2025-01-29,821,835
8077,2024-07-14,478,367
8078,2024-12-02,554,3
8079,2024-10-16,702,210
8080,2024-10-13,877,213
8081,2024-09-25,659,783
8082,2024-11-26,178,453
8083,2024-05-05,228,971
8084,2024-07-21,318,72
8085,2025-02-02,789,50
8086,2024-06-06,321,764
8087,2024-09-04,359,954
8088,2024-06-08,743,103
8089,2024-11-18,40,344
8090,2024-06-20,526,878
8091,2024-10-28,871,240
8092,2024-06-24,735,198
8093,2025-04-12,112,5
8094,2024-12-13,497,697
8095,2025-01-17,514,689
8096,2024-05-09,593,51
8097,2025-01-19,439,165
8098,2024-07-08,398,281
8099,2025-04-01,889,158
8100,2024-08-27,265,603
8101,2024-11-09,80,105
8102,2024-09-04,475,152
8103,2025-04-04,908,939
8104,2024-10-20,677,756
8105,2024-05-26,764,62
8106,2024-06-02,420,953
8107,2024-12-14,485,888
8108,2024-11-26,648,221
8109,2025-04-18,840,844
8110,2025-01-25,373,800
8111,2024-10-15,87,715
8112,2024-10-30,891,560
8113,2025-03-17,111,866
8114,2024-11-30,456,621
8115,2024-05-04,175,388
8116,2025-01-24,140,422
8117,2025-03-27,991,343
8118,2024-11-30,24,705
8119,2024-07-20,828,412
8120,2024-10-05,654,125
8121,2024-08-11,84,639
8122,2024-05-03,806,405
8123,2025-04-29,480,349
8124,2024-09-07,880,986
8125,2024-06-10,58,817
8126,2024-10-13,246,282
8127,2024-11-10,142,521
8128,2024-05-04,772,367
8129,2025-02-02,716,468
8130,2024-06-09,424,87
8131,2024-10-05,269,276
8132,2024-11-16,155,609
8133,2025-03-07,431,191
8134,2024-08-25,374,149
8135,2025-02-09,859,139
8136,2024-04-30,680,128
8137,2024-11-19,581,359
8138,2024-08-07,130,13
8139,2024-12-18,369,998
8140,2025-04-29,447,9
8141,2024-12-30,92,870
8142,2024-09-08,263,732
8143,2024-11-22,900,501
8144,2024-08-28,437,564
8145,2025-01-19,382,531
8146,2024-12-22,1000,165
8147,2024-06-18,856,34
8148,2025-01-04,441,444
8149,2024-11-22,238,377
8150,2024-07-03,58,501
8151,2025-01-21,479,233
8152,2025-02-20,276,968
8153,2024-12-31,236,460
8154,2024-06-27,226,90
8155,2025-02-13,473,452
8156,2025-03-24,791,904
8157,2024-10-05,734,222
8158,2024-12-22,471,139
8159,2025-03-31,423,750
8160,2024-09-11,297,292
8161,2024-09-21,565,776
8162,2025-03-03,878,240
8163,2024-11-27,729,931
8164,2025-01-13,106,637
8165,2025-01-13,113,304
8166,2024-09-27,305,967
8167,2024-11-24,909,836
8168,2024-10-30,625,211
8169,2024-07-23,222,474
8170,2024-05-23,287,717
8171,2024-11-14,550,981
8172,2025-01-05,192,244
8173,2025-02-04,137,793
8174,2024-12-05,621,226
8175,2024-07-27,711,833
8176,2024-06-15,244,1
8177,2024-10-22,383,698
8178,2024-12-23,970,6
8179,2025-04-04,762,979
8180,2025-01-14,101,670
8181,2025-03-18,451,840
8182,2024-05-23,497,43
8183,2024-12-21,6,92
8184,2024-10-09,545,859
8185,2024-07-09,306,435
8186,2025-02-15,82,453
8187,2024-06-02,86,485
8188,2024-12-06,458,301
8189,2024-05-08,809,245
8190,2024-12-16,556,279
8191,2025-03-28,701,335
8192,2025-04-06,998,791
8193,2024-05-18,424,821
8194,2024-05-03,782,568
8195,2025-03-01,684,592
8196,2025-02-16,99,852
8197,2025-02-18,360,294
8198,2025-01-02,522,167
8199,2025-01-10,639,788
8200,2025-02-03,64,243
8201,2025-04-12,495,99
8202,2025-03-09,466,778
8203,2025-03-13,153,560
8204,2025-02-12,288,597
8205,2025-04-02,770,817
8206,2024-08-30,830,951
8207,2024-07-04,434,849
8208,2024-09-17,855,809
8209,2024-08-27,838,759
8210,2024-08-02,855,154
8211,2024-05-31,264,672
8212,2024-05-11,317,79
8213,2024-09-21,662,182
8214,2025-02-14,73,572
8215,2025-03-20,874,306
8216,2024-11-05,587,609
8217,2024-11-10,210,141
8218,2024-07-18,137,285
8219,2025-02-21,871,84
8220,2024-06-11,376,508
8221,2024-11-09,710,872
8222,2025-03-04,23,470
8223,2024-11-27,118,654
8224,2024-04-30,629,978
8225,2025-01-03,828,983
8226,2024-06-25,474,519
8227,2025-04-21,363,204
8228,2024-05-17,867,988
8229,2025-01-04,449,194
8230,2024-12-20,705,171
8231,2024-06-28,498,943
8232,2024-06-14,848,789
8233,2024-09-14,276,727
8234,2024-08-20,812,962
8235,2024-09-24,21,236
8236,2024-11-19,191,767
8237,2024-09-15,819,504
8238,2025-03-30,372,978
8239,2025-04-07,506,960
8240,2024-06-09,220,607
8241,2025-01-09,689,677
8242,2024-07-27,910,974
8243,2024-08-31,556,87
8244,2024-10-09,433,539
8245,2024-08-24,571,99
8246,2024-06-09,698,173
8247,2025-03-04,364,124
8248,2024-09-04,286,786
8249,2024-07-05,792,754
8250,2025-04-06,954,990
8251,2025-03-18,494,691
8252,2024-07-10,831,765
8253,2024-11-01,355,870
8254,2024-05-20,670,775
8255,2024-11-15,830,343
8256,2025-02-09,106,803
8257,2025-04-10,573,963
8258,2024-07-31,113,105
8259,2024-12-22,719,796
8260,2024-05-29,176,46
8261,2025-02-21,307,168
8262,2024-09-08,114,271
8263,2024-09-11,399,239
8264,2024-09-24,181,387
8265,2024-11-20,753,782
8266,2024-11-11,752,599
8267,2025-02-05,574,941
8268,2024-12-09,663,893
8269,2024-07-30,423,140
8270,2025-03-25,87,878
8271,2024-08-14,926,447
8272,2025-01-13,734,601
8273,2024-11-02,581,293
8274,2025-03-06,556,667
8275,2025-01-08,409,650
8276,2024-12-03,799,238
8277,2025-04-04,330,902
8278,2025-04-26,981,103
8279,2024-12-03,269,141
8280,2024-08-27,282,811
8281,2024-12-10,381,209
8282,2024-08-12,869,811
8283,2025-03-03,877,500
8284,2024-10-27,292,315
8285,2024-07-15,829,60
8286,2025-04-13,377,897
8287,2024-10-05,366,579
8288,2024-08-24,554,461
8289,2024-11-03,393,228
8290,2024-10-01,16,620
8291,2025-02-04,995,18
8292,2025-04-27,912,792
8293,2024-08-31,254,317
8294,2025-02-28,311,632
8295,2024-12-10,921,280
8296,2024-05-09,721,732
8297,2025-02-14,345,786
8298,2024-08-24,671,530
8299,2025-01-16,228,316
8300,2024-08-29,747,969
8301,2024-05-21,731,810
8302,2024-07-08,376,266
8303,2025-04-26,537,533
8304,2024-11-13,68,201
8305,2024-08-26,910,992
8306,2024-11-08,734,275
8307,2025-01-25,691,275
8308,2024-11-13,11,734
8309,2025-04-01,771,161
8310,2024-06-07,922,976
8311,2025-03-25,802,275
8312,2025-01-22,978,24
8313,2025-04-20,301,980
8314,2025-04-19,177,157
8315,2024-09-14,668,549
8316,2024-12-02,682,249
8317,2024-07-04,120,502
8318,2024-06-07,118,484
8319,2025-01-12,480,301
8320,2024-09-22,67,819
8321,2024-11-05,954,400
8322,2024-11-13,241,272
8323,2024-11-19,425,963
8324,2024-06-06,610,585
8325,2024-08-31,770,54
8326,2025-03-03,495,259
8327,2024-08-22,284,310
8328,2025-02-08,953,749
8329,2025-04-06,230,825
8330,2025-02-28,647,67
8331,2024-11-13,231,561
8332,2024-06-05,266,119
8333,2024-12-30,507,808
8334,2025-04-15,790,680
8335,2024-12-04,482,157
8336,2025-02-12,948,109
8337,2024-11-26,558,44
8338,2024-09-30,6,624
8339,2024-05-26,657,202
8340,2025-04-10,541,774
8341,2024-12-18,644,605
8342,2024-07-04,788,949
8343,2024-06-25,850,30
8344,2025-02-15,970,944
8345,2025-03-24,624,439
8346,2024-06-12,173,461
8347,2024-05-01,819,239
8348,2024-06-06,915,158
8349,2024-06-19,145,959
8350,2024-06-23,102,337
8351,2025-04-30,510,615
8352,2024-09-09,176,792
8353,2025-04-03,817,216
8354,2024-05-13,356,237
8355,2024-04-30,185,505
8356,2025-03-03,601,974
8357,2025-03-27,807,695
8358,2025-01-03,2,290
8359,2025-03-01,282,911
8360,2025-03-30,95,197
8361,2024-12-22,21,810
8362,2025-04-15,568,342
8363,2024-06-28,579,73
8364,2024-08-17,270,821
8365,2024-10-10,328,930
8366,2024-12-13,803,991
8367,2024-10-26,708,724
8368,2024-09-23,414,991
8369,2024-05-17,507,537
8370,2025-02-07,352,104
8371,2024-09-03,839,545
8372,2025-04-18,939,857
8373,2024-05-15,181,739
8374,2024-12-03,48,628
8375,2025-01-29,402,650
8376,2025-02-23,68,592
8377,2024-11-02,712,200
8378,2024-05-01,798,348
8379,2025-02-28,978,144
8380,2024-10-15,448,161
8381,2024-11-19,493,838
8382,2025-03-24,340,229
8383,2024-07-16,491,981
8384,2024-06-12,871,44
8385,2024-12-20,927,766
8386,2024-10-07,37,862
8387,2024-06-15,148,257
8388,2024-12-17,910,915
8389,2025-03-20,481,799
8390,2024-09-09,558,70
8391,2025-03-22,983,437
8392,2024-06-02,681,961
8393,2024-11-01,695,919
8394,2024-07-02,177,703
8395,2024-07-29,846,782
8396,2024-10-20,216,934
8397,2024-09-27,312,994
8398,2024-07-08,985,986
8399,2024-08-01,262,751
8400,2025-01-13,951,394
8401,2024-12-01,924,785
8402,2024-07-18,503,223
8403,2024-08-21,608,890
8404,2024-12-09,792,307
8405,2025-03-17,218,655
8406,2025-03-31,432,184
8407,2024-05-17,656,228
8408,2024-09-09,595,687
8409,2024-10-30,929,491
8410,2024-07-03,180,986
8411,2024-06-07,982,507
8412,2024-08-01,543,683
8413,2024-07-13,309,491
8414,2024-12-29,675,537
8415,2024-08-07,499,408
8416,2024-10-13,954,653
8417,2024-11-22,790,402
8418,2024-08-22,640,691
8419,2024-10-31,155,931
8420,2025-04-25,211,41
8421,2024-08-30,368,882
8422,2025-02-22,191,711
8423,2024-07-11,572,352
8424,2024-10-21,271,876
8425,2024-11-03,800,705
8426,2025-02-02,116,828
8427,2024-11-26,393,830
8428,2024-08-09,473,563
8429,2025-01-25,77,113
8430,2024-12-06,603,357
8431,2024-06-16,796,489
8432,2024-05-19,832,639
8433,2025-01-18,756,521
8434,2025-03-24,229,870
8435,2025-04-29,406,359
8436,2025-02-16,138,868
8437,2024-07-26,389,930
8438,2024-05-18,881,438
8439,2025-03-15,710,94
8440,2025-02-21,556,357
8441,2025-04-19,800,483
8442,2024-07-16,141,136
8443,2024-06-14,516,352
8444,2025-03-15,530,5
8445,2024-08-24,250,385
8446,2025-03-15,792,650
8447,2024-06-14,971,92
8448,2024-11-06,472,770
8449,2024-07-30,980,407
8450,2025-01-18,975,676
8451,2025-01-17,913,722
8452,2024-06-27,460,677
8453,2024-10-12,649,349
8454,2024-10-30,249,559
8455,2024-06-08,868,776
8456,2024-11-05,445,263
8457,2025-03-06,839,398
8458,2024-08-05,467,66
8459,2024-06-08,516,669
8460,2025-01-13,236,137
8461,2024-07-01,186,258
8462,2024-07-06,44,312
8463,2024-12-03,625,919
8464,2024-12-15,556,4
8465,2024-06-30,772,512
8466,2024-12-25,966,342
8467,2024-09-20,431,665
8468,2024-05-05,596,672
8469,2024-12-20,164,137
8470,2025-01-12,479,419
8471,2024-12-07,363,843
8472,2024-10-06,837,490
8473,2024-06-14,239,300
8474,2024-10-31,699,427
8475,2025-03-18,628,880
8476,2024-09-28,693,39
8477,2024-11-26,978,404
8478,2025-04-11,685,485
8479,2024-09-18,833,117
8480,2024-06-30,741,842
8481,2024-09-19,576,170
8482,2024-11-21,985,921
8483,2024-11-11,490,436
8484,2024-12-22,627,133
8485,2024-05-25,646,238
8486,2024-10-19,595,350
8487,2024-11-07,885,189
8488,2024-11-10,742,218
8489,2024-11-10,180,527
8490,2025-03-16,840,721
8491,2025-03-09,974,158
8492,2025-01-15,26,526
8493,2024-05-02,943,226
8494,2024-11-22,285,890
8495,2024-09-28,565,241
8496,2024-09-03,396,194
8497,2025-04-15,892,120
8498,2024-11-20,84,622
8499,2024-12-30,857,73
8500,2024-05-21,949,305
8501,2025-02-04,316,223
8502,2024-06-03,887,37
8503,2024-09-08,681,944
8504,2024-08-12,502,937
8505,2024-07-28,684,874
8506,2025-03-21,613,352
8507,2024-10-13,614,834
8508,2024-07-18,848,850
8509,2025-01-13,231,118
8510,2024-07-14,249,25
8511,2025-04-19,616,463
8512,2025-01-16,617,797
8513,2024-08-21,390,875
8514,2024-10-23,261,767
8515,2024-10-02,465,643
8516,2025-02-24,819,358
8517,2024-10-14,352,756
8518,2025-03-17,726,209
8519,2024-09-09,331,606
8520,2025-01-16,901,708
8521,2024-09-11,781,518
8522,2024-08-14,27,616
8523,2024-08-22,549,83
8524,2025-03-07,204,172
8525,2024-07-17,579,693
8526,2024-06-27,983,935
8527,2024-08-30,244,760
8528,2025-03-28,997,738
8529,2024-12-08,197,886
8530,2025-04-15,96,760
8531,2024-07-23,135,195
8532,2025-04-29,674,116
8533,2024-06-14,161,81
8534,2024-12-04,26,668
8535,2024-11-15,118,11
8536,2024-10-15,893,172
8537,2025-01-15,788,816
8538,2025-03-10,948,356
8539,2024-05-30,909,709
8540,2024-11-03,781,894
8541,2025-02-26,15,724
8542,2024-06-16,679,507
8543,2024-11-05,813,452
8544,2024-06-04,655,286
8545,2024-05-03,304,246
8546,2025-04-30,11,430
8547,2024-11-06,167,301
8548,2024-12-17,106,651
8549,2025-02-01,643,251
8550,2025-01-11,275,407
8551,2025-01-08,11,76
8552,2024-12-01,468,849
8553,2025-03-21,201,655
8554,2024-07-13,905,220
8555,2025-04-18,693,152
8556,2024-11-17,185,262
8557,2024-12-19,817,647
8558,2024-12-20,380,226
8559,2024-09-01,100,225
8560,2024-10-20,18,945
8561,2024-09-13,362,369
8562,2024-10-05,802,607
8563,2025-04-18,612,420
8564,2024-11-30,707,502
8565,2024-07-07,431,809
8566,2024-12-28,896,16
8567,2024-11-09,509,766
8568,2024-07-01,307,851
8569,2024-11-03,639,517
8570,2025-01-05,703,599
8571,2024-12-21,331,9
8572,2024-11-16,710,387
8573,2025-01-26,249,559
8574,2024-09-13,285,48
8575,2024-06-01,483,754
8576,2024-11-06,831,570
8577,2024-05-29,324,813
8578,2024-10-05,136,888
8579,2024-11-08,52,24
8580,2024-09-13,523,908
8581,2024-05-07,980,849
8582,2024-08-03,445,384
8583,2024-09-12,845,532
8584,2025-03-26,416,43
8585,2024-05-01,508,881
8586,2024-04-30,11,848
8587,2025-04-26,667,56
8588,2025-02-13,224,311
8589,2024-07-26,989,886
8590,2024-05-20,664,119
8591,2024-06-23,420,915
8592,2025-04-25,640,546
8593,2025-02-22,985,624
8594,2025-04-29,743,378
8595,2024-07-15,67,639
8596,2024-05-06,731,148
8597,2024-08-29,987,516
8598,2024-05-24,385,25
8599,2024-11-17,745,775
8600,2024-07-20,985,850
8601,2024-08-03,488,315
8602,2025-01-08,27,294
8603,2024-12-28,555,886
8604,2025-01-17,633,959
8605,2024-11-17,815,870
8606,2024-07-30,521,307
8607,2025-04-14,65,804
8608,2024-05-28,469,447
8609,2025-03-18,826,389
8610,2024-05-22,513,138
8611,2024-05-13,493,853
8612,2024-09-04,982,599
8613,2024-09-14,594,144
8614,2024-07-18,665,501
8615,2025-02-11,793,260
8616,2024-05-18,853,632
8617,2024-07-25,318,253
8618,2025-01-30,890,502
8619,2024-06-26,118,942
8620,2024-06-11,351,427
8621,2025-02-25,505,597
8622,2024-12-19,978,229
8623,2025-01-01,222,655
8624,2024-07-11,461,974
8625,2024-06-20,321,320
8626,2024-08-15,560,955
8627,2024-11-15,959,874
8628,2024-07-02,819,261
8629,2025-01-05,627,727
8630,2024-10-18,73,5
8631,2025-03-09,899,30
8632,2025-01-21,405,455
8633,2024-11-06,373,868
8634,2024-12-17,701,79
8635,2025-04-02,137,870
8636,2025-01-31,190,444
8637,2025-01-02,394,698
8638,2024-08-02,675,135
8639,2024-05-14,413,338
8640,2024-12-01,848,243
8641,2024-06-08,785,997
8642,2025-03-01,298,749
8643,2024-05-09,983,846
8644,2024-09-21,638,440
8645,2024-07-16,933,729
8646,2025-01-10,526,76
8647,2024-08-17,703,673
8648,2024-05-20,602,962
8649,2025-02-24,814,985
8650,2024-12-02,150,978
8651,2024-12-17,476,741
8652,2025-04-03,523,729
8653,2024-09-11,609,396
8654,2024-11-12,245,811
8655,2024-05-11,619,266
8656,2025-02-20,971,685
8657,2025-03-31,934,37
8658,2024-10-19,81,565
8659,2024-07-10,713,963
8660,2024-07-26,845,31
8661,2024-12-22,591,172
8662,2025-01-08,583,658
8663,2024-06-01,822,284
8664,2024-06-02,271,272
8665,2025-03-28,925,68
8666,2025-02-06,101,64
8667,2024-06-19,180,73
8668,2024-07-10,962,576
8669,2025-04-16,175,605
8670,2024-09-25,211,478
8671,2025-02-08,936,538
8672,2024-05-26,394,695
8673,2025-02-22,83,820
8674,2025-03-26,88,846
8675,2024-07-17,532,843
8676,2025-01-29,505,895
8677,2024-11-25,574,144
8678,2024-10-10,819,719
8679,2025-04-29,50,123
8680,2025-04-04,870,909
8681,2025-04-17,576,675
8682,2024-11-15,93,314
8683,2024-09-14,509,516
8684,2024-05-12,705,232
8685,2024-12-23,749,844
8686,2024-12-20,13,617
8687,2024-07-04,117,587
8688,2024-12-14,958,359
8689,2024-10-30,128,203
8690,2024-10-15,999,491
8691,2024-09-22,803,632
8692,2024-06-20,622,705
8693,2025-01-08,87,467
8694,2024-05-14,105,957
8695,2024-10-23,226,525
8696,2024-10-25,342,206
8697,2024-06-21,21,254
8698,2024-09-10,787,375
8699,2024-07-15,326,636
8700,2024-08-26,18,868
8701,2025-04-02,48,343
8702,2025-02-28,484,174
8703,2024-06-13,461,403
8704,2024-08-27,682,258
8705,2025-01-03,119,703
8706,2024-05-17,108,332
8707,2024-07-31,701,937
8708,2024-10-14,589,709
8709,2024-05-07,592,565
8710,2024-11-17,363,433
8711,2024-06-25,666,755
8712,2024-08-26,53,679
8713,2024-11-07,9,668
8714,2024-10-05,738,981
8715,2025-02-18,502,845
8716,2025-04-29,976,311
8717,2025-03-09,563,97
8718,2024-08-10,318,492
8719,2024-08-14,75,333
8720,2025-02-26,560,990
8721,2024-06-28,281,532
8722,2025-02-28,326,182
8723,2025-03-19,133,277
8724,2024-09-16,855,600
8725,2024-05-14,989,979
8726,2024-05-21,354,309
8727,2024-05-06,73,592
8728,2024-09-10,211,122
8729,2025-04-12,58,411
8730,2024-09-19,668,476
8731,2024-09-11,342,571
8732,2025-04-01,774,378
8733,2025-04-23,740,169
8734,2025-01-25,310,703
8735,2024-12-12,444,540
8736,2024-12-29,388,222
8737,2024-10-17,524,615
8738,2025-03-31,61,272
8739,2024-06-17,549,179
8740,2024-12-29,928,137
8741,2025-01-09,817,462
8742,2024-05-18,437,890
8743,2024-12-17,692,107
8744,2024-10-18,37,285
8745,2024-08-17,239,115
8746,2025-04-26,375,496
8747,2024-12-18,531,809
8748,2024-05-11,793,468
8749,2024-11-11,571,710
8750,2024-06-08,455,506
8751,2025-01-03,234,894
8752,2024-07-13,730,816
8753,2024-05-04,580,229
8754,2024-11-30,955,601
8755,2025-01-21,453,377
8756,2024-05-06,94,467
8757,2025-03-28,14,753
8758,2024-07-31,123,977
8759,2024-08-17,221,637
8760,2024-11-19,71,350
8761,2025-02-04,505,909
8762,2025-01-22,708,165
8763,2024-08-02,972,41
8764,2024-10-01,913,379
8765,2024-10-03,169,881
8766,2025-04-14,493,718
8767,2024-07-17,96,890
8768,2025-01-15,553,213
8769,2024-07-11,961,426
8770,2024-10-09,913,798
8771,2025-04-06,646,343
8772,2024-10-14,477,176
8773,2024-06-29,828,291
8774,2024-07-26,362,204
8775,2024-07-25,390,693
8776,2024-11-17,779,35
8777,2024-06-30,150,480
8778,2024-05-23,309,314
8779,2024-05-05,769,62
8780,2024-10-13,713,97
8781,2024-05-10,962,296
8782,2024-07-22,783,765
8783,2025-03-01,567,536
8784,2025-03-18,731,550
8785,2025-02-12,533,712
8786,2024-06-27,633,310
8787,2024-06-11,359,652
8788,2025-04-30,568,83
8789,2024-07-13,465,104
8790,2024-11-09,193,917
8791,2025-02-12,678,911
8792,2025-01-24,688,402
8793,2024-05-08,746,105
8794,2024-05-16,956,292
8795,2025-01-01,941,890
8796,2024-08-12,30,194
8797,2025-01-29,952,110
8798,2024-12-05,349,757
8799,2024-10-13,27,158
8800,2025-04-07,362,505
8801,2024-12-12,815,201
8802,2024-11-02,452,514
8803,2024-12-26,999,594
8804,2024-11-20,309,747
8805,2024-12-20,639,822
8806,2024-11-11,253,455
8807,2024-05-27,760,133
8808,2024-12-04,384,854
8809,2024-09-14,250,736
8810,2025-03-31,51,780
8811,2024-11-20,788,517
8812,2024-11-27,677,842
8813,2024-09-15,751,422
8814,2025-04-27,84,991
8815,2025-04-02,328,961
8816,2024-10-22,213,531
8817,2024-12-09,549,690
8818,2024-10-31,122,248
8819,2024-10-04,189,343
8820,2024-09-06,246,440
8821,2024-11-10,852,53
8822,2025-03-22,228,503
8823,2024-10-21,434,508
8824,2024-05-14,511,724
8825,2024-10-20,671,993
8826,2025-01-11,738,486
8827,2025-03-14,978,105
8828,2025-04-10,661,718
8829,2025-01-05,259,767
8830,2025-01-25,446,978
8831,2025-01-23,549,59
8832,2024-11-12,982,370
8833,2025-04-01,254,51
8834,2024-10-01,367,94
8835,2025-02-01,960,410
8836,2024-07-14,384,605
8837,2024-08-21,789,500
8838,2024-12-17,405,872
8839,2025-01-17,784,467
8840,2024-09-25,182,633
8841,2024-11-03,752,910
8842,2024-09-23,243,101
8843,2025-01-19,432,249
8844,2025-04-29,830,246
8845,2024-11-11,371,508
8846,2024-06-23,76,927
8847,2024-11-09,876,162
8848,2024-06-09,481,30
8849,2025-01-22,93,95
8850,2025-03-31,859,178
8851,2024-11-24,32,324
8852,2024-07-31,97,879
8853,2024-09-17,282,653
8854,2025-01-08,980,283
8855,2024-09-03,806,480
8856,2025-02-22,113,279
8857,2025-02-22,608,79
8858,2024-11-23,448,565
8859,2024-06-03,798,850
8860,2024-06-05,787,973
8861,2025-01-13,881,780
8862,2024-05-30,598,309
8863,2025-03-27,948,30
8864,2024-10-06,997,863
8865,2025-04-30,420,315
8866,2025-03-05,774,469
8867,2024-07-18,153,779
8868,2024-12-22,433,450
8869,2025-03-26,461,336
8870,2024-08-02,291,429
8871,2024-10-14,919,213
8872,2024-09-01,31,391
8873,2025-04-22,57,163
8874,2024-10-11,410,608
8875,2025-01-20,345,802
8876,2025-02-20,918,352
8877,2024-09-14,298,887
8878,2024-09-09,9,884
8879,2025-04-26,390,413
8880,2024-06-18,996,327
8881,2024-07-17,181,799
8882,2024-05-15,909,79
8883,2024-06-25,455,358
8884,2025-04-08,182,1000
8885,2025-01-19,288,458
8886,2024-07-13,912,783
8887,2024-11-23,114,743
8888,2025-02-07,222,403
8889,2025-01-11,98,463
8890,2024-10-14,630,707
8891,2025-02-15,326,410
8892,2025-02-20,406,690
8893,2024-06-05,135,962
8894,2024-05-17,952,39
8895,2025-04-06,697,891
8896,2024-05-24,544,131
8897,2024-12-18,565,467
8898,2025-04-10,118,63
8899,2025-01-30,806,371
8900,2025-01-06,679,230
8901,2024-12-29,973,728
8902,2024-06-09,281,908
8903,2024-08-14,832,808
8904,2024-05-27,492,113
8905,2025-04-22,157,633
8906,2025-01-17,926,819
8907,2024-07-14,904,667
8908,2024-05-14,634,184
8909,2024-12-30,496,385
8910,2024-06-10,792,814
8911,2025-04-01,482,639
8912,2025-04-20,620,470
8913,2025-04-08,982,373
8914,2024-12-02,996,661
8915,2024-11-09,311,578
8916,2024-09-30,460,428
8917,2025-03-03,34,761
8918,2025-04-15,612,699
8919,2024-12-19,703,552
8920,2024-09-19,437,479
8921,2024-06-25,166,716
8922,2024-07-25,594,671
8923,2024-09-20,830,766
8924,2024-12-22,885,552
8925,2024-08-19,76,539
8926,2024-06-03,568,555
8927,2024-07-22,400,618
8928,2024-09-25,866,529
8929,2024-07-25,908,891
8930,2024-09-18,515,839
8931,2024-07-30,37,523
8932,2025-02-07,276,979
8933,2024-09-28,97,374
8934,2024-09-04,863,973
8935,2024-06-24,971,334
8936,2024-08-14,307,548
8937,2024-06-13,857,909
8938,2024-08-01,562,598
8939,2025-04-25,946,297
8940,2025-02-14,355,353
8941,2024-11-25,852,442
8942,2024-09-30,723,168
8943,2024-05-25,475,931
8944,2024-07-17,837,531
8945,2024-12-11,530,746
8946,2024-11-03,75,829
8947,2024-10-16,887,719
8948,2024-05-17,712,410
8949,2024-07-24,175,304
8950,2024-07-17,855,73
8951,2024-12-26,280,407
8952,2025-02-19,884,956
8953,2025-03-13,835,654
8954,2024-11-14,335,496
8955,2024-10-11,4,852
8956,2025-04-08,986,132
8957,2024-08-20,965,186
8958,2024-12-25,639,983
8959,2024-12-10,191,603
8960,2024-12-16,801,584
8961,2024-06-04,824,213
8962,2024-11-24,116,11
8963,2024-07-16,327,495
8964,2025-01-11,44,367
8965,2024-08-05,287,850
8966,2025-01-29,390,274
8967,2024-09-16,650,543
8968,2025-02-10,930,95
8969,2024-11-21,890,30
8970,2024-12-22,938,967
8971,2024-10-10,641,302
8972,2024-12-01,898,313
8973,2025-01-18,519,44
8974,2025-02-12,338,126
8975,2024-11-16,527,810
8976,2025-04-05,542,252
8977,2024-05-17,173,669
8978,2024-10-27,582,297
8979,2024-09-11,232,954
8980,2025-03-27,425,928
8981,2024-11-29,500,743
8982,2025-04-03,300,31
8983,2024-12-27,809,377
8984,2025-04-28,426,372
8985,2024-08-23,737,927
8986,2025-04-26,686,632
8987,2024-05-06,21,651
8988,2024-06-03,215,943
8989,2024-05-07,727,816
8990,2024-12-05,808,826
8991,2024-07-14,256,1000
8992,2024-05-26,928,467
8993,2025-01-10,861,891
8994,2024-10-10,816,883
8995,2024-08-13,958,797
8996,2024-06-21,100,747
8997,2024-12-24,773,715
8998,2024-10-16,580,603
8999,2024-12-19,222,564
9000,2024-05-08,148,281
9001,2024-06-08,644,569
9002,2024-06-24,296,592
9003,2025-02-20,179,791
9004,2024-10-27,102,491
9005,2024-08-23,719,434
9006,2024-06-25,686,31
9007,2024-10-01,752,45
9008,2024-10-05,436,782
9009,2024-05-08,128,614
9010,2024-10-07,523,859
9011,2025-03-01,695,869
9012,2024-06-10,576,900
9013,2024-12-03,61,419
9014,2024-06-06,371,187
9015,2024-09-10,284,555
9016,2024-07-02,235,991
9017,2025-01-27,525,707
9018,2025-04-20,902,743
9019,2024-09-06,879,635
9020,2025-03-02,872,893
9021,2024-09-04,900,100
9022,2024-11-04,267,777
9023,2025-03-15,622,683
9024,2024-08-29,957,925
9025,2024-05-18,194,995
9026,2025-03-28,422,524
9027,2024-06-19,146,391
9028,2025-01-12,889,136
9029,2024-05-01,553,352
9030,2025-01-29,614,212
9031,2024-09-21,464,116
9032,2025-03-12,509,147
9033,2024-11-02,552,229
9034,2024-06-14,796,879
9035,2025-03-04,282,353
9036,2024-07-09,65,850
9037,2024-10-05,682,717
9038,2025-02-27,778,76
9039,2025-01-02,733,810
9040,2024-08-25,319,782
9041,2025-04-29,661,746
9042,2024-05-06,714,743
9043,2025-04-26,45,352
9044,2025-01-17,536,401
9045,2024-12-31,969,231
9046,2024-05-15,884,899
9047,2024-07-22,752,144
9048,2024-12-28,83,485
9049,2025-02-10,552,438
9050,2025-01-05,671,695
9051,2025-02-26,187,987
9052,2024-05-24,856,707
9053,2024-06-13,425,236
9054,2025-04-12,811,923
9055,2024-11-19,393,936
9056,2024-08-08,182,748
9057,2024-11-01,31,833
9058,2025-01-04,282,698
9059,2024-10-22,69,290
9060,2024-07-27,40,198
9061,2024-08-26,413,754
9062,2024-11-25,218,995
9063,2024-06-29,146,152
9064,2024-09-16,699,44
9065,2024-11-28,276,7
9066,2024-09-18,539,47
9067,2025-04-02,202,361
9068,2025-02-20,685,891
9069,2024-07-30,967,528
9070,2024-08-24,903,241
9071,2024-06-14,472,569
9072,2025-02-28,293,33
9073,2024-07-04,657,823
9074,2024-09-21,638,618
9075,2024-09-02,625,123
9076,2025-03-31,770,984
9077,2024-07-09,942,797
9078,2025-02-12,935,732
9079,2024-11-04,471,680
9080,2024-05-15,985,509
9081,2024-11-19,810,497
9082,2025-02-12,723,133
9083,2025-02-03,638,527
9084,2025-03-25,225,985
9085,2024-08-01,414,36
9086,2024-07-24,711,346
9087,2024-07-03,423,905
9088,2024-09-11,501,738
9089,2024-08-29,802,84
9090,2025-04-15,495,872
9091,2024-05-21,55,895
9092,2025-04-02,990,116
9093,2025-04-02,226,630
9094,2024-05-19,718,213
9095,2025-02-19,555,138
9096,2024-12-08,293,536
9097,2025-03-01,241,670
9098,2024-05-30,310,895
9099,2024-11-17,533,362
9100,2024-05-18,303,150
9101,2024-11-02,150,878
9102,2024-11-13,700,683
9103,2024-11-06,441,136
9104,2025-04-09,81,409
9105,2024-08-26,631,165
9106,2025-02-15,309,585
9107,2025-01-22,645,30
9108,2024-08-10,880,455
9109,2024-08-11,274,724
9110,2024-06-05,196,349
9111,2024-08-02,246,464
9112,2025-03-23,796,961
9113,2025-03-16,799,324
9114,2025-03-06,899,580
9115,2024-07-26,648,547
9116,2025-03-14,601,971
9117,2024-05-04,125,998
9118,2024-06-22,179,83
9119,2024-10-05,727,51
9120,2025-03-03,282,817
9121,2024-06-19,597,18
9122,2024-10-12,171,558
9123,2024-07-21,140,572
9124,2024-05-16,847,638
9125,2024-05-11,943,229
9126,2024-12-04,379,308
9127,2024-09-09,23,498
9128,2025-02-08,150,386
9129,2024-08-26,494,583
9130,2024-09-03,235,891
9131,2024-05-25,871,36
9132,2025-04-14,250,257
9133,2024-05-21,468,320
9134,2024-09-09,239,844
9135,2025-03-15,941,576
9136,2024-10-10,701,915
9137,2024-05-19,202,465
9138,2024-12-26,473,592
9139,2024-09-13,663,293
9140,2025-01-12,720,276
9141,2024-11-17,689,908
9142,2025-01-15,74,817
9143,2025-02-01,677,866
9144,2025-04-13,958,29
9145,2025-03-26,130,108
9146,2024-11-08,447,213
9147,2024-09-02,578,715
9148,2024-12-13,204,954
9149,2024-05-16,746,310
9150,2024-09-26,117,802
9151,2024-05-12,720,878
9152,2024-11-28,422,827
9153,2025-03-06,206,29
9154,2025-04-16,406,170
9155,2024-12-03,861,198
9156,2024-06-26,380,502
9157,2024-09-15,917,770
9158,2024-09-05,369,963
9159,2024-11-24,464,617
9160,2024-12-19,304,136
9161,2024-09-05,942,250
9162,2024-12-14,794,690
9163,2024-10-29,632,542
9164,2024-10-22,690,768
9165,2025-02-17,332,164
9166,2025-01-16,669,690
9167,2024-12-10,453,475
9168,2024-09-08,616,999
9169,2024-12-22,264,217
9170,2024-10-06,779,83
9171,2024-07-18,763,51
9172,2024-12-02,116,88
9173,2025-03-13,548,516
9174,2024-10-24,295,796
9175,2024-08-03,619,422
9176,2025-01-14,657,510
9177,2025-02-15,450,18
9178,2025-03-21,388,660
9179,2024-06-07,57,501
9180,2025-04-04,442,458
9181,2024-07-18,260,502
9182,2025-01-18,950,612
9183,2025-03-17,116,799
9184,2025-03-15,318,367
9185,2024-09-23,162,714
9186,2024-11-19,141,356
9187,2024-11-03,152,706
9188,2024-12-07,578,19
9189,2024-11-18,427,338
9190,2024-07-08,278,849
9191,2024-10-27,917,380
9192,2025-03-18,857,686
9193,2024-06-26,905,101
9194,2024-10-08,984,611
9195,2025-01-12,89,886
9196,2024-10-17,517,933
9197,2024-08-25,230,415
9198,2024-10-04,233,635
9199,2024-10-30,272,856
9200,2024-09-22,287,915
9201,2025-04-21,338,933
9202,2024-05-30,807,65
9203,2024-10-19,386,335
9204,2025-02-17,873,680
9205,2025-03-01,943,180
9206,2025-04-12,576,588
9207,2024-11-11,320,324
9208,2025-02-22,216,104
9209,2025-02-23,293,848
9210,2024-09-13,375,954
9211,2024-12-17,796,352
9212,2024-07-21,352,852
9213,2025-01-07,123,308
9214,2024-09-13,802,625
9215,2024-10-02,111,579
9216,2024-05-16,505,286
9217,2025-02-24,573,714
9218,2025-02-04,904,80
9219,2024-07-20,867,856
9220,2024-10-15,94,113
9221,2025-03-11,488,875
9222,2024-09-29,594,601
9223,2024-06-24,384,473
9224,2024-06-26,718,932
9225,2024-09-27,220,348
9226,2025-02-17,272,263
9227,2025-02-23,404,629
9228,2024-05-27,808,194
9229,2024-09-23,689,864
9230,2024-11-10,786,455
9231,2024-10-01,25,169
9232,2024-09-25,946,143
9233,2024-07-09,202,463
9234,2025-04-27,502,46
9235,2024-07-10,700,175
9236,2024-11-07,717,355
9237,2024-12-26,802,97
9238,2024-07-12,700,344
9239,2024-10-26,16,927
9240,2024-10-25,6,212
9241,2025-04-04,73,860
9242,2024-11-05,676,413
9243,2024-10-20,848,194
9244,2025-04-13,950,685
9245,2024-08-17,67,980
9246,2024-11-30,736,785
9247,2024-08-23,202,3
9248,2025-01-10,1,519
9249,2024-11-06,460,273
9250,2025-03-31,975,132
9251,2025-03-21,523,459
9252,2025-01-06,685,630
9253,2024-05-23,488,603
9254,2024-09-06,307,770
9255,2025-01-22,100,318
9256,2024-06-29,45,623
9257,2025-01-01,123,965
9258,2025-01-20,677,45
9259,2024-07-29,822,915
9260,2025-03-20,286,901
9261,2025-01-07,225,534
9262,2024-11-26,76,395
9263,2024-08-28,294,140
9264,2024-12-04,129,166
9265,2024-12-10,130,217
9266,2024-10-19,548,215
9267,2024-12-09,835,79
9268,2024-12-08,440,900
9269,2025-04-02,615,976
9270,2024-11-07,83,276
9271,2024-05-27,416,444
9272,2024-08-03,423,863
9273,2024-08-13,772,890
9274,2024-12-07,644,904
9275,2024-07-21,649,43
9276,2024-06-12,636,17
9277,2025-02-24,122,47
9278,2024-10-31,904,699
9279,2025-04-14,46,670
9280,2025-04-01,97,569
9281,2024-09-22,820,146
9282,2024-08-04,370,268
9283,2024-08-12,511,536
9284,2025-02-20,467,794
9285,2024-08-05,821,279
9286,2024-11-02,382,350
9287,2025-01-15,897,180
9288,2025-01-11,17,559
9289,2025-03-22,703,18
9290,2025-04-28,401,184
9291,2024-08-25,707,677
9292,2024-11-22,160,550
9293,2024-05-05,366,333
9294,2024-06-22,490,308
9295,2024-11-16,247,278
9296,2025-03-08,499,773
9297,2025-03-19,94,868
9298,2025-02-26,702,868
9299,2024-11-16,181,686
9300,2024-08-19,64,819
9301,2024-05-27,772,469
9302,2025-03-17,757,436
9303,2024-07-17,30,473
9304,2024-08-08,906,375
9305,2025-01-09,320,487
9306,2024-12-29,347,249
9307,2024-11-02,781,309
9308,2024-11-21,79,554
9309,2024-05-06,195,350
9310,2024-09-11,973,913
9311,2024-11-18,357,228
9312,2025-02-25,902,211
9313,2024-08-18,394,892
9314,2024-11-26,152,436
9315,2024-07-04,466,217
9316,2024-08-21,911,333
9317,2025-03-26,446,168
9318,2024-08-16,290,39
9319,2024-07-02,945,627
9320,2024-09-06,22,275
9321,2024-10-03,226,182
9322,2024-10-23,245,4
9323,2024-12-30,287,211
9324,2025-03-14,597,307
9325,2024-11-28,573,652
9326,2024-11-04,558,909
9327,2024-11-19,608,803
9328,2024-12-28,278,445
9329,2025-01-27,137,373
9330,2024-07-07,406,751
9331,2025-02-15,493,444
9332,2024-11-03,725,187
9333,2024-11-14,370,903
9334,2024-07-22,131,329
9335,2025-04-05,928,533
9336,2025-01-08,700,749
9337,2024-11-04,492,463
9338,2024-10-02,831,617
9339,2025-04-08,884,158
9340,2024-10-10,571,301
9341,2024-10-29,458,533
9342,2024-10-06,857,415
9343,2025-01-29,421,174
9344,2025-01-05,178,975
9345,2025-04-14,807,499
9346,2024-12-13,289,281
9347,2025-02-25,532,689
9348,2025-04-14,74,386
9349,2024-11-12,556,840
9350,2025-02-07,138,271
9351,2024-07-21,827,497
9352,2024-05-28,634,109
9353,2025-01-12,472,848
9354,2024-05-22,258,771
9355,2025-03-02,857,87
9356,2025-02-22,675,864
9357,2025-03-11,814,329
9358,2024-08-24,188,952
9359,2025-03-30,407,98
9360,2024-10-17,684,602
9361,2025-04-17,518,243
9362,2024-12-04,803,218
9363,2025-03-29,642,392
9364,2025-04-12,611,62
9365,2024-06-05,579,485
9366,2024-09-25,136,567
9367,2024-05-17,548,226
9368,2024-11-07,655,54
9369,2024-11-16,28,13
9370,2025-04-10,300,456
9371,2024-12-30,193,120
9372,2024-12-07,115,740
9373,2025-03-12,787,429
9374,2024-12-10,53,673
9375,2024-10-23,777,174
9376,2024-08-19,543,558
9377,2024-11-21,180,123
9378,2025-01-03,486,751
9379,2024-11-29,45,445
9380,2024-09-30,127,699
9381,2024-10-15,74,921
9382,2025-02-19,647,709
9383,2025-03-28,852,153
9384,2024-10-23,282,905
9385,2024-08-13,565,354
9386,2024-12-27,997,788
9387,2024-05-25,913,990
9388,2024-12-25,944,450
9389,2025-03-31,149,917
9390,2024-06-17,730,608
9391,2025-03-17,190,498
9392,2024-05-02,266,101
9393,2024-05-15,519,785
9394,2024-11-13,99,562
9395,2024-06-17,257,868
9396,2025-03-17,990,701
9397,2025-01-11,780,597
9398,2024-05-03,971,647
9399,2025-03-03,29,663
9400,2024-05-08,433,158
9401,2024-06-19,3,574
9402,2024-10-23,647,679
9403,2024-09-29,361,169
9404,2024-06-09,644,761
9405,2024-11-14,771,773
9406,2025-01-27,57,208
9407,2024-07-10,177,486
9408,2024-11-04,957,271
9409,2024-11-21,603,603
9410,2024-06-02,890,285
9411,2024-11-29,56,999
9412,2024-05-11,397,37
9413,2025-01-11,26,253
9414,2024-08-06,561,208
9415,2024-10-09,182,168
9416,2024-06-18,141,826
9417,2024-12-23,611,421
9418,2024-09-09,304,157
9419,2024-08-01,508,669
9420,2024-08-07,643,575
9421,2024-07-18,532,253
9422,2025-01-20,477,373
9423,2024-06-07,220,302
9424,2024-11-02,416,338
9425,2024-07-20,328,665
9426,2024-08-09,275,985
9427,2024-05-15,483,169
9428,2025-04-16,701,783
9429,2024-08-25,842,620
9430,2025-03-02,464,529
9431,2024-06-07,436,287
9432,2024-09-14,926,208
9433,2025-01-17,884,755
9434,2024-12-03,681,16
9435,2024-07-18,389,372
9436,2025-01-17,948,766
9437,2024-12-04,497,411
9438,2024-05-08,2,486
9439,2025-04-18,33,143
9440,2024-07-16,398,948
9441,2024-12-01,3,963
9442,2025-01-23,488,86
9443,2025-04-04,829,190
9444,2024-12-22,64,722
9445,2024-07-02,330,644
9446,2025-02-19,623,921
9447,2024-06-02,329,770
9448,2024-12-16,356,785
9449,2025-02-14,561,207
9450,2024-11-02,957,930
9451,2024-06-18,954,825
9452,2025-04-11,352,505
9453,2025-01-13,351,496
9454,2025-03-20,991,233
9455,2025-01-12,63,760
9456,2024-06-01,930,875
9457,2024-10-23,304,306
9458,2025-02-08,15,804
9459,2024-09-04,153,925
9460,2025-02-15,192,786
9461,2024-10-26,977,615
9462,2025-01-15,618,3
9463,2025-03-21,200,136
9464,2025-02-14,714,795
9465,2024-07-22,425,616
9466,2024-12-19,777,789
9467,2025-02-20,370,175
9468,2025-04-23,570,969
9469,2024-05-15,847,386
9470,2024-10-09,672,546
9471,2024-08-19,875,376
9472,2024-09-25,509,420
9473,2024-10-15,334,156
9474,2024-11-17,761,623
9475,2025-03-13,800,838
9476,2025-02-18,400,132
9477,2024-09-04,756,979
9478,2025-04-25,951,209
9479,2025-03-18,35,329
9480,2024-11-07,834,918
9481,2025-04-19,542,450
9482,2024-06-13,330,920
9483,2024-11-21,795,974
9484,2024-08-10,459,377
9485,2024-12-30,410,540
9486,2024-12-07,815,540
9487,2025-02-04,43,831
9488,2024-08-22,82,517
9489,2024-10-06,934,47
9490,2024-07-25,492,784
9491,2024-12-06,165,234
9492,2025-01-14,856,850
9493,2024-10-26,491,449
9494,2024-12-01,46,280
9495,2025-03-08,883,724
9496,2025-04-01,583,972
9497,2024-05-28,316,12
9498,2024-07-31,971,462
9499,2024-10-27,57,168
9500,2024-07-04,328,7
9501,2025-02-02,976,482
9502,2025-02-14,461,364
9503,2024-09-03,658,147
9504,2024-06-22,842,281
9505,2025-01-25,384,727
9506,2024-07-04,882,573
9507,2024-05-09,477,157
9508,2025-01-04,126,200
9509,2024-06-29,220,163
9510,2025-04-16,544,525
9511,2025-01-29,522,35
9512,2025-03-26,474,100
9513,2024-08-07,297,9
9514,2024-09-29,80,623
9515,2024-07-22,565,73
9516,2025-01-26,180,356
9517,2024-09-20,685,547
9518,2024-11-24,461,22
9519,2025-03-22,112,583
9520,2024-06-28,926,87
9521,2025-01-12,119,920
9522,2025-02-17,970,634
9523,2025-02-05,810,232
9524,2024-09-23,764,535
9525,2025-02-05,557,368
9526,2025-04-26,882,695
9527,2025-01-16,768,351
9528,2025-04-11,351,914
9529,2024-07-28,330,777
9530,2025-04-25,402,594
9531,2024-12-04,780,981
9532,2024-05-04,631,113
9533,2025-01-25,390,70
9534,2024-07-29,840,602
9535,2025-04-28,268,619
9536,2025-03-16,781,947
9537,2024-05-20,45,814
9538,2025-03-22,257,316
9539,2024-05-24,717,253
9540,2024-12-05,793,753
9541,2025-02-23,759,303
9542,2024-08-25,357,96
9543,2024-09-02,281,664
9544,2024-08-08,530,894
9545,2025-01-19,26,435
9546,2024-06-16,981,649
9547,2025-01-24,505,684
9548,2024-09-02,921,232
9549,2025-01-28,877,532
9550,2024-06-06,120,749
9551,2025-01-27,394,52
9552,2025-03-03,641,197
9553,2024-10-06,129,704
9554,2024-12-14,807,433
9555,2024-08-25,114,940
9556,2024-11-25,466,640
9557,2024-07-27,590,287
9558,2024-05-30,409,139
9559,2024-05-02,828,798
9560,2024-08-30,613,7
9561,2025-02-14,233,510
9562,2024-08-27,863,264
9563,2024-07-31,185,586
9564,2025-01-20,322,554
9565,2024-11-20,947,267
9566,2024-11-30,984,321
9567,2025-02-17,811,374
9568,2024-05-14,722,228
9569,2024-06-25,78,940
9570,2024-05-10,9,484
9571,2024-06-26,839,173
9572,2024-09-23,116,203
9573,2024-08-14,800,920
9574,2024-11-11,744,228
9575,2024-07-09,630,366
9576,2024-07-15,970,285
9577,2024-12-20,737,697
9578,2025-01-21,877,483
9579,2024-08-08,332,983
9580,2024-11-30,536,183
9581,2024-06-28,801,359
9582,2024-06-13,428,150
9583,2024-07-19,669,158
9584,2024-07-29,194,253
9585,2024-12-19,273,610
9586,2024-06-22,500,345
9587,2024-11-01,966,961
9588,2024-09-22,505,464
9589,2025-04-23,104,968
9590,2024-05-29,913,142
9591,2024-09-10,715,538
9592,2025-03-02,880,220
9593,2024-10-17,955,437
9594,2024-06-23,247,245
9595,2024-12-18,696,678
9596,2025-02-10,222,254
9597,2025-03-22,836,321
9598,2024-05-26,968,492
9599,2024-10-09,522,834
9600,2025-03-26,461,360
9601,2025-01-14,126,188
9602,2024-07-16,38,151
9603,2025-01-03,258,963
9604,2024-08-05,315,246
9605,2024-10-04,760,109
9606,2025-02-01,690,953
9607,2024-11-22,740,132
9608,2025-02-23,717,287
9609,2024-07-04,345,335
9610,2024-07-11,436,68
9611,2024-09-21,466,990
9612,2024-08-03,366,32
9613,2024-05-11,579,845
9614,2024-12-02,132,912
9615,2024-08-26,488,107
9616,2024-05-15,121,85
9617,2025-01-03,119,127
9618,2025-03-07,47,310
9619,2024-06-11,571,291
9620,2025-04-17,677,770
9621,2024-10-05,997,366
9622,2025-01-21,466,142
9623,2024-10-01,867,348
9624,2024-10-23,856,498
9625,2024-05-25,210,910
9626,2024-11-03,385,723
9627,2024-05-17,247,911
9628,2024-09-05,657,855
9629,2024-06-16,397,905
9630,2025-04-06,403,183
9631,2025-03-08,188,10
9632,2025-02-26,919,873
9633,2024-11-20,845,450
9634,2025-03-16,394,743
9635,2024-09-02,292,571
9636,2025-02-24,480,416
9637,2024-07-24,611,264
9638,2024-06-08,59,617
9639,2025-02-28,385,929
9640,2025-04-13,571,128
9641,2024-08-15,904,980
9642,2024-09-29,587,999
9643,2025-02-27,112,422
9644,2024-05-30,738,678
9645,2024-10-17,719,950
9646,2024-08-19,641,158
9647,2025-02-08,680,155
9648,2024-12-07,440,778
9649,2025-01-12,873,104
9650,2024-06-21,576,381
9651,2024-09-17,424,538
9652,2024-08-18,726,401
9653,2025-01-06,899,300
9654,2024-06-15,553,785
9655,2024-07-02,652,637
9656,2024-08-10,779,643
9657,2025-04-18,651,659
9658,2024-06-29,544,687
9659,2025-02-06,242,306
9660,2024-11-29,256,515
9661,2024-12-31,474,858
9662,2024-12-26,929,614
9663,2024-10-21,766,195
9664,2024-12-12,9,881
9665,2024-10-05,603,353
9666,2025-01-13,474,851
9667,2025-04-02,23,649
9668,2024-06-20,133,753
9669,2025-03-03,930,890
9670,2024-11-16,768,95
9671,2025-04-09,782,834
9672,2025-04-13,315,628
9673,2025-03-12,78,686
9674,2025-01-30,41,498
9675,2024-12-05,757,406
9676,2025-04-28,401,284
9677,2024-12-13,674,45
9678,2025-03-25,103,740
9679,2025-02-11,96,377
9680,2024-12-09,675,647
9681,2025-03-14,996,132
9682,2025-04-10,9,894
9683,2025-03-24,707,873
9684,2024-11-21,319,947
9685,2024-10-29,296,810
9686,2024-12-26,974,503
9687,2024-09-01,499,708
9688,2024-07-27,106,102
9689,2024-08-04,598,136
9690,2025-04-07,291,521
9691,2025-03-27,896,36
9692,2024-11-25,361,343
9693,2025-02-19,830,26
9694,2024-12-11,398,111
9695,2024-11-02,191,718
9696,2025-03-01,650,96
9697,2025-03-19,935,806
9698,2024-05-27,600,247
9699,2024-07-28,390,781
9700,2024-07-01,944,208
9701,2024-07-25,661,339
9702,2024-12-28,132,809
9703,2024-09-16,616,246
9704,2025-04-20,118,707
9705,2024-05-06,48,250
9706,2025-02-20,99,109
9707,2024-10-07,833,172
9708,2024-08-13,168,89
9709,2024-10-16,198,918
9710,2024-05-19,146,896
9711,2024-05-23,489,405
9712,2024-07-25,251,790
9713,2024-05-08,67,571
9714,2024-07-01,793,123
9715,2025-01-07,793,445
9716,2025-01-01,404,108
9717,2024-09-04,561,489
9718,2025-02-02,298,992
9719,2025-01-12,800,128
9720,2025-04-16,268,861
9721,2025-03-30,8,569
9722,2024-05-15,97,512
9723,2025-02-05,779,607
9724,2024-12-25,844,361
9725,2025-01-17,974,543
9726,2024-11-27,651,719
9727,2024-05-23,40,371
9728,2024-10-26,871,790
9729,2024-11-03,638,899
9730,2024-05-23,651,649
9731,2024-07-19,405,62
9732,2024-10-24,792,985
9733,2024-05-24,502,504
9734,2024-10-06,502,533
9735,2025-03-18,3,35
9736,2025-03-14,970,513
9737,2024-08-11,898,305
9738,2025-04-28,299,456
9739,2024-07-24,95,718
9740,2025-04-15,365,735
9741,2024-06-08,747,455
9742,2024-10-25,638,195
9743,2024-10-24,759,22
9744,2024-11-08,95,471
9745,2025-01-07,126,434
9746,2024-09-12,682,234
9747,2025-03-15,528,757
9748,2024-11-22,589,842
9749,2024-09-06,436,827
9750,2025-04-03,325,979
9751,2024-08-22,970,103
9752,2024-08-26,597,618
9753,2024-04-30,313,69
9754,2024-05-09,972,186
9755,2024-07-02,256,953
9756,2025-02-07,997,959
9757,2024-07-13,406,594
9758,2024-08-23,738,32
9759,2024-05-30,294,106
9760,2024-12-30,960,238
9761,2024-11-25,712,869
9762,2024-06-17,493,202
9763,2024-09-21,816,921
9764,2024-09-25,392,742
9765,2024-09-19,847,562
9766,2025-04-22,675,672
9767,2024-10-01,212,122
9768,2025-02-23,103,712
9769,2025-03-03,188,477
9770,2025-01-19,518,751
9771,2024-07-19,321,774
9772,2024-07-20,394,407
9773,2024-10-02,672,602
9774,2024-10-12,735,832
9775,2024-11-10,550,685
9776,2024-10-19,552,186
9777,2024-05-28,192,23
9778,2025-01-12,866,837
9779,2025-03-26,297,122
9780,2024-12-07,322,261
9781,2024-12-30,297,109
9782,2024-06-22,886,530
9783,2024-05-19,50,43
9784,2024-08-16,892,586
9785,2024-05-27,670,571
9786,2025-03-11,259,796
9787,2024-07-29,412,6
9788,2025-01-15,355,988
9789,2024-11-30,354,446
9790,2024-12-15,818,672
9791,2024-11-06,66,735
9792,2024-07-28,463,931
9793,2024-12-23,308,44
9794,2025-02-11,12,733
9795,2024-09-25,439,667
9796,2024-12-01,152,287
9797,2024-09-15,508,10
9798,2024-06-02,271,23
9799,2024-05-21,245,772
9800,2025-03-31,520,945
9801,2025-03-12,627,691
9802,2024-12-28,92,132
9803,2025-03-27,365,300
9804,2025-04-08,61,355
9805,2025-02-17,682,606
9806,2025-01-02,314,924
9807,2024-08-15,338,464
9808,2025-01-08,832,74
9809,2025-03-10,222,962
9810,2024-09-12,631,756
9811,2024-07-21,572,33
9812,2024-08-02,898,707
9813,2024-11-01,580,931
9814,2025-03-03,176,727
9815,2025-02-08,74,730
9816,2024-06-15,918,56
9817,2025-02-26,955,805
9818,2025-04-25,457,161
9819,2024-11-10,42,690
9820,2024-07-05,411,931
9821,2025-01-30,502,629
9822,2024-10-23,178,161
9823,2024-05-26,143,690
9824,2024-12-28,618,329
9825,2024-12-16,22,458
9826,2025-03-02,92,170
9827,2024-07-02,416,10
9828,2024-12-04,447,590
9829,2025-03-15,976,22
9830,2025-02-04,536,968
9831,2025-03-13,166,364
9832,2024-05-22,985,543
9833,2025-04-07,573,386
9834,2025-01-06,442,492
9835,2025-02-08,702,56
9836,2024-11-03,682,950
9837,2024-09-22,260,561
9838,2024-06-10,358,870
9839,2025-03-20,740,938
9840,2025-01-03,462,901
9841,2025-01-29,47,820
9842,2024-11-19,271,435
9843,2024-09-24,336,784
9844,2024-06-07,850,330
9845,2025-01-23,126,156
9846,2024-08-17,259,282
9847,2024-07-24,169,224
9848,2024-07-03,13,464
9849,2025-01-02,440,397
9850,2024-08-23,418,962
9851,2024-12-25,99,14
9852,2024-10-23,757,512
9853,2024-11-11,701,237
9854,2025-02-06,833,371
9855,2024-06-27,693,209
9856,2024-10-21,350,615
9857,2024-10-02,396,162
9858,2025-02-15,26,493
9859,2025-03-25,788,720
9860,2024-05-12,423,741
9861,2025-04-16,896,834
9862,2025-03-30,106,573
9863,2025-01-09,450,104
9864,2025-04-29,160,450
9865,2024-07-12,878,279
9866,2024-07-20,353,569
9867,2024-07-07,593,678
9868,2025-03-12,676,475
9869,2025-03-28,27,945
9870,2024-12-18,692,211
9871,2025-04-30,537,41
9872,2025-04-04,585,212
9873,2025-03-30,190,4
9874,2024-12-25,974,741
9875,2024-08-17,721,370
9876,2025-04-18,845,319
9877,2024-08-02,282,859
9878,2024-11-24,950,749
9879,2024-12-13,668,908
9880,2025-01-11,401,786
9881,2024-11-28,580,561
9882,2025-03-18,846,219
9883,2024-08-22,20,351
9884,2024-09-17,535,401
9885,2024-09-24,34,340
9886,2024-08-01,963,539
9887,2024-12-14,97,320
9888,2024-04-30,414,361
9889,2024-12-06,666,649
9890,2025-04-15,488,526
9891,2024-11-11,465,155
9892,2025-01-04,878,592
9893,2024-12-31,134,847
9894,2025-01-18,551,248
9895,2025-04-07,723,551
9896,2025-04-17,919,25
9897,2025-04-11,553,427
9898,2024-07-30,205,912
9899,2024-07-30,258,717
9900,2025-02-10,657,948
9901,2025-02-20,536,589
9902,2024-07-27,403,46
9903,2025-03-28,947,594
9904,2024-09-13,51,796
9905,2025-04-24,713,55
9906,2024-05-14,25,604
9907,2024-07-29,263,693
9908,2024-05-16,104,259
9909,2024-11-20,987,488
9910,2024-10-07,815,951
9911,2025-04-21,23,504
9912,2025-03-11,831,749
9913,2025-04-02,233,115
9914,2024-05-29,323,907
9915,2025-02-22,213,749
9916,2024-08-06,90,790
9917,2024-08-21,499,528
9918,2024-10-24,943,236
9919,2025-04-25,330,314
9920,2024-10-05,277,641
9921,2024-07-19,238,302
9922,2024-09-03,771,30
9923,2024-06-30,960,784
9924,2024-12-03,634,807
9925,2025-03-14,989,908
9926,2025-04-16,605,25
9927,2025-04-20,153,6
9928,2024-10-01,125,638
9929,2024-08-21,696,628
9930,2024-12-30,712,495
9931,2024-05-31,624,582
9932,2025-03-22,394,789
9933,2024-05-01,429,737
9934,2024-06-01,979,195
9935,2025-02-16,205,728
9936,2025-04-25,66,487
9937,2025-02-13,248,499
9938,2025-03-22,788,946
9939,2025-01-18,368,68
9940,2024-12-22,18,359
9941,2024-05-18,267,120
9942,2024-12-09,479,465
9943,2024-10-03,181,919
9944,2024-09-27,841,143
9945,2024-12-06,231,911
9946,2024-08-27,285,912
9947,2025-04-13,999,263
9948,2024-07-26,420,492
9949,2024-05-30,639,642
9950,2024-09-03,335,254
9951,2024-07-11,994,535
9952,2025-03-12,695,830
9953,2024-09-22,585,621
9954,2024-06-29,385,54
9955,2024-09-28,292,681
9956,2024-06-17,266,298
9957,2024-10-28,498,607
9958,2024-11-25,977,122
9959,2024-12-11,237,246
9960,2024-09-10,827,916
9961,2025-01-29,632,549
9962,2024-06-12,437,46
9963,2025-04-19,558,379
9964,2025-02-02,140,551
9965,2025-01-31,479,913
9966,2024-10-05,320,689
9967,2024-11-24,686,401
9968,2024-11-27,399,169
9969,2025-01-26,769,39
9970,2025-03-27,766,566
9971,2025-02-01,883,347
9972,2024-06-04,632,264
9973,2024-10-17,166,402
9974,2025-01-26,741,532
9975,2024-12-01,593,91
9976,2024-07-03,899,209
9977,2024-10-19,766,19
9978,2024-07-17,398,275
9979,2024-08-07,862,188
9980,2025-04-05,673,312
9981,2024-10-12,108,997
9982,2024-10-05,608,555
9983,2024-09-12,509,5
9984,2024-06-10,564,214
9985,2025-01-30,759,181
9986,2024-11-18,133,501
9987,2025-04-18,620,479
9988,2025-04-10,820,426
9989,2024-06-18,143,632
9990,2025-02-28,328,617
9991,2025-02-23,32,233
9992,2025-01-03,500,155
9993,2024-09-03,378,743
9994,2025-01-05,995,639
9995,2024-07-03,528,317
9996,2025-04-22,39,509
9997,2024-10-06,752,51
9998,2024-07-14,611,678
9999,2024-08-18,94,358
10000,2025-01-07,992,145
10001,2024-09-30,438,643
10002,2025-04-04,23,224
10003,2024-12-24,716,518
10004,2024-08-28,488,790
10005,2025-03-08,265,719
10006,2025-02-17,55,22
10007,2025-01-18,522,478
10008,2025-04-14,910,46
10009,2024-11-04,264,100
10010,2024-10-29,341,515
10011,2024-06-27,164,607
10012,2025-02-13,121,516
10013,2024-10-15,450,440
10014,2025-01-11,993,231
10015,2024-05-11,995,564
10016,2024-05-06,345,10
10017,2024-05-23,745,576
10018,2024-12-21,527,477
10019,2024-12-03,650,509
10020,2024-07-23,384,224
10021,2024-08-02,21,568
10022,2025-03-11,644,140
10023,2024-12-18,412,548
10024,2024-10-17,448,10
10025,2024-11-26,800,764
10026,2024-07-08,527,614
10027,2024-08-21,889,759
10028,2024-08-29,293,343
10029,2024-12-13,433,837
10030,2024-05-09,46,928
10031,2024-07-22,284,62
10032,2025-04-30,513,262
10033,2024-08-01,509,913
10034,2024-05-24,323,723
10035,2024-07-13,925,246
10036,2024-09-11,332,896
10037,2024-07-09,422,245
10038,2024-07-21,682,633
10039,2024-09-04,172,737
10040,2024-06-20,989,529
10041,2024-07-31,640,136
10042,2025-02-07,373,398
10043,2025-01-04,952,321
10044,2024-10-08,170,324
10045,2024-07-31,610,584
10046,2025-01-18,865,180
10047,2024-06-06,864,697
10048,2024-10-25,564,742
10049,2025-02-06,187,667
10050,2025-04-14,250,244
10051,2024-12-09,743,230
10052,2024-05-29,665,742
10053,2025-01-12,70,429
10054,2025-02-23,544,237
10055,2024-10-01,633,965
10056,2024-09-10,583,261
10057,2024-10-17,181,895
10058,2024-09-26,313,501
10059,2025-04-06,244,65
10060,2024-06-16,811,87
10061,2024-11-19,224,857
10062,2024-10-02,834,191
10063,2024-09-10,15,855
10064,2025-02-16,64,110
10065,2024-10-04,487,15
10066,2024-10-17,732,526
10067,2024-05-10,594,784
10068,2024-06-01,252,915
10069,2024-09-10,942,632
10070,2024-07-31,195,316
10071,2025-03-09,304,45
10072,2024-11-24,439,311
10073,2024-09-29,264,256
10074,2024-05-02,88,17
10075,2024-12-27,52,56
10076,2025-04-18,5,202
10077,2024-05-14,95,687
10078,2024-06-09,189,909
10079,2024-09-27,66,564
10080,2024-11-02,863,45
10081,2025-01-25,559,644
10082,2024-10-09,777,103
10083,2024-12-13,809,71
10084,2025-04-18,39,238
10085,2024-10-29,235,771
10086,2024-06-15,258,637
10087,2024-10-29,567,611
10088,2025-02-03,756,459
10089,2024-07-14,346,146
10090,2024-05-24,304,378
10091,2024-11-30,538,594
10092,2024-10-03,877,261
10093,2024-08-01,219,311
10094,2024-05-06,164,292
10095,2024-12-28,333,249
10096,2024-05-29,495,14
10097,2025-01-15,928,590
10098,2024-08-29,577,438
10099,2024-11-07,748,745
10100,2024-10-12,725,432
10101,2025-04-03,538,636
10102,2025-02-20,382,192
10103,2024-09-18,659,344
10104,2025-03-04,963,31
10105,2024-05-10,434,444
10106,2025-01-13,326,847
10107,2024-12-31,131,455
10108,2025-04-04,96,401
10109,2025-04-28,192,154
10110,2024-12-22,436,278
10111,2025-01-29,682,397
10112,2024-05-04,509,923
10113,2025-04-04,846,346
10114,2025-03-21,371,281
10115,2025-01-05,273,123
10116,2024-11-04,19,684
10117,2025-01-03,637,986
10118,2024-09-20,559,131
10119,2024-10-05,579,71
10120,2025-03-19,320,746
10121,2025-03-26,586,840
10122,2024-09-20,948,595
10123,2025-01-05,207,175
10124,2024-06-19,712,361
10125,2025-04-05,49,675
10126,2024-08-15,797,91
10127,2025-03-09,739,686
10128,2024-05-12,738,30
10129,2025-04-04,161,684
10130,2025-04-30,256,729
10131,2025-02-26,903,128
10132,2025-02-17,238,179
10133,2024-09-07,413,741
10134,2024-11-02,35,671
10135,2025-04-22,932,118
10136,2024-07-22,452,138
10137,2024-06-15,541,707
10138,2024-12-23,44,752
10139,2024-06-13,84,389
10140,2024-09-08,506,233
10141,2025-02-08,687,203
10142,2024-12-01,68,82
10143,2024-11-01,699,820
10144,2024-07-25,221,925
10145,2024-06-27,625,733
10146,2024-07-03,710,373
10147,2025-03-30,446,162
10148,2025-01-19,347,228
10149,2024-05-31,677,639
10150,2025-02-03,686,418
10151,2024-11-17,404,762
10152,2024-06-21,586,520
10153,2025-02-04,921,6
10154,2025-03-01,188,763
10155,2025-03-02,427,609
10156,2024-05-27,488,603
10157,2024-06-17,289,166
10158,2025-02-09,103,698
10159,2025-01-21,44,407
10160,2024-06-04,957,763
10161,2024-11-08,58,980
10162,2024-06-30,308,832
10163,2024-09-16,337,939
10164,2024-11-22,515,90
10165,2024-05-15,384,695
10166,2024-11-30,517,992
10167,2025-04-08,935,660
10168,2024-06-21,601,60
10169,2024-05-20,510,361
10170,2024-12-24,700,125
10171,2025-04-01,414,350
10172,2024-10-05,452,710
10173,2025-04-02,174,945
10174,2024-11-13,218,1
10175,2024-09-07,1000,619
10176,2024-12-25,588,4
10177,2024-06-21,441,276
10178,2024-06-16,904,506
10179,2024-10-02,518,559
10180,2024-08-09,168,935
10181,2024-08-28,447,400
10182,2024-05-06,962,525
10183,2024-06-13,172,671
10184,2025-04-18,571,941
10185,2024-07-02,603,910
10186,2024-05-08,527,966
10187,2025-02-05,786,380
10188,2025-01-04,380,247
10189,2024-08-03,708,218
10190,2024-10-24,598,446
10191,2024-05-25,777,20
10192,2024-06-24,84,546
10193,2025-03-23,531,771
10194,2024-11-10,442,796
10195,2024-10-18,14,61
10196,2024-11-14,767,486
10197,2024-07-28,737,210
10198,2024-10-18,824,403
10199,2025-01-22,952,556
10200,2024-08-06,441,547
10201,2024-09-05,181,847
10202,2024-07-31,363,387
10203,2024-09-15,582,165
10204,2024-08-11,775,892
10205,2025-02-11,478,155
10206,2025-04-19,805,641
10207,2024-12-15,739,448
10208,2025-04-03,134,746
10209,2025-01-30,834,785
10210,2024-06-25,373,176
10211,2024-08-15,353,959
10212,2025-02-11,527,296
10213,2024-09-21,851,184
10214,2025-01-23,885,465
10215,2024-07-08,155,18
10216,2025-02-19,441,344
10217,2024-11-28,542,524
10218,2024-09-21,276,437
10219,2024-06-11,681,840
10220,2025-01-18,249,184
10221,2024-05-11,675,859
10222,2025-04-11,557,786
10223,2024-08-20,917,872
10224,2024-08-26,144,488
10225,2025-01-06,134,530
10226,2024-10-25,934,515
10227,2024-11-24,465,97
10228,2024-06-09,875,596
10229,2024-12-08,98,920
10230,2025-03-16,433,577
10231,2024-05-01,844,834
10232,2025-01-24,472,136
10233,2024-08-05,323,65
10234,2025-03-30,666,946
10235,2024-11-30,621,577
10236,2024-07-22,766,975
10237,2025-03-29,405,516
10238,2025-03-02,683,402
10239,2024-07-09,530,919
10240,2024-12-20,622,832
10241,2024-08-28,220,435
10242,2024-05-02,841,581
10243,2025-04-22,547,541
10244,2024-12-30,2,353
10245,2024-08-05,282,994
10246,2025-01-31,977,487
10247,2025-02-17,427,552
10248,2025-02-17,909,786
10249,2024-08-24,237,564
10250,2025-03-27,623,855
10251,2024-05-07,821,69
10252,2025-02-07,691,215
10253,2024-10-29,357,658
10254,2024-05-31,181,44
10255,2024-06-13,438,498
10256,2024-11-15,43,721
10257,2024-07-18,277,113
10258,2024-08-04,977,259
10259,2024-07-27,40,607
10260,2024-09-11,94,800
10261,2024-08-02,79,213
10262,2024-12-11,372,476
10263,2024-11-03,535,103
10264,2025-04-24,719,645
10265,2024-08-18,298,491
10266,2025-01-09,53,977
10267,2025-01-10,1000,987
10268,2024-06-13,946,735
10269,2025-03-18,929,217
10270,2024-06-18,110,340
10271,2024-12-21,649,823
10272,2025-04-04,905,808
10273,2024-11-17,662,635
10274,2024-08-20,436,185
10275,2024-11-16,502,90
10276,2025-02-18,344,126
10277,2024-06-03,303,524
10278,2025-04-19,962,420
10279,2024-05-03,829,644
10280,2024-10-15,364,545
10281,2024-05-03,296,286
10282,2024-09-14,693,663
10283,2024-11-24,674,170
10284,2024-06-24,671,169
10285,2025-04-08,104,86
10286,2024-12-24,444,40
10287,2025-03-02,312,884
10288,2025-04-28,771,457
10289,2024-11-13,328,653
10290,2024-05-11,573,754
10291,2025-04-05,320,18
10292,2025-01-28,784,661
10293,2024-10-07,278,682
10294,2025-03-09,622,125
10295,2025-02-13,906,16
10296,2025-04-29,526,915
10297,2025-04-06,435,74
10298,2024-10-27,191,850
10299,2024-06-13,546,953
10300,2024-07-20,935,517
10301,2024-09-02,364,968
10302,2025-03-31,838,48
10303,2024-09-17,80,192
10304,2024-12-27,943,998
10305,2024-12-15,301,97
10306,2024-09-09,848,231
10307,2024-06-05,976,344
10308,2025-01-09,29,916
10309,2024-08-24,642,346
10310,2025-03-03,325,593
10311,2024-11-09,600,709
10312,2025-04-30,914,876
10313,2024-07-22,922,621
10314,2024-12-08,383,75
10315,2025-02-06,736,824
10316,2024-06-24,412,355
10317,2024-10-11,298,237
10318,2024-07-07,580,921
10319,2025-03-31,973,621
10320,2024-07-24,185,265
10321,2025-03-13,702,794
10322,2024-06-27,643,64
10323,2025-01-03,479,833
10324,2025-02-17,948,690
10325,2025-02-22,967,223
10326,2025-03-24,899,537
10327,2025-03-09,535,713
10328,2024-10-10,495,477
10329,2024-12-21,398,110
10330,2024-10-09,121,914
10331,2025-01-28,619,410
10332,2024-09-04,448,489
10333,2024-10-08,732,591
10334,2024-07-31,258,395
10335,2024-09-15,733,575
10336,2024-09-08,392,263
10337,2025-01-11,839,229
10338,2024-05-12,853,246
10339,2024-11-04,770,157
10340,2024-05-15,882,132
10341,2025-04-29,368,553
10342,2024-06-06,753,772
10343,2024-05-30,836,407
10344,2024-11-24,435,719
10345,2024-10-23,131,428
10346,2024-05-06,459,3
10347,2025-04-23,413,770
10348,2024-12-24,604,680
10349,2025-04-23,684,768
10350,2024-07-26,552,846
10351,2024-11-06,120,932
10352,2025-03-16,179,261
10353,2024-05-09,913,534
10354,2024-07-20,43,909
10355,2025-03-24,626,815
10356,2024-07-15,963,84
10357,2025-03-16,54,149
10358,2024-11-01,463,917
10359,2024-08-01,282,324
10360,2025-01-24,266,603
10361,2024-09-03,595,883
10362,2025-04-22,295,360
10363,2024-10-05,689,289
10364,2024-12-13,989,8
10365,2025-02-24,981,633
10366,2024-08-08,267,247
10367,2025-02-26,379,527
10368,2025-01-19,801,497
10369,2025-01-31,92,408
10370,2024-08-18,332,586
10371,2024-05-24,928,462
10372,2025-01-10,502,53
10373,2025-04-15,7,354
10374,2024-07-24,583,13
10375,2025-01-23,245,196
10376,2024-12-18,9,856
10377,2024-11-06,161,333
10378,2025-03-29,509,465
10379,2024-10-02,846,2
10380,2025-01-30,778,750
10381,2025-04-26,421,725
10382,2024-06-07,660,306
10383,2024-09-17,719,923
10384,2024-10-03,411,674
10385,2024-10-16,593,654
10386,2024-11-12,578,81
10387,2024-09-18,767,2
10388,2024-09-27,972,681
10389,2025-04-16,412,555
10390,2025-03-19,715,461
10391,2024-10-15,831,304
10392,2024-10-12,9,261
10393,2025-02-13,197,733
10394,2025-02-04,560,273
10395,2024-06-07,833,405
10396,2024-05-14,202,680
10397,2025-04-05,400,939
10398,2024-11-17,594,986
10399,2024-08-21,209,269
10400,2024-12-16,743,713
10401,2024-05-29,873,453
10402,2025-04-20,945,731
10403,2024-11-03,208,342
10404,2024-10-09,605,874
10405,2024-06-22,447,984
10406,2024-11-16,80,286
10407,2024-10-30,148,814
10408,2024-12-04,556,1
10409,2025-03-27,432,373
10410,2024-08-01,473,896
10411,2025-01-31,538,260
10412,2025-02-16,801,13
10413,2024-12-01,58,924
10414,2024-12-23,690,325
10415,2024-07-01,861,673
10416,2024-07-13,503,31
10417,2024-08-31,829,166
10418,2024-08-19,681,674
10419,2024-07-30,829,317
10420,2025-03-23,199,194
10421,2024-06-12,390,973
10422,2024-11-02,217,266
10423,2024-05-13,367,262
10424,2025-02-11,90,738
10425,2025-01-14,826,282
10426,2024-12-28,952,639
10427,2024-09-28,142,798
10428,2025-03-28,192,349
10429,2025-04-17,611,565
10430,2025-01-18,683,484
10431,2025-03-15,583,785
10432,2025-04-05,352,669
10433,2025-04-24,763,83
10434,2024-08-11,908,188
10435,2024-11-19,264,349
10436,2024-07-30,218,280
10437,2024-08-19,35,366
10438,2024-07-03,855,247
10439,2025-03-27,748,916
10440,2025-04-15,631,198
10441,2024-05-30,879,37
10442,2024-11-25,805,240
10443,2024-12-20,395,745
10444,2025-01-10,528,182
10445,2024-08-03,835,987
10446,2024-06-20,428,7
10447,2025-04-19,810,112
10448,2025-04-11,137,322
10449,2024-12-10,433,185
10450,2024-06-02,598,444
10451,2025-03-23,311,916
10452,2024-09-30,147,357
10453,2024-07-28,348,765
10454,2024-10-25,687,582
10455,2024-12-13,413,492
10456,2024-11-15,404,966
10457,2024-08-27,214,596
10458,2024-08-02,798,288
10459,2025-02-20,879,783
10460,2024-12-24,761,154
10461,2024-06-17,751,175
10462,2025-02-10,574,307
10463,2025-01-04,254,78
10464,2024-12-15,761,167
10465,2024-05-28,631,480
10466,2025-03-30,968,845
10467,2024-06-06,829,263
10468,2024-08-18,708,657
10469,2024-11-01,570,43
10470,2024-06-20,419,545
10471,2024-11-08,803,745
10472,2024-05-29,973,366
10473,2024-09-06,69,676
10474,2024-08-02,284,511
10475,2024-09-01,704,964
10476,2025-03-18,114,654
10477,2024-05-03,176,61
10478,2024-09-04,417,766
10479,2024-07-11,511,797
10480,2024-06-02,102,920
10481,2024-06-03,851,331
10482,2025-04-16,29,750
10483,2024-06-12,129,664
10484,2024-09-25,505,964
10485,2025-02-16,318,916
10486,2024-07-27,526,886
10487,2025-02-02,874,137
10488,2024-10-22,74,615
10489,2025-03-02,473,283
10490,2024-05-17,417,439
10491,2024-09-10,321,928
10492,2024-09-01,797,53
10493,2025-02-19,772,595
10494,2024-08-11,517,597
10495,2024-09-07,205,602
10496,2024-05-24,794,419
10497,2024-08-27,12,578
10498,2024-12-17,707,121
10499,2024-11-07,921,670
10500,2024-12-11,949,861
10501,2025-03-24,954,788
10502,2025-01-16,540,742
10503,2024-06-29,987,723
10504,2024-07-22,340,730
10505,2025-01-13,437,333
10506,2025-01-02,648,658
10507,2025-03-13,494,442
10508,2025-04-11,793,279
10509,2024-09-16,925,644
10510,2024-09-09,960,617
10511,2024-10-03,348,464
10512,2024-11-23,1,966
10513,2024-05-15,88,92
10514,2025-03-03,442,856
10515,2024-10-25,987,297
10516,2024-05-09,357,516
10517,2024-09-02,20,161
10518,2024-10-02,450,963
10519,2025-02-27,849,265
10520,2025-04-19,769,427
10521,2024-11-25,797,625
10522,2025-03-17,710,462
10523,2024-10-08,99,979
10524,2024-07-06,360,246
10525,2025-01-14,211,508
10526,2024-10-29,569,87
10527,2024-05-28,747,965
10528,2025-02-03,70,998
10529,2024-10-08,944,444
10530,2025-04-18,707,325
10531,2025-03-24,608,840
10532,2024-08-31,116,723
10533,2024-10-10,480,906
10534,2025-03-18,944,859
10535,2024-11-14,97,347
10536,2025-01-27,312,572
10537,2024-10-15,656,799
10538,2024-08-16,258,184
10539,2025-03-01,766,880
10540,2024-11-22,404,932
10541,2025-02-01,1,959
10542,2024-07-02,331,972
10543,2025-03-31,361,578
10544,2024-10-25,183,994
10545,2024-11-18,4,539
10546,2024-10-30,876,612
10547,2024-10-14,38,855
10548,2025-04-09,122,581
10549,2025-03-24,81,54
10550,2024-09-20,742,927
10551,2024-10-19,982,250
10552,2024-07-09,102,379
10553,2025-03-17,818,967
10554,2024-05-04,6,772
10555,2024-06-22,365,203
10556,2025-04-23,96,961
10557,2024-08-17,70,193
10558,2024-11-24,992,879
10559,2024-10-27,239,34
10560,2024-12-29,607,737
10561,2024-07-03,569,148
10562,2025-04-12,208,529
10563,2025-02-20,670,305
10564,2024-09-29,661,786
10565,2025-03-27,733,972
10566,2024-09-23,456,281
10567,2024-07-15,783,721
10568,2024-08-16,708,75
10569,2024-05-02,772,415
10570,2025-03-20,258,400
10571,2024-12-12,695,963
10572,2024-12-02,448,343
10573,2024-09-15,92,934
10574,2024-07-27,422,315
10575,2024-05-08,622,442
10576,2024-08-03,831,829
10577,2025-01-29,784,961
10578,2024-11-20,366,587
10579,2024-06-29,726,227
10580,2024-05-14,150,551
10581,2024-06-23,987,954
10582,2025-03-23,533,430
10583,2024-07-07,375,797
10584,2025-02-20,7,94
10585,2024-12-26,703,27
10586,2024-10-22,484,696
10587,2024-05-24,616,520
10588,2024-08-13,482,493
10589,2024-09-26,98,1
10590,2024-10-30,162,789
10591,2025-02-25,920,382
10592,2025-01-17,112,289
10593,2024-05-11,78,991
10594,2024-09-15,743,933
10595,2024-06-01,307,761
10596,2024-12-22,371,71
10597,2024-08-01,495,421
10598,2024-12-20,466,467
10599,2025-04-26,790,582
10600,2024-07-17,651,858
10601,2024-12-25,906,589
10602,2024-06-19,575,134
10603,2024-07-07,358,43
10604,2024-11-24,260,718
10605,2024-11-26,616,790
10606,2024-08-26,767,522
10607,2024-12-31,366,855
10608,2024-07-05,982,248
10609,2025-02-10,846,727
10610,2024-12-14,228,131
10611,2024-05-30,134,465
10612,2024-05-10,739,370
10613,2025-01-07,917,417
10614,2025-02-21,629,686
10615,2024-10-14,383,296
10616,2024-11-09,418,157
10617,2025-04-15,571,500
10618,2024-05-21,948,340
10619,2025-04-21,994,527
10620,2025-01-01,410,815
10621,2024-08-17,890,184
10622,2024-12-25,216,393
10623,2024-06-30,140,324
10624,2024-10-02,423,428
10625,2024-05-06,59,740
10626,2024-09-28,43,722
10627,2025-01-26,377,416
10628,2024-08-10,4,495
10629,2024-06-03,192,251
10630,2024-09-19,439,598
10631,2024-12-04,85,174
10632,2024-06-12,928,374
10633,2024-12-20,140,719
10634,2025-04-08,880,789
10635,2024-11-17,929,627
10636,2025-02-04,950,52
10637,2025-01-08,552,714
10638,2024-06-07,147,380
10639,2024-09-25,75,468
10640,2025-03-23,138,81
10641,2025-01-07,339,413
10642,2025-04-12,531,493
10643,2024-11-08,185,106
10644,2025-02-10,133,583
10645,2025-01-29,779,499
10646,2024-07-04,157,827
10647,2024-07-24,927,138
10648,2024-12-28,611,471
10649,2024-10-25,297,9
10650,2025-03-23,8,338
10651,2024-08-03,445,414
10652,2024-08-15,716,161
10653,2025-03-17,361,493
10654,2025-04-09,109,26
10655,2024-06-25,258,525
10656,2024-10-02,940,929
10657,2024-06-17,386,907
10658,2025-03-20,768,613
10659,2024-07-22,665,531
10660,2024-06-16,422,340
10661,2024-09-08,72,701
10662,2025-02-17,299,371
10663,2025-03-01,749,245
10664,2025-03-11,76,261
10665,2025-04-15,567,185
10666,2024-05-05,227,909
10667,2025-04-12,64,322
10668,2025-02-08,210,176
10669,2024-05-18,320,460
10670,2024-08-09,224,721
10671,2025-04-16,974,94
10672,2024-06-17,265,336
10673,2024-06-06,386,671
10674,2025-04-23,447,563
10675,2024-09-24,95,563
10676,2024-08-12,7,28
10677,2025-04-06,588,27
10678,2024-05-06,786,876
10679,2024-12-20,871,636
10680,2025-03-05,531,386
10681,2024-11-20,325,270
10682,2025-02-11,720,487
10683,2024-06-13,890,664
10684,2024-05-15,296,796
10685,2024-12-09,950,812
10686,2025-02-22,879,555
10687,2024-07-24,81,581
10688,2024-09-10,277,576
10689,2025-03-12,795,150
10690,2024-09-07,803,756
10691,2024-12-10,801,967
10692,2025-03-06,164,644
10693,2025-02-25,762,295
10694,2024-07-16,79,933
10695,2024-12-05,565,790
10696,2025-03-02,869,412
10697,2024-05-24,979,726
10698,2025-03-22,950,327
10699,2024-09-28,157,194
10700,2024-10-14,361,154
10701,2025-04-22,903,371
10702,2024-05-23,686,663
10703,2025-03-05,101,323
10704,2024-09-10,517,732
10705,2024-07-11,370,586
10706,2024-10-22,475,309
10707,2024-12-16,73,140
10708,2025-03-08,212,96
10709,2025-01-07,762,556
10710,2024-11-15,99,424
10711,2024-09-12,574,955
10712,2024-12-20,266,11
10713,2024-09-26,817,980
10714,2025-04-14,150,753
10715,2025-01-23,96,690
10716,2024-11-12,154,49
10717,2024-09-14,21,700
10718,2024-06-27,244,689
10719,2025-03-24,366,425
10720,2024-09-30,737,286
10721,2024-10-18,688,502
10722,2024-06-30,609,404
10723,2024-11-24,384,941
10724,2025-02-13,702,318
10725,2025-04-20,416,593
10726,2025-04-15,71,845
10727,2025-02-15,306,417
10728,2024-09-15,84,534
10729,2024-11-08,514,253
10730,2024-10-19,896,68
10731,2025-03-14,792,766
10732,2024-05-06,980,995
10733,2025-02-27,277,970
10734,2025-04-19,414,497
10735,2025-01-11,673,729
10736,2024-12-16,272,63
10737,2024-11-11,449,780
10738,2025-03-26,793,197
10739,2025-03-18,529,154
10740,2024-08-19,85,471
10741,2024-12-26,76,811
10742,2024-10-11,988,745
10743,2024-12-20,102,606
10744,2025-01-24,900,836
10745,2025-04-06,834,821
10746,2024-06-06,788,497
10747,2024-09-13,170,659
10748,2024-09-25,598,441
10749,2024-11-14,164,453
10750,2024-06-28,70,334
10751,2024-10-12,522,90
10752,2024-10-01,321,295
10753,2025-03-07,81,122
10754,2024-09-20,710,906
10755,2024-08-22,783,676
10756,2025-04-24,70,206
10757,2024-12-11,906,271
10758,2024-05-20,329,961
10759,2024-08-06,91,464
10760,2025-03-19,819,362
10761,2024-12-10,286,139
10762,2025-04-20,371,40
10763,2024-05-04,57,539
10764,2024-08-22,635,268
10765,2025-03-10,96,374
10766,2024-12-09,965,893
10767,2024-06-20,703,304
10768,2024-09-09,9,52
10769,2025-03-10,960,397
10770,2024-06-20,794,681
10771,2024-05-06,972,644
10772,2024-11-05,962,742
10773,2024-07-31,953,645
10774,2024-09-03,454,793
10775,2024-11-21,384,842
10776,2024-07-19,132,782
10777,2024-05-02,863,200
10778,2024-08-21,32,344
10779,2025-01-30,68,904
10780,2024-05-24,788,896
10781,2024-09-28,812,141
10782,2025-01-16,137,730
10783,2024-07-08,537,763
10784,2024-08-29,195,633
10785,2025-01-31,508,24
10786,2024-06-24,77,258
10787,2024-06-02,731,271
10788,2024-10-05,420,322
10789,2025-04-26,519,369
10790,2024-07-21,586,721
10791,2024-09-01,981,173
10792,2024-08-22,68,672
10793,2024-10-26,20,387
10794,2024-04-30,851,218
10795,2024-05-16,705,307
10796,2024-07-21,339,849
10797,2024-08-11,838,85
10798,2024-06-08,623,813
10799,2024-12-13,319,712
10800,2024-11-08,803,214
10801,2024-09-20,694,20
10802,2025-04-29,922,128
10803,2025-04-28,180,971
10804,2024-11-20,458,917
10805,2024-11-13,493,471
10806,2025-01-30,722,195
10807,2024-12-15,732,881
10808,2024-07-24,41,51
10809,2025-02-19,406,440
10810,2024-05-02,167,789
10811,2025-04-30,515,503
10812,2025-01-29,47,265
10813,2024-09-30,301,552
10814,2025-03-16,271,188
10815,2024-06-27,21,959
10816,2025-01-30,722,672
10817,2025-02-24,415,507
10818,2025-03-29,928,445
10819,2024-12-13,529,413
10820,2024-11-29,662,371
10821,2025-02-02,307,187
10822,2025-04-29,872,864
10823,2024-11-24,268,423
10824,2025-01-28,400,81
10825,2024-07-09,924,900
10826,2024-07-19,454,585
10827,2024-06-22,459,190
10828,2024-06-26,810,112
10829,2024-06-11,582,793
10830,2025-02-07,898,175
10831,2024-09-07,954,576
10832,2024-07-24,550,174
10833,2025-03-18,1000,794
10834,2024-10-17,447,787
10835,2025-02-06,907,978
10836,2024-08-23,515,379
10837,2024-12-14,583,61
10838,2024-10-20,156,906
10839,2024-07-21,891,380
10840,2024-05-29,785,652
10841,2024-11-30,582,748
10842,2025-02-04,921,930
10843,2024-09-24,471,211
10844,2025-03-01,441,741
10845,2024-07-20,238,883
10846,2024-11-28,427,81
10847,2024-10-08,194,727
10848,2025-03-20,861,75
10849,2024-12-19,717,262
10850,2025-01-03,537,610
10851,2025-01-29,225,803
10852,2025-02-21,135,239
10853,2024-11-20,872,888
10854,2024-11-03,656,225
10855,2024-11-28,524,553
10856,2024-09-07,10,949
10857,2025-01-02,281,372
10858,2025-02-20,90,156
10859,2025-03-30,341,342
10860,2025-03-05,645,627
10861,2025-04-16,970,684
10862,2025-01-03,841,177
10863,2025-02-18,981,716
10864,2024-12-10,78,148
10865,2025-01-29,275,315
10866,2024-11-17,596,288
10867,2024-12-10,24,122
10868,2024-09-25,320,875
10869,2024-11-09,274,74
10870,2024-12-29,952,576
10871,2024-10-02,415,958
10872,2024-05-26,173,481
10873,2025-01-03,794,82
10874,2024-12-27,126,18
10875,2024-10-11,810,765
10876,2024-09-06,354,937
10877,2024-10-25,203,408
10878,2025-03-31,384,486
10879,2025-02-21,995,413
10880,2025-02-12,391,593
10881,2025-01-30,373,61
10882,2025-01-18,146,296
10883,2024-07-06,265,379
10884,2025-03-13,627,660
10885,2024-11-29,82,792
10886,2025-04-08,766,684
10887,2025-03-23,7,400
10888,2024-11-21,871,780
10889,2024-12-27,424,10
10890,2024-08-30,321,221
10891,2025-03-21,649,523
10892,2024-12-22,589,509
10893,2024-11-07,373,909
10894,2024-09-20,968,95
10895,2024-09-26,240,660
10896,2025-01-20,601,938
10897,2024-07-04,344,662
10898,2025-03-13,34,428
10899,2024-08-25,536,899
10900,2024-12-09,905,317
10901,2024-05-28,550,943
10902,2024-09-04,647,722
10903,2024-12-26,252,83
10904,2024-07-19,592,624
10905,2024-08-05,211,464
10906,2024-06-04,70,397
10907,2025-01-20,112,28
10908,2024-07-14,861,642
10909,2025-04-10,706,495
10910,2024-05-22,363,842
10911,2024-12-20,842,283
10912,2024-09-07,399,948
10913,2025-03-28,872,628
10914,2024-07-20,442,932
10915,2025-03-15,123,190
10916,2024-09-10,284,718
10917,2024-09-05,658,149
10918,2024-12-25,461,86
10919,2024-05-13,987,235
10920,2025-01-14,635,8
10921,2024-07-22,525,473
10922,2024-08-17,792,691
10923,2025-02-19,189,374
10924,2024-10-19,634,240
10925,2024-10-23,392,289
10926,2024-10-06,468,394
10927,2025-02-04,908,327
10928,2025-01-06,657,977
10929,2025-01-14,466,240
10930,2025-03-25,241,528
10931,2024-06-26,287,955
10932,2024-05-16,695,436
10933,2024-12-23,73,333
10934,2024-05-28,401,221
10935,2025-03-03,488,86
10936,2024-08-12,188,211
10937,2024-09-27,674,608
10938,2024-10-08,623,766
10939,2025-04-01,962,132
10940,2025-03-27,739,883
10941,2024-12-24,195,19
10942,2024-07-19,321,655
10943,2025-03-17,218,993
10944,2025-04-25,296,669
10945,2024-08-06,99,296
10946,2024-11-28,705,491
10947,2024-11-05,86,519
10948,2024-12-02,178,436
10949,2024-05-30,181,848
10950,2024-07-30,440,738
10951,2024-10-15,922,592
10952,2025-04-11,662,610
10953,2025-02-08,327,39
10954,2024-06-14,212,995
10955,2024-04-30,527,694
10956,2025-03-15,923,677
10957,2024-12-18,57,612
10958,2024-06-05,213,240
10959,2024-12-11,166,422
10960,2024-08-22,637,304
10961,2024-06-10,671,485
10962,2024-12-13,332,1
10963,2025-03-01,910,665
10964,2025-02-02,920,715
10965,2025-03-07,366,838
10966,2024-11-09,89,228
10967,2024-07-06,46,379
10968,2024-09-26,98,357
10969,2024-11-04,803,726
10970,2025-02-14,605,799
10971,2024-05-20,575,703
10972,2025-01-20,16,19
10973,2025-02-24,109,862
10974,2025-04-06,969,862
10975,2025-03-20,549,809
10976,2025-01-26,720,821
10977,2024-11-17,110,439
10978,2024-08-10,456,205
10979,2024-06-07,904,604
10980,2024-07-19,346,900
10981,2024-05-02,925,588
10982,2024-06-17,518,286
10983,2024-11-15,928,905
10984,2024-08-06,484,148
10985,2024-08-25,568,244
10986,2024-12-08,999,340
10987,2024-08-27,179,926
10988,2024-09-02,361,562
10989,2025-04-02,575,365
10990,2024-05-13,95,665
10991,2025-02-24,319,169
10992,2024-12-11,530,364
10993,2024-11-26,871,972
10994,2025-04-02,647,461
10995,2024-07-30,206,582
10996,2025-03-11,506,931
10997,2025-03-10,559,746
10998,2024-12-16,4,813
10999,2025-04-07,402,375
11000,2024-08-07,409,678
11001,2024-05-10,177,66
11002,2024-08-24,22,966
11003,2024-09-01,304,375
11004,2024-05-28,14,749
11005,2024-10-31,672,768
11006,2024-07-20,589,878
11007,2024-10-20,55,748
11008,2024-05-10,921,380
11009,2024-10-17,708,472
11010,2025-01-13,217,71
11011,2024-10-01,88,148
11012,2025-04-07,828,568
11013,2024-08-01,589,574
11014,2024-10-25,440,688
11015,2024-07-27,754,935
11016,2024-05-23,469,71
11017,2024-09-24,124,388
11018,2024-05-21,205,622
11019,2024-08-13,681,628
11020,2024-07-20,350,220
11021,2024-12-02,354,307
11022,2024-08-22,231,596
11023,2024-08-20,807,709
11024,2025-04-22,444,597
11025,2024-09-13,856,372
11026,2025-02-27,999,909
11027,2024-12-01,404,346
11028,2024-05-25,997,997
11029,2024-06-17,942,49
11030,2024-10-11,436,220
11031,2024-09-27,327,862
11032,2025-03-30,744,965
11033,2024-07-21,259,389
11034,2024-04-30,765,252
11035,2024-06-01,529,933
11036,2024-06-27,940,577
11037,2025-03-12,618,924
11038,2024-08-07,176,519
11039,2025-01-30,436,605
11040,2024-10-29,5,130
11041,2024-10-27,382,177
11042,2024-12-02,540,752
11043,2024-11-04,234,645
11044,2025-01-10,969,561
11045,2025-04-27,921,298
11046,2025-02-27,374,524
11047,2024-06-28,663,646
11048,2024-12-21,112,748
11049,2024-06-06,518,318
11050,2024-12-30,890,136
11051,2025-04-27,816,201
11052,2024-06-12,276,980
11053,2024-06-23,333,11
11054,2025-03-07,862,61
11055,2024-10-11,829,429
11056,2024-08-13,821,586
11057,2025-03-31,222,828
11058,2024-07-10,947,439
11059,2024-10-21,981,745
11060,2024-06-23,882,85
11061,2024-11-22,149,344
11062,2024-05-20,51,337
11063,2024-09-02,829,945
11064,2024-08-11,954,152
11065,2025-03-15,867,778
11066,2024-11-23,421,293
11067,2024-08-27,514,415
11068,2024-07-19,428,197
11069,2025-02-08,65,452
11070,2024-08-25,998,112
11071,2024-08-12,477,518
11072,2024-11-04,210,602
11073,2024-12-29,617,992
11074,2024-10-21,10,834
11075,2025-04-21,217,281
11076,2024-11-01,398,90
11077,2024-07-18,463,882
11078,2024-06-23,330,811
11079,2025-02-12,99,145
11080,2024-07-29,224,573
11081,2025-02-03,212,87
11082,2024-10-27,179,985
11083,2024-12-11,822,219
11084,2024-07-28,694,971
11085,2025-03-06,450,374
11086,2024-09-22,179,137
11087,2024-11-08,550,219
11088,2024-12-10,815,799
11089,2024-08-12,942,937
11090,2024-12-01,938,188
11091,2024-07-15,151,163
11092,2024-05-23,865,370
11093,2025-01-12,779,818
11094,2024-08-11,971,920
11095,2025-01-13,458,989
11096,2025-01-24,429,955
11097,2024-05-01,299,647
11098,2024-06-26,964,677
11099,2025-02-16,541,943
11100,2024-12-02,414,912
11101,2025-01-24,3,354
11102,2024-06-25,110,77
11103,2024-05-23,661,885
11104,2024-07-31,810,279
11105,2024-07-29,860,159
11106,2024-09-12,391,887
11107,2024-10-09,323,779
11108,2025-03-11,587,5
11109,2025-02-18,713,460
11110,2024-12-22,408,960
11111,2024-07-09,219,335
11112,2025-04-28,744,26
11113,2025-01-24,493,470
11114,2024-12-08,535,384
11115,2024-11-05,488,149
11116,2025-02-09,709,668
11117,2025-04-21,36,228
11118,2024-06-04,250,102
11119,2024-08-23,679,201
11120,2024-08-21,783,217
11121,2024-10-29,460,56
11122,2024-12-01,12,661
11123,2025-03-27,639,743
11124,2024-11-11,816,540
11125,2024-06-24,310,811
11126,2024-10-06,350,50
11127,2025-04-26,344,786
11128,2024-07-23,790,385
11129,2024-09-11,475,488
11130,2024-07-29,876,80
11131,2024-09-17,686,67
11132,2024-07-08,283,460
11133,2024-10-04,918,874
11134,2025-01-03,901,191
11135,2025-04-21,445,507
11136,2024-06-23,160,284
11137,2025-04-15,100,401
11138,2025-03-20,353,598
11139,2024-08-19,412,806
11140,2025-01-20,890,283
11141,2024-06-30,54,446
11142,2024-05-16,34,949
11143,2024-06-08,206,128
11144,2024-06-20,438,861
11145,2024-07-23,623,820
11146,2024-09-20,259,914
11147,2025-03-10,272,179
11148,2024-05-25,687,299
11149,2025-01-29,780,675
11150,2024-12-25,930,400
11151,2024-07-04,309,532
11152,2024-09-17,377,536
11153,2024-06-28,111,723
11154,2024-10-06,707,149
11155,2025-01-22,232,640
11156,2024-05-25,133,596
11157,2024-08-16,422,936
11158,2024-09-10,925,801
11159,2024-05-25,148,756
11160,2024-12-03,874,157
11161,2024-05-16,309,494
11162,2024-05-17,469,172
11163,2024-11-27,852,171
11164,2025-03-28,65,338
11165,2024-10-19,12,596
11166,2024-08-05,700,739
11167,2024-09-01,21,219
11168,2024-12-14,397,973
11169,2025-02-08,464,747
11170,2024-10-07,371,25
11171,2024-11-19,836,698
11172,2024-05-12,561,178
11173,2024-05-27,365,274
11174,2025-01-07,965,946
11175,2024-05-10,364,659
11176,2025-03-07,967,88
11177,2024-06-23,966,109
11178,2024-11-08,798,444
11179,2025-03-25,109,900
11180,2024-09-12,813,394
11181,2024-07-26,43,966
11182,2024-08-19,92,539
11183,2024-10-17,728,44
11184,2024-09-27,564,821
11185,2025-04-09,938,483
11186,2024-09-15,50,337
11187,2025-04-23,129,823
11188,2024-12-08,448,512
11189,2024-06-01,49,50
11190,2024-10-24,938,763
11191,2025-01-11,237,714
11192,2024-12-19,499,890
11193,2024-10-02,58,511
11194,2025-04-24,804,36
11195,2024-10-31,498,897
11196,2024-08-07,147,38
11197,2024-06-23,360,432
11198,2024-09-25,93,354
11199,2024-07-24,381,425
11200,2024-07-03,716,618
11201,2024-07-14,794,361
11202,2024-07-27,409,747
11203,2024-06-25,95,394
11204,2025-01-12,444,169
11205,2024-12-13,451,805
11206,2025-04-29,784,683
11207,2024-05-15,730,329
11208,2024-09-19,883,902
11209,2025-03-31,515,102
11210,2025-01-23,514,481
11211,2024-10-10,657,675
11212,2024-07-19,790,602
11213,2025-03-25,15,49
11214,2025-04-06,144,344
11215,2024-07-15,227,520
11216,2024-11-01,727,772
11217,2024-09-03,859,372
11218,2025-03-03,891,965
11219,2025-03-12,926,75
11220,2024-11-11,907,201
11221,2025-04-19,467,3
11222,2024-08-04,990,819
11223,2024-06-03,455,301
11224,2025-03-23,352,979
11225,2025-01-13,853,25
11226,2025-01-26,739,924
11227,2024-12-01,352,863
11228,2025-04-21,385,951
11229,2024-10-13,139,325
11230,2024-05-11,681,414
11231,2024-08-09,143,311
11232,2024-10-24,455,567
11233,2024-06-03,608,119
11234,2024-05-10,60,166
11235,2024-07-05,29,459
11236,2024-11-09,778,394
11237,2024-05-28,21,144
11238,2024-06-09,307,788
11239,2024-08-12,302,573
11240,2024-12-22,992,446
11241,2025-02-11,118,146
11242,2024-10-12,784,423
11243,2024-12-16,103,558
11244,2024-06-28,348,798
11245,2024-09-24,998,316
11246,2025-02-23,663,533
11247,2024-05-20,32,960
11248,2025-01-07,663,956
11249,2025-01-14,143,495
11250,2024-06-04,506,832
11251,2025-04-09,745,986
11252,2024-06-13,954,462
11253,2024-10-01,663,613
11254,2024-08-29,662,716
11255,2024-09-28,149,208
11256,2024-10-02,110,908
11257,2024-05-22,513,493
11258,2025-04-24,235,328
11259,2024-10-05,42,89
11260,2024-06-23,782,4
11261,2024-10-25,400,898
11262,2024-11-18,440,486
11263,2025-01-18,606,956
11264,2025-02-04,492,330
11265,2024-07-30,119,741
11266,2024-07-26,561,254
11267,2024-11-11,605,59
11268,2025-01-15,252,436
11269,2025-03-25,598,297
11270,2024-08-24,385,662
11271,2024-11-26,192,61
11272,2024-11-01,524,886
11273,2025-04-09,184,533
11274,2025-03-19,973,956
11275,2024-09-20,705,189
11276,2025-01-18,58,752
11277,2024-11-04,897,627
11278,2025-01-31,99,341
11279,2025-03-22,658,132
11280,2024-10-20,192,823
11281,2024-08-01,472,440
11282,2024-05-11,894,943
11283,2024-11-02,608,598
11284,2024-11-19,507,345
11285,2024-05-08,553,282
11286,2024-09-14,803,618
11287,2025-01-08,459,968
11288,2024-09-16,239,530
11289,2024-09-16,572,314
11290,2025-03-15,393,67
11291,2024-08-15,604,537
11292,2024-08-23,236,403
11293,2025-02-09,117,462
11294,2024-11-08,502,272
11295,2024-05-03,34,366
11296,2025-02-19,9,609
11297,2025-01-21,241,269
11298,2024-08-06,568,80
11299,2025-03-08,343,472
11300,2025-01-04,254,234
11301,2024-10-07,174,138
11302,2025-02-24,473,965
11303,2025-04-19,635,561
11304,2024-11-14,873,126
11305,2024-06-08,660,991
11306,2025-04-14,363,80
11307,2024-12-22,604,829
11308,2024-07-16,747,128
11309,2024-06-28,936,221
11310,2025-01-18,302,734
11311,2025-01-05,305,116
11312,2025-04-09,172,720
11313,2024-05-25,157,94
11314,2024-09-19,766,86
11315,2024-11-16,974,600
11316,2024-08-24,970,85
11317,2025-04-04,814,761
11318,2025-03-27,406,74
11319,2024-11-09,62,485
11320,2025-03-15,201,773
11321,2024-08-03,948,452
11322,2024-08-14,883,924
11323,2024-12-15,738,465
11324,2024-07-28,792,282
11325,2024-11-29,938,623
11326,2024-11-14,906,815
11327,2024-12-25,59,955
11328,2025-04-18,790,583
11329,2024-12-09,97,879
11330,2024-06-24,686,45
11331,2024-05-12,371,718
11332,2024-05-28,949,151
11333,2025-04-07,526,833
11334,2025-01-01,243,210
11335,2025-01-17,161,726
11336,2025-02-16,208,452
11337,2024-07-03,280,631
11338,2024-05-17,935,680
11339,2024-05-26,326,268
11340,2024-12-15,712,866
11341,2024-08-29,766,960
11342,2024-05-31,783,405
11343,2024-09-16,193,191
11344,2025-01-04,465,471
11345,2025-03-20,725,969
11346,2024-05-05,209,739
11347,2024-06-07,69,584
11348,2025-01-25,638,956
11349,2024-11-21,540,535
11350,2024-10-12,986,742
11351,2024-05-12,541,509
11352,2025-02-10,941,804
11353,2024-07-07,616,292
11354,2024-08-20,885,628
11355,2025-03-15,240,660
11356,2024-07-31,525,548
11357,2024-06-29,815,980
11358,2024-07-12,911,710
11359,2024-10-10,453,150
11360,2025-02-19,558,629
11361,2024-11-16,539,852
11362,2025-01-27,820,576
11363,2024-08-31,646,149
11364,2024-10-11,303,228
11365,2024-10-27,367,142
11366,2024-12-13,240,22
11367,2024-07-30,129,941
11368,2024-09-22,871,218
11369,2024-06-25,694,364
11370,2025-04-18,958,482
11371,2024-07-18,595,510
11372,2024-09-11,910,859
11373,2024-12-26,659,628
11374,2024-05-29,648,326
11375,2024-10-18,518,377
11376,2025-03-09,738,320
11377,2024-11-25,779,835
11378,2025-04-09,424,656
11379,2024-09-24,354,914
11380,2024-05-31,128,864
11381,2024-11-19,854,832
11382,2024-09-25,897,783
11383,2024-12-06,929,611
11384,2024-07-21,356,787
11385,2025-04-10,243,391
11386,2024-07-20,30,370
11387,2024-11-27,590,785
11388,2025-03-12,317,235
11389,2025-02-17,599,545
11390,2024-05-15,420,771
11391,2024-08-17,77,173
11392,2024-06-20,886,534
11393,2024-11-26,711,687
11394,2025-04-05,489,747
11395,2025-04-09,379,708
11396,2025-02-11,13,286
11397,2024-06-28,970,1
11398,2024-06-13,620,983
11399,2024-08-09,59,734
11400,2024-11-16,306,682
11401,2024-05-23,42,54
11402,2024-07-12,608,210
11403,2024-10-04,164,351
11404,2024-08-09,311,605
11405,2025-03-07,605,506
11406,2024-12-18,466,162
11407,2024-05-06,1000,239
11408,2024-05-04,505,705
11409,2024-07-06,182,520
11410,2024-05-28,621,646
11411,2024-07-09,300,595
11412,2025-03-31,651,135
11413,2024-11-09,178,82
11414,2024-10-17,977,277
11415,2024-05-07,97,955
11416,2024-10-08,190,297
11417,2024-08-01,652,930
11418,2024-07-14,847,674
11419,2025-03-24,733,648
11420,2024-10-22,915,395
11421,2025-04-27,158,571
11422,2024-11-10,301,320
11423,2024-07-21,130,201
11424,2024-11-01,417,484
11425,2025-03-16,80,252
11426,2025-03-12,290,391
11427,2024-06-27,643,646
11428,2024-12-05,468,63
11429,2024-07-05,945,468
11430,2024-10-22,151,923
11431,2024-08-03,908,448
11432,2024-07-01,761,237
11433,2025-02-21,617,560
11434,2024-09-10,451,180
11435,2024-07-02,567,852
11436,2024-05-31,817,195
11437,2025-01-22,93,779
11438,2025-02-23,518,927
11439,2025-04-15,669,197
11440,2025-04-11,669,191
11441,2024-05-30,424,861
11442,2024-11-05,676,821
11443,2025-01-28,568,499
11444,2025-04-13,645,283
11445,2024-07-23,117,961
11446,2025-03-31,258,80
11447,2025-02-24,250,232
11448,2024-11-15,838,187
11449,2024-08-08,929,708
11450,2025-04-01,249,361
11451,2024-09-06,862,467
11452,2025-03-12,554,371
11453,2024-07-27,36,384
11454,2024-06-30,608,892
11455,2024-10-15,402,711
11456,2025-01-10,932,993
11457,2025-03-01,725,43
11458,2024-05-16,60,511
11459,2024-05-01,234,772
11460,2024-08-24,507,822
11461,2024-12-27,600,13
11462,2024-09-21,716,452
11463,2025-03-24,679,248
11464,2024-10-12,363,204
11465,2024-12-18,419,411
11466,2024-12-29,759,790
11467,2024-12-17,269,270
11468,2025-01-23,826,6
11469,2024-08-15,899,966
11470,2025-01-05,728,568
11471,2024-09-28,791,311
11472,2024-06-07,505,5
11473,2025-04-18,233,754
11474,2025-04-30,254,733
11475,2024-07-16,250,983
11476,2025-01-07,702,618
11477,2024-07-22,888,420
11478,2024-05-06,326,182
11479,2024-10-25,285,409
11480,2025-01-05,532,493
11481,2024-09-22,609,262
11482,2025-04-14,39,162
11483,2024-10-13,47,372
11484,2025-02-08,688,706
11485,2024-10-31,234,780
11486,2024-06-14,905,874
11487,2024-06-24,836,882
11488,2024-12-04,637,544
11489,2024-08-09,628,856
11490,2025-02-04,91,541
11491,2025-03-23,94,27
11492,2025-04-20,382,595
11493,2024-08-20,119,950
11494,2024-11-06,319,697
11495,2024-06-03,653,666
11496,2024-06-15,200,379
11497,2024-09-04,144,872
11498,2024-09-14,715,329
11499,2025-02-09,452,690
11500,2024-06-24,378,394
11501,2024-10-06,396,72
11502,2024-09-30,321,621
11503,2024-06-13,547,801
11504,2024-10-31,825,94
11505,2024-06-26,616,669
11506,2024-10-29,197,886
11507,2025-02-23,376,733
11508,2024-09-29,449,28
11509,2024-05-03,284,541
11510,2024-11-05,404,986
11511,2024-09-14,109,830
11512,2025-02-16,96,639
11513,2024-12-04,964,948
11514,2025-04-06,659,519
11515,2024-05-03,621,897
11516,2025-02-28,21,317
11517,2024-06-03,968,832
11518,2024-09-28,640,255
11519,2025-04-28,667,201
11520,2024-05-02,605,288
11521,2024-12-15,383,489
11522,2025-03-31,195,191
11523,2025-02-25,678,454
11524,2025-03-28,516,188
11525,2024-09-21,962,361
11526,2024-10-30,365,489
11527,2024-09-26,629,819
11528,2024-09-28,147,868
11529,2025-01-22,660,510
11530,2025-04-10,115,708
11531,2024-07-17,905,38
11532,2024-11-15,690,607
11533,2024-08-29,281,274
11534,2024-12-02,106,293
11535,2025-02-25,546,765
11536,2024-05-18,467,247
11537,2024-12-03,285,568
11538,2025-04-28,721,715
11539,2024-05-04,634,203
11540,2025-01-30,636,707
11541,2024-09-20,869,819
11542,2024-06-12,814,571
11543,2024-11-07,179,701
11544,2025-04-19,894,834
11545,2024-09-11,530,135
11546,2024-10-11,352,18
11547,2024-07-05,642,150
11548,2024-07-18,497,561
11549,2025-04-16,951,352
11550,2024-12-20,296,866
11551,2024-09-05,192,447
11552,2025-03-22,320,387
11553,2024-06-04,920,575
11554,2025-02-07,739,388
11555,2024-07-16,549,634
11556,2024-06-22,314,76
11557,2024-07-04,302,436
11558,2024-10-26,262,837
11559,2025-04-28,715,539
11560,2024-05-30,405,616
11561,2025-03-22,274,980
11562,2025-03-04,461,949
11563,2025-01-28,145,733
11564,2024-05-21,234,452
11565,2025-03-25,550,179
11566,2024-11-20,419,808
11567,2024-10-07,127,789
11568,2024-11-01,125,203
11569,2025-04-04,610,635
11570,2025-03-12,409,87
11571,2025-01-03,658,626
11572,2025-02-02,343,981
11573,2024-12-14,700,665
11574,2024-05-27,585,444
11575,2024-12-20,725,92
11576,2024-06-04,677,80
11577,2024-07-04,783,143
11578,2024-11-25,889,444
11579,2024-07-20,722,382
11580,2025-01-08,698,207
11581,2024-12-04,934,279
11582,2024-06-12,757,747
11583,2025-03-02,554,305
11584,2024-08-25,190,90
11585,2025-04-25,275,870
11586,2025-02-18,335,449
11587,2024-08-19,423,808
11588,2024-06-29,638,183
11589,2024-10-06,584,717
11590,2024-12-21,761,105
11591,2024-12-08,446,135
11592,2024-10-30,188,361
11593,2024-12-28,571,489
11594,2024-12-27,138,529
11595,2025-02-12,239,917
11596,2024-11-29,58,30
11597,2024-12-28,905,158
11598,2024-12-27,252,813
11599,2024-08-28,581,683
11600,2025-04-07,658,902
11601,2024-09-21,841,262
11602,2024-10-04,772,56
11603,2025-03-01,574,34
11604,2025-03-09,616,11
11605,2024-10-12,214,853
11606,2025-01-30,242,755
11607,2024-05-11,865,843
11608,2025-03-04,818,898
11609,2024-08-19,971,953
11610,2025-01-11,513,327
11611,2025-04-16,548,554
11612,2024-05-27,278,211
11613,2024-08-09,789,794
11614,2025-01-24,855,990
11615,2025-03-29,934,243
11616,2025-04-17,126,906
11617,2024-10-22,325,324
11618,2024-12-13,869,992
11619,2025-03-03,302,669
11620,2025-03-14,425,276
11621,2024-08-10,755,539
11622,2025-04-21,345,916
11623,2024-09-14,365,946
11624,2025-03-14,666,135
11625,2024-07-09,134,641
11626,2024-12-12,576,61
11627,2025-04-14,85,395
11628,2024-06-22,451,181
11629,2024-05-03,114,575
11630,2024-06-23,482,466
11631,2024-12-17,294,987
11632,2024-10-18,163,706
11633,2024-05-25,561,443
11634,2024-08-14,374,445
11635,2024-12-14,451,483
11636,2024-11-08,875,423
11637,2024-05-19,862,469
11638,2024-10-28,564,150
11639,2024-08-15,900,612
11640,2024-10-29,769,247
11641,2025-04-23,739,488
11642,2024-05-15,554,779
11643,2024-06-30,553,795
11644,2024-12-16,886,116
11645,2025-04-19,861,866
11646,2024-06-15,632,827
11647,2024-09-14,653,688
11648,2024-04-30,275,977
11649,2025-01-13,273,381
11650,2024-10-14,759,277
11651,2024-07-25,684,496
11652,2024-10-07,473,30
11653,2024-07-13,565,870
11654,2025-01-20,844,700
11655,2024-10-27,239,508
11656,2024-06-07,243,288
11657,2025-02-15,702,153
11658,2024-05-27,188,440
11659,2024-05-09,880,355
11660,2025-03-04,399,28
11661,2024-09-30,665,692
11662,2024-08-04,923,464
11663,2025-02-04,744,236
11664,2025-01-31,280,895
11665,2024-10-07,935,275
11666,2025-03-02,336,958
11667,2025-01-27,491,494
11668,2025-02-12,387,163
11669,2025-03-10,530,79
11670,2024-11-03,807,805
11671,2024-06-05,995,100
11672,2024-05-06,193,567
11673,2025-03-23,912,685
11674,2024-05-27,582,55
11675,2024-05-19,69,952
11676,2025-04-26,725,51
11677,2025-04-27,238,980
11678,2024-08-25,746,808
11679,2024-10-10,966,994
11680,2025-04-11,175,446
11681,2024-07-06,636,369
11682,2024-06-17,877,786
11683,2024-09-13,889,423
11684,2025-04-22,512,251
11685,2024-06-30,73,375
11686,2025-04-08,166,808
11687,2024-06-12,654,151
11688,2025-02-18,941,514
11689,2025-04-10,596,988
11690,2025-01-20,283,430
11691,2024-11-04,194,807
11692,2025-04-12,452,935
11693,2024-09-14,831,343
11694,2025-03-06,339,104
11695,2024-06-18,395,64
11696,2024-11-24,929,354
11697,2024-08-03,962,542
11698,2024-12-09,646,648
11699,2025-01-12,655,268
11700,2024-08-27,997,684
11701,2025-03-22,280,396
11702,2024-11-04,569,94
11703,2024-09-05,53,20
11704,2024-09-23,239,22
11705,2024-09-20,941,398
11706,2024-12-20,48,514
11707,2025-02-18,328,873
11708,2024-08-25,374,333
11709,2024-10-18,114,707
11710,2024-10-09,969,49
11711,2024-07-23,961,793
11712,2024-05-01,942,306
11713,2025-03-24,512,450
11714,2025-02-06,286,171
11715,2025-03-20,600,389
11716,2024-11-23,577,422
11717,2024-12-29,715,209
11718,2025-01-19,602,490
11719,2025-02-28,141,308
11720,2024-07-06,699,602
11721,2024-05-03,837,416
11722,2024-08-16,494,751
11723,2024-12-01,906,113
11724,2025-01-02,518,647
11725,2024-12-01,728,732
11726,2024-05-18,155,202
11727,2024-12-20,956,840
11728,2025-04-19,737,422
11729,2024-12-03,30,536
11730,2024-11-17,362,332
11731,2024-07-10,972,544
11732,2024-05-17,716,500
11733,2024-12-25,110,166
11734,2025-03-18,999,579
11735,2025-03-07,129,353
11736,2025-01-07,132,648
11737,2024-05-30,699,95
11738,2024-05-26,66,540
11739,2025-04-16,912,357
11740,2025-03-29,89,327
11741,2024-05-16,833,532
11742,2025-02-03,599,125
11743,2024-10-14,611,575
11744,2024-06-21,313,277
11745,2025-01-02,487,765
11746,2025-01-01,941,317
11747,2024-05-08,817,992
11748,2024-09-19,720,965
11749,2025-01-24,857,189
11750,2024-07-06,368,778
11751,2024-08-21,444,369
11752,2024-06-02,233,791
11753,2025-02-08,278,704
11754,2025-04-28,307,723
11755,2025-01-05,696,999
11756,2025-01-20,205,961
11757,2024-10-21,876,195
11758,2024-07-09,779,107
11759,2024-12-10,517,527
11760,2025-01-02,464,764
11761,2024-08-29,394,896
11762,2024-05-27,333,386
11763,2024-07-18,517,796
11764,2024-08-16,911,299
11765,2025-01-13,840,551
11766,2024-06-04,582,446
11767,2024-11-12,345,644
11768,2024-11-23,830,745
11769,2025-03-11,479,709
11770,2024-07-03,161,112
11771,2024-06-19,109,659
11772,2024-07-26,862,253
11773,2024-09-26,361,960
11774,2025-02-27,198,484
11775,2025-01-26,494,681
11776,2024-05-29,261,907
11777,2024-05-06,818,790
11778,2025-03-25,813,536
11779,2024-08-27,101,470
11780,2025-01-09,113,817
11781,2024-11-14,386,79
11782,2024-08-20,312,663
11783,2024-12-09,20,770
11784,2024-07-09,371,261
11785,2024-09-22,623,122
11786,2024-10-26,554,826
11787,2025-03-03,104,1
11788,2025-01-07,345,160
11789,2024-10-24,849,154
11790,2024-10-09,872,587
11791,2024-07-02,493,464
11792,2024-10-31,721,280
11793,2024-10-06,489,318
11794,2025-02-22,125,185
11795,2024-05-23,896,975
11796,2024-06-16,413,214
11797,2025-04-21,852,166
11798,2025-01-06,101,453
11799,2024-11-25,393,37
11800,2025-01-29,547,726
11801,2025-04-24,284,181
11802,2024-08-12,722,218
11803,2024-10-01,889,882
11804,2024-05-26,781,153
11805,2024-12-24,996,222
11806,2024-08-12,839,111
11807,2024-05-04,846,880
11808,2024-06-15,368,295
11809,2025-02-08,624,76
11810,2024-07-07,821,283
11811,2024-08-09,512,395
11812,2024-07-30,741,60
11813,2025-01-02,625,837
11814,2024-05-28,416,414
11815,2024-07-05,128,725
11816,2025-03-15,885,772
11817,2024-09-09,1000,310
11818,2024-11-17,950,396
11819,2025-02-11,419,857
11820,2024-06-29,428,773
11821,2025-03-10,692,349
11822,2025-02-05,107,884
11823,2025-03-26,805,865
11824,2024-12-02,936,492
11825,2025-03-05,340,318
11826,2024-05-12,269,619
11827,2024-11-27,808,707
11828,2024-10-08,668,959
11829,2024-11-10,131,678
11830,2024-08-25,446,898
11831,2025-04-30,701,313
11832,2024-12-08,126,515
11833,2025-02-08,161,458
11834,2025-03-27,43,370
11835,2024-10-10,250,836
11836,2024-09-06,766,568
11837,2024-07-22,743,600
11838,2024-07-26,7,885
11839,2025-03-31,540,759
11840,2024-07-18,786,963
11841,2025-03-05,671,258
11842,2024-08-07,464,611
11843,2024-08-05,623,227
11844,2024-12-17,939,50
11845,2024-06-25,838,361
11846,2024-05-19,924,882
11847,2024-07-28,980,399
11848,2024-08-29,616,483
11849,2024-05-03,429,994
11850,2024-05-12,897,415
11851,2025-01-15,247,875
11852,2024-05-30,952,923
11853,2024-10-01,700,57
11854,2024-05-21,252,352
11855,2025-03-15,411,935
11856,2024-12-26,267,362
11857,2024-08-12,261,5
11858,2024-07-10,303,26
11859,2024-05-15,377,432
11860,2024-07-02,26,786
11861,2024-07-10,571,638
11862,2025-03-25,161,707
11863,2024-07-01,151,343
11864,2024-11-01,718,263
11865,2024-05-31,858,183
11866,2024-11-04,816,617
11867,2024-05-06,846,902
11868,2024-09-28,729,184
11869,2025-04-11,487,755
11870,2024-07-07,660,52
11871,2024-05-05,518,18
11872,2024-05-10,769,747
11873,2024-06-03,304,365
11874,2024-05-24,259,794
11875,2024-12-25,422,69
11876,2025-03-20,864,569
11877,2025-02-05,929,374
11878,2024-06-18,653,537
11879,2025-04-03,136,11
11880,2025-03-30,585,417
11881,2024-07-24,79,227
11882,2025-03-02,856,60
11883,2024-11-17,90,173
11884,2024-11-04,551,106
11885,2024-08-21,543,233
11886,2025-04-10,724,850
11887,2024-12-26,133,337
11888,2025-02-04,238,309
11889,2024-06-01,625,996
11890,2024-06-25,403,96
11891,2024-07-30,697,752
11892,2024-09-22,635,112
11893,2024-12-31,30,621
11894,2024-10-25,144,490
11895,2025-01-24,344,545
11896,2024-09-05,35,244
11897,2024-10-23,745,13
11898,2024-09-21,802,62
11899,2024-10-17,926,134
11900,2024-09-08,738,703
11901,2025-02-22,378,5
11902,2025-01-03,806,861
11903,2024-10-15,629,290
11904,2024-06-03,243,933
11905,2025-03-28,993,926
11906,2025-03-03,565,962
11907,2024-10-09,77,29
11908,2025-04-17,436,585
11909,2024-08-25,442,751
11910,2024-11-11,221,453
11911,2024-09-23,160,827
11912,2024-09-28,911,877
11913,2025-01-25,597,619
11914,2024-09-06,914,402
11915,2025-02-27,919,222
11916,2024-08-19,512,438
11917,2024-05-09,679,138
11918,2024-05-02,380,700
11919,2024-09-04,12,836
11920,2025-02-11,697,392
11921,2024-07-07,864,242
11922,2025-04-08,552,419
11923,2024-10-16,789,949
11924,2025-02-23,510,896
11925,2024-09-04,567,118
11926,2025-03-24,407,481
11927,2024-09-11,564,813
11928,2024-09-21,888,479
11929,2024-05-12,408,210
11930,2024-08-25,410,299
11931,2025-04-13,440,603
11932,2024-07-28,340,444
11933,2024-09-19,941,840
11934,2024-05-09,933,957
11935,2024-09-09,535,76
11936,2024-09-07,820,328
11937,2025-03-18,634,840
11938,2024-06-18,599,318
11939,2024-12-25,806,480
11940,2024-10-18,990,430
11941,2024-06-24,768,57
11942,2025-03-21,573,212
11943,2025-04-22,560,536
11944,2024-11-04,413,887
11945,2025-04-08,478,849
11946,2024-11-06,1000,9
11947,2024-12-05,337,399
11948,2024-11-21,754,44
11949,2025-02-26,13,962
11950,2024-08-10,100,761
11951,2024-07-28,294,646
11952,2024-10-23,841,615
11953,2024-10-10,726,873
11954,2025-03-06,594,228
11955,2024-07-14,794,680
11956,2024-12-17,639,894
11957,2024-06-23,586,457
11958,2024-10-17,904,725
11959,2024-08-28,477,56
11960,2025-04-14,215,392
11961,2025-01-19,753,207
11962,2025-04-20,282,684
11963,2024-04-30,309,686
11964,2024-06-14,297,182
11965,2025-02-19,829,889
11966,2024-05-21,791,996
11967,2024-10-09,411,195
11968,2024-05-29,625,87
11969,2024-04-30,28,694
11970,2024-06-02,117,739
11971,2025-03-25,465,669
11972,2024-08-30,931,529
11973,2025-02-25,915,861
11974,2025-03-14,330,319
11975,2024-06-30,550,48
11976,2024-09-18,6,88
11977,2024-08-01,47,140
11978,2024-08-25,359,398
11979,2024-11-06,972,624
11980,2024-05-08,848,409
11981,2025-02-24,287,171
11982,2024-07-27,807,199
11983,2025-01-15,224,943
11984,2024-05-01,558,326
11985,2025-04-10,215,997
11986,2024-06-19,492,861
11987,2025-02-24,600,761
11988,2024-08-25,825,229
11989,2025-04-28,354,167
11990,2025-04-30,700,508
11991,2025-01-17,941,808
11992,2025-02-04,451,280
11993,2024-06-28,770,669
11994,2025-03-08,317,549
11995,2024-05-11,813,285
11996,2024-11-10,606,917
11997,2024-12-25,400,368
11998,2024-10-03,426,247
11999,2024-08-08,707,815
12000,2025-02-05,419,838
12001,2024-07-11,805,842
12002,2025-02-05,328,378
12003,2024-08-23,872,436
12004,2024-05-07,199,689
12005,2024-09-02,145,851
12006,2024-06-09,92,386
12007,2024-12-19,565,792
12008,2024-11-30,534,393
12009,2024-06-26,219,471
12010,2024-08-20,44,736
12011,2024-10-26,126,139
12012,2024-05-18,949,180
12013,2024-06-29,506,261
12014,2024-08-28,908,113
12015,2024-10-08,508,438
12016,2024-06-17,888,939
12017,2025-01-28,323,708
12018,2024-07-18,836,529
12019,2025-04-06,180,613
12020,2024-09-12,37,624
12021,2024-06-06,163,16
12022,2024-10-02,37,469
12023,2024-09-21,279,126
12024,2025-04-25,413,681
12025,2024-09-27,659,834
12026,2024-10-13,228,968
12027,2025-04-19,821,37
12028,2024-09-08,768,727
12029,2024-06-15,74,133
12030,2025-03-08,556,572
12031,2025-02-10,10,569
12032,2024-07-17,183,67
12033,2024-05-16,511,648
12034,2025-02-22,553,125
12035,2024-07-23,16,891
12036,2024-08-01,836,723
12037,2025-02-18,790,263
12038,2024-10-01,677,562
12039,2025-04-20,219,372
12040,2024-11-19,685,922
12041,2024-12-12,745,583
12042,2025-02-24,883,361
12043,2025-02-04,954,366
12044,2025-04-15,809,244
12045,2025-02-28,562,357
12046,2024-06-17,1,397
12047,2024-06-25,311,80
12048,2024-06-25,401,575
12049,2024-06-30,818,820
12050,2024-08-07,530,693
12051,2024-08-28,675,253
12052,2024-12-20,670,303
12053,2024-06-21,635,926
12054,2025-03-30,500,514
12055,2025-04-11,865,169
12056,2024-11-19,901,907
12057,2024-06-17,101,428
12058,2024-09-05,257,186
12059,2024-06-19,339,910
12060,2025-04-25,697,266
12061,2025-03-15,393,470
12062,2024-07-31,420,216
12063,2025-01-31,350,35
12064,2025-02-22,315,934
12065,2024-10-27,736,671
12066,2025-04-23,364,333
12067,2024-10-16,516,352
12068,2024-06-26,174,192
12069,2025-02-15,508,969
12070,2025-03-24,726,265
12071,2024-11-19,553,246
12072,2024-12-20,266,567
12073,2025-02-16,517,84
12074,2025-04-19,76,822
12075,2024-08-03,275,493
12076,2025-02-24,349,230
12077,2024-09-20,503,3
12078,2024-08-31,856,344
12079,2025-01-31,655,812
12080,2025-04-14,67,738
12081,2024-09-22,869,405
12082,2025-02-15,429,230
12083,2025-01-23,171,315
12084,2024-12-11,5,174
12085,2024-05-08,127,644
12086,2024-09-21,795,315
12087,2024-05-02,865,990
12088,2024-08-06,66,961
12089,2024-06-11,705,83
12090,2024-08-02,526,897
12091,2024-10-21,299,743
12092,2024-12-31,998,877
12093,2024-10-16,169,505
12094,2024-07-10,512,857
12095,2024-10-14,82,807
12096,2024-09-29,89,843
12097,2024-10-30,39,783
12098,2024-06-07,762,820
12099,2024-08-28,862,980
12100,2025-02-15,979,253
12101,2024-07-20,847,15
12102,2024-09-11,657,414
12103,2025-03-17,540,559
12104,2025-03-13,408,874
12105,2025-02-03,704,80
12106,2025-01-18,537,920
12107,2025-04-11,430,521
12108,2024-05-29,467,994
12109,2025-04-08,975,464
12110,2024-12-12,861,513
12111,2025-04-17,20,28
12112,2025-03-07,735,817
12113,2025-01-12,634,579
12114,2024-05-16,583,586
12115,2025-02-08,146,324
12116,2024-10-20,458,687
12117,2024-10-23,272,589
12118,2024-08-29,260,796
12119,2024-11-06,724,106
12120,2024-11-28,603,418
12121,2024-07-20,318,841
12122,2025-01-09,295,616
12123,2024-08-20,738,85
12124,2024-06-27,458,520
12125,2024-08-27,603,713
12126,2024-10-23,629,364
12127,2025-04-08,583,498
12128,2024-09-20,369,101
12129,2024-08-27,15,951
12130,2024-06-20,439,828
12131,2024-05-30,392,541
12132,2024-08-20,538,205
12133,2025-03-22,392,991
12134,2024-04-30,446,472
12135,2024-09-05,586,625
12136,2024-11-29,204,620
12137,2024-05-27,663,988
12138,2025-03-29,323,714
12139,2024-06-28,71,811
12140,2024-09-10,355,140
12141,2024-06-08,573,953
12142,2024-08-17,166,663
12143,2024-09-02,645,500
12144,2024-12-14,482,274
12145,2024-06-11,911,922
12146,2025-02-10,607,479
12147,2024-05-26,855,288
12148,2024-10-22,201,437
12149,2024-07-15,790,590
12150,2024-10-14,865,725
12151,2025-03-27,183,241
12152,2025-02-03,527,601
12153,2025-01-17,362,257
12154,2024-05-19,461,380
12155,2025-01-24,288,712
12156,2025-04-04,943,385
12157,2024-08-06,42,24
12158,2025-02-24,356,783
12159,2024-05-26,336,721
12160,2025-01-29,861,475
12161,2025-01-29,865,397
12162,2024-07-27,670,98
12163,2025-01-11,669,554
12164,2024-12-16,502,577
12165,2024-10-23,938,531
12166,2024-06-02,579,303
12167,2024-09-09,479,813
12168,2024-05-28,381,665
12169,2024-09-09,159,140
12170,2024-09-17,263,577
12171,2024-05-02,588,978
12172,2024-08-06,314,293
12173,2024-07-12,6,814
12174,2024-09-22,415,969
12175,2025-04-26,489,749
12176,2024-08-31,925,588
12177,2024-11-22,718,935
12178,2025-03-01,918,90
12179,2024-06-13,180,960
12180,2024-11-24,917,468
12181,2024-07-22,200,177
12182,2024-09-12,797,763
12183,2025-03-29,894,535
12184,2025-01-23,386,857
12185,2025-04-24,902,885
12186,2025-01-06,304,606
12187,2024-06-23,149,593
12188,2024-12-15,68,976
12189,2025-01-23,278,123
12190,2025-04-13,26,871
12191,2025-02-21,596,585
12192,2025-03-08,784,444
12193,2024-12-22,454,767
12194,2024-05-02,404,827
12195,2024-06-19,354,293
12196,2024-12-22,452,268
12197,2024-08-31,55,954
12198,2025-02-12,715,812
12199,2024-12-10,800,177
12200,2024-09-08,933,367
12201,2024-12-04,724,209
12202,2025-02-24,598,700
12203,2024-06-11,240,747
12204,2024-08-29,830,916
12205,2025-02-20,573,545
12206,2024-09-15,106,929
12207,2024-10-25,125,49
12208,2024-05-22,199,824
12209,2025-02-10,912,325
12210,2024-06-12,321,582
12211,2024-09-28,5,302
12212,2025-03-30,89,425
12213,2024-07-17,663,629
12214,2024-10-19,270,41
12215,2025-01-23,983,757
12216,2025-04-14,688,79
12217,2024-06-05,136,608
12218,2024-11-11,495,26
12219,2024-06-30,224,402
12220,2024-06-08,144,22
12221,2024-12-15,641,785
12222,2024-06-03,980,722
12223,2024-12-05,784,232
12224,2025-01-13,490,885
12225,2024-07-08,823,292
12226,2024-05-13,726,986
12227,2025-04-19,210,370
12228,2024-10-10,604,546
12229,2024-05-19,673,521
12230,2025-04-07,186,906
12231,2024-11-22,153,834
12232,2024-08-07,975,705
12233,2025-02-19,221,77
12234,2024-11-24,973,18
12235,2024-09-09,991,333
12236,2024-09-01,527,128
12237,2024-05-28,134,845
12238,2024-12-04,292,770
12239,2024-09-11,52,708
12240,2025-01-02,853,186
12241,2024-10-31,345,502
12242,2024-12-04,244,356
12243,2024-06-22,763,226
12244,2025-02-16,794,950
12245,2024-05-05,786,936
12246,2025-04-07,982,547
12247,2025-04-13,275,628
12248,2025-03-18,711,248
12249,2024-05-02,750,820
12250,2024-08-13,918,256
12251,2024-06-10,929,443
12252,2024-12-19,732,443
12253,2025-03-24,191,23
12254,2024-07-30,986,961
12255,2024-06-13,297,146
12256,2024-07-22,877,996
12257,2025-01-16,23,83
12258,2024-05-19,234,789
12259,2024-05-18,375,702
12260,2024-10-07,442,144
12261,2025-01-29,468,481
12262,2025-01-12,727,668
12263,2024-08-02,379,537
12264,2024-08-31,312,246
12265,2024-11-30,122,594
12266,2024-09-12,503,73
12267,2025-02-28,80,213
12268,2024-12-06,902,920
12269,2025-02-23,702,717
12270,2024-11-18,111,526
12271,2025-01-15,482,529
12272,2024-12-13,456,854
12273,2025-04-01,942,575
12274,2024-05-11,369,758
12275,2024-05-04,634,233
12276,2024-08-02,916,290
12277,2025-01-22,932,391
12278,2025-03-01,108,224
12279,2025-02-04,315,69
12280,2025-04-12,944,672
12281,2024-05-17,636,569
12282,2024-11-12,863,755
12283,2024-08-28,793,505
12284,2024-10-27,598,908
12285,2025-04-13,661,374
12286,2024-12-03,301,761
12287,2024-05-20,588,155
12288,2024-07-20,932,524
12289,2025-01-06,288,50
12290,2024-08-05,72,141
12291,2024-06-06,542,476
12292,2024-05-16,158,134
12293,2024-08-18,288,925
12294,2025-02-28,636,265
12295,2025-03-23,956,31
12296,2024-12-20,849,905
12297,2025-03-09,380,493
12298,2024-07-09,152,324
12299,2025-01-09,695,151
12300,2025-04-02,115,318
12301,2024-06-05,956,759
12302,2025-01-06,854,894
12303,2024-05-10,625,635
12304,2025-04-21,351,95
12305,2025-03-05,854,2
12306,2024-11-18,315,914
12307,2024-08-07,501,513
12308,2024-11-03,279,716
12309,2025-02-22,851,127
12310,2024-08-18,259,555
12311,2025-03-18,743,36
12312,2024-09-22,826,735
12313,2024-09-30,132,845
12314,2024-09-18,411,868
12315,2025-04-27,92,701
12316,2025-04-02,239,334
12317,2024-09-20,649,738
12318,2024-06-20,3,709
12319,2024-06-22,721,300
12320,2025-01-12,456,843
12321,2024-06-16,270,112
12322,2024-11-20,196,543
12323,2024-08-14,961,740
12324,2025-02-12,299,471
12325,2024-10-13,614,607
12326,2024-08-09,483,155
12327,2024-12-17,239,421
12328,2024-07-23,285,947
12329,2025-01-28,826,115
12330,2024-08-20,653,631
12331,2024-11-10,809,630
12332,2024-07-22,266,494
12333,2025-01-04,49,303
12334,2024-07-14,895,474
12335,2024-10-23,927,36
12336,2024-09-07,291,735
12337,2024-07-10,187,60
12338,2024-07-04,206,503
12339,2024-12-03,269,960
12340,2024-08-21,650,547
12341,2024-06-22,269,148
12342,2024-05-12,240,452
12343,2025-04-05,666,406
12344,2024-05-08,879,146
12345,2024-07-05,633,468
12346,2025-02-25,173,91
12347,2024-08-26,206,250
12348,2024-07-13,97,424
12349,2024-12-06,692,314
12350,2024-12-03,505,269
12351,2024-05-27,889,202
12352,2024-07-08,6,97
12353,2024-07-20,235,40
12354,2024-10-31,433,98
12355,2024-06-17,272,612
12356,2024-05-30,274,255
12357,2024-09-13,736,10
12358,2024-10-27,779,233
12359,2024-05-07,126,268
12360,2025-02-27,909,496
12361,2024-10-06,610,608
12362,2024-10-04,229,258
12363,2024-09-10,640,518
12364,2024-12-21,559,992
12365,2024-12-15,558,997
12366,2025-04-23,135,455
12367,2024-06-03,577,645
12368,2024-06-18,200,299
12369,2024-10-23,291,421
12370,2025-03-02,367,92
12371,2025-02-18,496,128
12372,2025-01-26,804,258
12373,2024-07-10,897,365
12374,2025-02-03,423,474
12375,2024-06-22,533,671
12376,2024-07-06,165,647
12377,2025-02-09,400,414
12378,2025-01-17,669,988
12379,2025-02-26,309,951
12380,2024-06-15,558,505
12381,2024-08-05,208,296
12382,2024-10-06,495,731
12383,2024-05-05,898,356
12384,2025-03-15,367,986
12385,2025-01-09,244,15
12386,2024-11-22,359,206
12387,2024-10-13,181,460
12388,2024-09-17,162,607
12389,2024-05-27,141,197
12390,2025-01-02,668,942
12391,2024-08-22,619,208
12392,2025-04-07,524,476
12393,2025-02-14,668,434
12394,2025-02-27,699,534
12395,2024-06-30,461,606
12396,2024-11-20,957,916
12397,2024-10-04,419,13
12398,2025-02-11,593,665
12399,2025-04-22,164,579
12400,2024-11-06,807,891
12401,2024-11-20,565,760
12402,2024-12-20,625,92
12403,2024-11-23,93,643
12404,2024-12-27,467,32
12405,2024-10-12,342,889
12406,2025-01-03,441,881
12407,2024-11-13,663,2
12408,2025-02-17,623,117
12409,2025-01-30,159,76
12410,2025-01-30,884,482
12411,2024-12-27,394,561
12412,2025-01-07,971,85
12413,2024-10-17,476,504
12414,2025-03-25,380,466
12415,2024-07-30,877,209
12416,2025-01-09,284,17
12417,2024-10-06,39,372
12418,2025-04-14,616,913
12419,2024-06-14,623,210
12420,2024-10-22,451,462
12421,2024-07-26,914,550
12422,2024-08-01,845,290
12423,2024-08-22,991,907
12424,2024-10-22,899,3
12425,2024-10-28,586,826
12426,2024-11-14,774,580
12427,2024-06-30,409,603
12428,2024-08-14,436,928
12429,2024-10-20,844,480
12430,2024-09-14,348,185
12431,2025-04-24,718,478
12432,2024-07-21,516,870
12433,2024-09-07,526,294
12434,2025-04-23,264,533
12435,2024-08-11,859,532
12436,2024-11-23,900,754
12437,2024-06-18,202,587
12438,2024-11-16,303,907
12439,2025-01-26,651,207
12440,2024-09-26,348,760
12441,2025-01-12,480,695
12442,2025-04-06,494,89
12443,2024-11-22,990,546
12444,2024-10-16,983,186
12445,2024-06-28,917,441
12446,2024-10-22,997,401
12447,2024-07-31,471,913
12448,2024-05-21,432,333
12449,2024-07-21,406,474
12450,2024-08-03,581,236
12451,2025-04-26,507,923
12452,2024-12-23,686,66
12453,2024-06-17,982,724
12454,2025-02-17,97,324
12455,2024-07-18,935,233
12456,2024-06-10,472,785
12457,2025-02-04,330,332
12458,2024-07-21,168,120
12459,2024-08-30,880,942
12460,2024-10-22,58,44
12461,2024-05-09,118,91
12462,2025-04-03,596,22
12463,2024-06-02,753,123
12464,2024-09-05,308,443
12465,2025-02-01,373,305
12466,2024-07-25,973,625
12467,2025-02-24,614,365
12468,2024-11-27,211,17
12469,2024-08-08,359,470
12470,2024-11-03,795,479
12471,2024-08-06,434,119
12472,2024-08-30,369,495
12473,2024-10-05,457,453
12474,2024-05-01,495,212
12475,2025-03-04,316,799
12476,2025-02-24,659,288
12477,2024-06-10,666,72
12478,2025-03-25,8,270
12479,2025-03-16,840,242
12480,2024-07-27,152,367
12481,2025-02-15,109,707
12482,2024-05-13,767,118
12483,2025-02-18,17,536
12484,2024-07-26,400,243
12485,2024-05-30,671,723
12486,2024-11-16,78,365
12487,2024-11-23,507,993
12488,2024-08-05,513,843
12489,2024-12-26,739,548
12490,2024-06-25,382,894
12491,2024-08-23,173,384
12492,2025-04-30,424,885
12493,2024-04-30,722,89
12494,2025-04-22,330,98
12495,2024-08-19,627,593
12496,2024-07-29,297,908
12497,2025-03-26,211,901
12498,2024-10-25,847,451
12499,2025-01-25,318,903
12500,2025-02-22,739,807
12501,2024-11-05,374,497
12502,2025-03-26,836,205
12503,2025-04-19,89,675
12504,2024-05-23,211,180
12505,2024-08-02,286,500
12506,2025-04-30,609,560
12507,2024-06-01,38,250
12508,2025-01-16,811,3
12509,2024-08-20,720,904
12510,2025-04-13,364,796
12511,2024-07-11,866,334
12512,2024-12-14,829,342
12513,2024-12-09,460,207
12514,2024-11-07,54,179
12515,2025-04-25,813,378
12516,2025-04-03,758,114
12517,2024-06-10,268,217
12518,2024-06-28,687,419
12519,2024-11-28,390,682
12520,2025-01-29,135,713
12521,2024-12-12,362,564
12522,2025-04-27,682,486
12523,2024-09-07,194,196
12524,2025-03-16,971,833
12525,2025-03-30,590,72
12526,2024-05-09,428,657
12527,2024-12-03,26,819
12528,2024-11-14,559,620
12529,2024-07-14,675,129
12530,2024-06-25,218,14
12531,2024-10-16,543,410
12532,2024-10-11,642,433
12533,2024-10-05,417,480
12534,2024-06-29,632,994
12535,2025-01-10,568,724
12536,2024-06-28,621,992
12537,2024-06-15,719,795
12538,2025-02-21,944,601
12539,2024-08-21,195,212
12540,2024-12-15,540,225
12541,2024-11-24,241,998
12542,2025-04-21,32,392
12543,2025-03-09,646,696
12544,2024-07-06,479,598
12545,2024-09-28,493,541
12546,2024-06-18,658,747
12547,2025-04-14,552,800
12548,2024-08-06,210,171
12549,2024-08-21,101,822
12550,2024-12-05,696,723
12551,2025-01-23,160,587
12552,2025-02-20,944,438
12553,2025-03-31,162,756
12554,2024-05-25,123,335
12555,2024-11-19,280,320
12556,2025-01-31,56,213
12557,2024-11-29,846,89
12558,2024-10-23,900,707
12559,2024-06-01,315,600
12560,2024-11-21,211,377
12561,2024-11-25,49,294
12562,2025-02-25,823,978
12563,2024-08-20,992,130
12564,2024-06-11,253,51
12565,2024-08-27,771,72
12566,2024-08-20,983,605
12567,2025-04-22,305,530
12568,2024-07-30,418,661
12569,2024-10-05,637,146
12570,2024-09-07,47,639
12571,2025-03-30,181,67
12572,2025-02-24,232,3
12573,2024-06-25,646,842
12574,2024-10-05,351,662
12575,2024-08-04,110,865
12576,2025-02-13,713,372
12577,2024-09-01,471,468
12578,2024-09-20,870,134
12579,2024-06-05,960,309
12580,2024-07-02,804,367
12581,2024-11-23,977,667
12582,2024-11-26,932,852
12583,2024-05-05,241,317
12584,2024-11-03,308,551
12585,2025-03-08,690,64
12586,2024-12-20,934,738
12587,2025-04-12,719,35
12588,2025-02-06,397,831
12589,2024-07-18,21,796
12590,2024-08-27,271,106
12591,2025-03-02,510,590
12592,2024-05-12,805,757
12593,2024-09-05,372,754
12594,2024-08-27,281,140
12595,2024-10-25,13,960
12596,2024-07-31,799,376
12597,2024-10-03,663,615
12598,2024-09-28,423,518
12599,2024-12-02,406,863
12600,2024-12-10,275,803
12601,2025-03-20,606,789
12602,2024-12-08,966,179
12603,2024-09-29,972,148
12604,2024-06-14,668,312
12605,2024-10-09,828,666
12606,2024-10-27,88,21
12607,2024-08-28,40,459
12608,2024-11-17,816,810
12609,2025-04-11,722,148
12610,2025-04-11,957,367
12611,2024-05-16,237,745
12612,2025-02-03,235,220
12613,2024-07-10,912,486
12614,2024-12-19,130,726
12615,2025-01-07,188,332
12616,2024-07-14,377,999
12617,2024-09-19,322,202
12618,2024-09-28,616,827
12619,2024-10-01,735,442
12620,2024-09-28,488,565
12621,2024-06-14,334,812
12622,2024-05-19,16,588
12623,2024-10-03,955,363
12624,2024-12-21,16,221
12625,2025-01-29,297,572
12626,2024-09-17,735,549
12627,2025-04-11,731,387
12628,2024-05-20,954,691
12629,2024-06-16,394,110
12630,2024-11-30,788,46
12631,2024-12-16,667,342
12632,2024-05-03,90,717
12633,2025-01-03,104,877
12634,2024-06-09,912,457
12635,2024-05-11,834,501
12636,2025-01-02,942,748
12637,2025-02-26,377,543
12638,2025-02-03,153,322
12639,2024-12-21,661,234
12640,2024-12-10,644,419
12641,2024-11-02,932,792
12642,2025-01-03,40,661
12643,2024-10-29,829,637
12644,2024-09-01,912,265
12645,2025-04-23,505,297
12646,2025-03-06,213,262
12647,2024-12-10,86,929
12648,2025-03-26,828,245
12649,2024-10-10,775,493
12650,2024-10-11,707,647
12651,2025-02-07,905,569
12652,2024-07-26,711,239
12653,2025-01-01,763,821
12654,2024-12-12,450,748
12655,2024-11-11,811,727
12656,2024-08-08,846,525
12657,2024-07-05,988,576
12658,2024-11-24,700,82
12659,2025-03-13,110,349
12660,2025-02-17,820,735
12661,2025-03-05,783,979
12662,2024-06-06,806,994
12663,2024-12-06,960,262
12664,2025-01-09,950,685
12665,2024-11-05,749,622
12666,2024-08-12,458,444
12667,2024-07-27,679,538
12668,2024-08-22,49,414
12669,2025-01-22,522,364
12670,2024-09-16,540,584
12671,2025-04-25,553,277
12672,2024-07-09,129,655
12673,2025-03-21,136,148
12674,2024-12-06,455,646
12675,2024-06-07,360,918
12676,2025-02-10,588,190
12677,2025-03-23,827,447
12678,2025-03-20,826,617
12679,2025-03-23,238,480
12680,2025-03-01,193,571
12681,2024-07-01,799,531
12682,2024-09-12,164,637
12683,2024-08-20,597,673
12684,2024-12-25,135,746
12685,2024-07-17,699,222
12686,2024-10-23,353,701
12687,2025-04-14,413,910
12688,2024-10-14,560,103
12689,2024-05-08,686,263
12690,2025-01-14,978,306
12691,2024-09-18,905,828
12692,2025-02-21,316,208
12693,2024-12-07,624,575
12694,2024-10-24,752,261
12695,2024-07-16,508,767
12696,2025-03-02,972,760
12697,2025-02-23,957,203
12698,2024-07-17,814,562
12699,2024-07-12,140,925
12700,2024-06-15,981,368
12701,2024-08-03,116,214
12702,2024-06-21,796,924
12703,2024-10-08,575,786
12704,2024-10-28,904,607
12705,2025-03-15,109,527
12706,2024-05-22,85,853
12707,2024-12-20,690,825
12708,2024-07-23,76,853
12709,2024-08-29,531,411
12710,2025-04-01,601,183
12711,2024-05-01,541,226
12712,2024-08-08,524,343
12713,2024-06-17,313,491
12714,2025-03-12,622,213
12715,2024-05-22,172,975
12716,2025-02-27,204,58
12717,2025-01-09,158,239
12718,2025-03-05,620,256
12719,2024-08-21,753,220
12720,2024-07-18,640,216
12721,2025-04-07,340,565
12722,2024-12-22,451,358
12723,2024-10-29,413,429
12724,2024-05-22,746,983
12725,2024-08-02,622,324
12726,2024-10-10,191,714
12727,2025-01-31,82,435
12728,2024-09-16,660,338
12729,2024-11-26,974,790
12730,2024-06-14,883,673
12731,2025-03-20,581,108
12732,2025-04-22,155,52
12733,2024-08-10,43,880
12734,2025-02-14,718,494
12735,2025-03-21,765,57
12736,2024-08-22,588,194
12737,2024-08-23,514,488
12738,2024-05-13,716,989
12739,2024-09-28,568,971
12740,2024-11-28,862,169
12741,2024-10-28,622,333
12742,2024-08-06,106,757
12743,2025-02-25,22,388
12744,2024-05-07,238,268
12745,2024-11-20,103,283
12746,2025-04-19,382,831
12747,2024-10-07,166,961
12748,2024-07-17,857,531
12749,2024-05-12,526,456
12750,2024-09-21,160,719
12751,2025-01-27,907,619
12752,2025-02-27,845,762
12753,2025-03-16,266,679
12754,2024-05-06,366,967
12755,2024-08-20,348,648
12756,2024-06-25,821,976
12757,2025-01-14,718,376
12758,2024-11-01,931,484
12759,2025-04-28,187,514
12760,2024-07-15,897,843
12761,2025-02-23,840,938
12762,2024-12-23,624,763
12763,2024-07-21,802,828
12764,2025-03-25,770,603
12765,2024-05-24,830,693
12766,2025-04-18,492,744
12767,2024-05-31,706,546
12768,2024-05-01,636,514
12769,2024-10-04,490,51
12770,2024-06-13,439,111
12771,2025-02-21,603,220
12772,2024-11-14,688,41
12773,2025-03-13,818,592
12774,2025-03-03,517,281
12775,2024-09-09,290,714
12776,2024-09-28,117,953
12777,2025-01-29,380,735
12778,2025-04-06,731,348
12779,2025-01-26,901,796
12780,2024-08-26,849,650
12781,2024-11-20,520,785
12782,2024-10-04,793,407
12783,2025-02-24,892,183
12784,2024-07-23,227,493
12785,2025-04-10,943,511
12786,2024-10-26,664,932
12787,2024-09-25,392,315
12788,2024-08-23,819,621
12789,2025-01-15,761,313
12790,2024-05-26,200,948
12791,2024-12-20,220,420
12792,2024-05-13,187,191
12793,2024-08-18,823,389
12794,2024-11-24,57,694
12795,2025-04-25,429,434
12796,2025-03-14,26,238
12797,2024-05-07,283,306
12798,2025-03-29,349,374
12799,2024-05-29,597,924
12800,2024-12-04,311,633
12801,2024-07-03,845,339
12802,2024-09-02,348,830
12803,2024-09-03,439,141
12804,2024-07-17,800,797
12805,2024-11-19,335,136
12806,2025-02-27,697,725
12807,2024-06-01,281,873
12808,2025-02-07,378,208
12809,2024-08-28,699,847
12810,2024-10-01,404,663
12811,2024-08-09,943,311
12812,2025-03-14,152,811
12813,2025-03-12,537,768
12814,2024-11-25,612,249
12815,2025-02-02,761,211
12816,2024-07-08,769,268
12817,2025-03-21,607,215
12818,2024-09-21,698,639
12819,2024-12-07,217,505
12820,2024-10-16,829,611
12821,2024-11-21,432,558
12822,2024-06-28,565,829
12823,2024-08-04,682,293
12824,2025-03-02,565,544
12825,2025-02-21,309,135
12826,2024-12-19,489,714
12827,2024-12-14,774,903
12828,2025-02-21,958,812
12829,2024-06-05,333,297
12830,2024-07-30,506,780
12831,2025-02-18,652,204
12832,2025-01-22,690,152
12833,2025-04-17,264,210
12834,2024-11-26,370,964
12835,2025-01-05,96,461
12836,2025-01-02,640,395
12837,2024-12-04,720,888
12838,2024-10-22,58,333
12839,2024-11-13,278,628
12840,2024-08-16,841,302
12841,2024-09-10,33,248
12842,2024-10-26,290,93
12843,2024-11-16,826,196
12844,2024-11-26,333,372
12845,2025-02-12,220,45
12846,2024-05-07,227,632
12847,2024-05-11,562,181
12848,2025-03-28,664,325
12849,2024-09-09,85,412
12850,2024-06-30,122,869
12851,2024-12-05,798,844
12852,2024-07-28,514,178
12853,2025-04-10,389,862
12854,2024-10-18,905,545
12855,2024-08-13,900,449
12856,2024-06-15,545,298
12857,2025-03-21,161,43
12858,2024-06-16,8,992
12859,2024-05-03,329,535
12860,2025-01-17,943,177
12861,2025-04-21,709,470
12862,2024-08-15,683,211
12863,2024-10-13,306,229
12864,2024-07-22,900,970
12865,2025-02-05,423,575
12866,2024-08-17,561,540
12867,2024-07-15,348,426
12868,2024-10-08,461,403
12869,2024-11-01,410,784
12870,2024-06-28,673,695
12871,2024-11-18,232,744
12872,2024-06-13,260,465
12873,2024-09-23,44,348
12874,2024-11-02,941,732
12875,2024-12-01,101,10
12876,2024-05-01,198,729
12877,2024-10-18,141,185
12878,2024-10-14,691,206
12879,2025-03-23,565,773
12880,2024-09-24,664,229
12881,2025-04-08,590,219
12882,2024-07-30,802,189
12883,2024-12-07,807,831
12884,2024-07-12,302,316
12885,2025-02-04,621,394
12886,2025-02-02,240,423
12887,2024-11-21,19,901
12888,2024-10-04,636,206
12889,2024-06-28,648,947
12890,2024-10-23,727,550
12891,2024-12-28,835,778
12892,2024-06-28,716,390
12893,2024-12-18,56,644
12894,2025-03-02,849,106
12895,2024-12-20,336,552
12896,2024-07-14,875,643
12897,2024-08-12,774,553
12898,2025-03-28,42,599
12899,2024-06-18,147,210
12900,2024-09-17,688,447
12901,2024-08-12,672,729
12902,2025-03-17,697,837
12903,2024-12-18,640,737
12904,2024-12-23,586,140
12905,2025-04-19,107,219
12906,2025-02-09,214,241
12907,2024-07-26,312,236
12908,2025-04-12,714,161
12909,2025-01-24,435,137
12910,2025-02-06,82,315
12911,2024-06-21,741,841
12912,2024-08-30,610,138
12913,2024-10-10,592,262
12914,2024-08-30,681,450
12915,2024-08-29,270,385
12916,2024-06-08,680,331
12917,2025-02-28,770,868
12918,2024-05-14,513,265
12919,2025-02-08,991,574
12920,2024-09-20,187,798
12921,2025-02-13,43,128
12922,2025-03-30,247,428
12923,2024-10-11,165,64
12924,2025-03-09,757,806
12925,2024-11-24,177,204
12926,2024-08-13,736,624
12927,2024-12-08,685,810
12928,2025-04-08,874,534
12929,2024-11-07,771,329
12930,2024-06-02,435,327
12931,2025-01-06,152,969
12932,2025-02-10,517,489
12933,2024-05-22,23,519
12934,2024-08-22,566,79
12935,2025-03-17,928,870
12936,2024-12-16,704,609
12937,2025-01-16,857,31
12938,2025-02-04,67,62
12939,2024-10-15,89,265
12940,2024-06-09,48,926
12941,2024-08-10,716,854
12942,2024-06-01,728,664
12943,2025-02-28,556,515
12944,2024-09-10,322,384
12945,2024-05-22,465,116
12946,2024-05-22,982,729
12947,2024-07-09,61,584
12948,2025-01-25,88,301
12949,2025-01-08,409,518
12950,2024-05-18,239,756
12951,2025-03-13,720,945
12952,2024-05-12,981,239
12953,2024-05-30,450,788
12954,2024-05-27,962,793
12955,2024-11-14,508,690
12956,2025-04-15,704,104
12957,2025-02-15,284,985
12958,2024-05-27,794,95
12959,2025-01-01,537,532
12960,2024-06-01,638,267
12961,2024-04-30,992,60
12962,2024-10-21,114,953
12963,2024-06-22,32,1000
12964,2024-11-05,846,979
12965,2025-01-21,610,492
12966,2025-01-07,647,336
12967,2024-08-18,435,715
12968,2024-11-22,619,15
12969,2024-11-26,146,292
12970,2025-04-13,787,337
12971,2024-06-14,155,179
12972,2025-03-09,928,688
12973,2024-10-24,793,639
12974,2025-01-14,13,654
12975,2024-10-19,824,250
12976,2024-09-08,804,287
12977,2024-05-12,735,925
12978,2024-12-18,50,677
12979,2024-10-17,34,797
12980,2024-06-25,69,779
12981,2025-02-19,709,646
12982,2025-02-05,764,598
12983,2024-06-21,547,485
12984,2025-04-19,249,734
12985,2024-08-30,958,463
12986,2025-02-28,669,534
12987,2024-12-25,193,666
12988,2025-01-02,968,485
12989,2024-08-19,573,434
12990,2024-10-29,820,719
12991,2024-08-31,893,531
12992,2024-06-17,977,175
12993,2024-09-24,164,233
12994,2024-07-07,164,439
12995,2024-07-21,184,2
12996,2024-10-07,980,944
12997,2024-11-05,123,318
12998,2024-08-26,547,784
12999,2025-04-18,858,542
13000,2024-11-12,159,48
13001,2024-05-02,813,624
13002,2024-12-16,849,459
13003,2024-07-18,921,518
13004,2025-03-05,515,52
13005,2025-01-09,919,381
13006,2024-11-20,860,229
13007,2025-02-16,621,962
13008,2025-04-26,284,782
13009,2024-07-08,930,666
13010,2025-04-17,12,509
13011,2025-02-04,152,915
13012,2025-03-20,815,5
13013,2025-02-24,589,645
13014,2025-04-26,9,575
13015,2024-10-23,257,978
13016,2025-04-06,901,584
13017,2024-12-19,476,524
13018,2025-04-27,914,783
13019,2024-08-09,940,62
13020,2024-08-28,397,148
13021,2024-11-13,501,847
13022,2024-08-18,209,276
13023,2025-03-14,288,897
13024,2025-03-30,861,358
13025,2024-05-23,644,962
13026,2025-01-03,623,866
13027,2024-08-16,254,338
13028,2025-03-10,773,586
13029,2024-08-27,347,199
13030,2024-12-03,845,102
13031,2024-08-21,141,372
13032,2024-12-07,208,954
13033,2024-11-28,294,13
13034,2024-11-19,812,521
13035,2024-12-24,108,30
13036,2024-05-12,989,299
13037,2024-11-09,543,74
13038,2025-03-04,185,682
13039,2024-09-15,749,347
13040,2025-03-19,964,394
13041,2024-06-25,680,789
13042,2024-12-24,744,704
13043,2025-03-18,276,20
13044,2024-06-17,742,220
13045,2024-10-05,491,414
13046,2025-04-19,658,660
13047,2025-02-21,996,906
13048,2024-08-28,488,884
13049,2024-10-02,193,116
13050,2025-03-15,353,265
13051,2024-07-24,515,752
13052,2024-10-26,668,979
13053,2024-06-15,686,564
13054,2025-04-19,679,281
13055,2024-08-24,29,428
13056,2024-09-11,847,503
13057,2025-01-23,13,848
13058,2024-07-08,507,779
13059,2025-04-12,819,537
13060,2025-02-05,428,412
13061,2024-12-28,706,755
13062,2024-12-28,702,91
13063,2024-07-19,471,884
13064,2024-12-18,299,954
13065,2025-02-07,181,341
13066,2025-03-12,327,45
13067,2025-02-11,859,714
13068,2024-08-03,996,135
13069,2024-05-09,251,422
13070,2025-03-15,555,54
13071,2025-01-17,398,893
13072,2024-11-21,968,321
13073,2024-11-08,186,742
13074,2024-07-21,765,38
13075,2025-02-23,832,799
13076,2025-03-21,800,268
13077,2025-04-05,16,124
13078,2024-12-20,295,108
13079,2025-04-23,105,298
13080,2024-11-28,342,857
13081,2024-12-03,334,27
13082,2025-01-04,4,256
13083,2024-10-13,498,681
13084,2024-07-11,304,415
13085,2024-12-20,846,744
13086,2024-12-06,188,605
13087,2024-11-23,355,502
13088,2024-09-19,870,114
13089,2024-12-02,56,969
13090,2024-09-29,616,142
13091,2024-06-11,80,12
13092,2024-10-11,87,283
13093,2024-09-02,168,273
13094,2024-11-12,447,21
13095,2024-12-08,106,842
13096,2024-07-18,62,378
13097,2024-05-09,976,767
13098,2025-02-02,93,92
13099,2024-06-22,149,270
13100,2024-07-07,422,521
13101,2024-06-20,117,568
13102,2024-12-05,830,283
13103,2024-10-18,478,564
13104,2025-04-09,428,936
13105,2025-01-05,211,596
13106,2024-05-20,316,838
13107,2024-07-19,468,68
13108,2025-01-12,58,154
13109,2024-10-14,432,659
13110,2024-07-11,726,644
13111,2024-11-11,432,195
13112,2024-07-06,285,824
13113,2024-10-16,743,940
13114,2024-12-22,148,328
13115,2024-07-27,939,831
13116,2024-08-16,605,275
13117,2024-10-27,348,261
13118,2025-04-13,297,899
13119,2024-12-20,111,95
13120,2024-06-03,625,629
13121,2024-10-03,729,115
13122,2024-07-08,496,311
13123,2025-02-07,790,202
13124,2024-11-03,815,52
13125,2024-06-23,788,29
13126,2024-06-28,130,189
13127,2024-05-17,971,339
13128,2024-08-07,23,606
13129,2025-02-21,898,790
13130,2024-08-25,288,170
13131,2024-12-01,721,697
13132,2024-05-10,584,117
13133,2024-09-02,112,459
13134,2024-09-08,561,836
13135,2024-08-29,664,468
13136,2024-11-11,416,496
13137,2025-03-06,77,627
13138,2024-12-03,778,313
13139,2025-04-20,472,606
13140,2024-05-18,903,609
13141,2024-05-02,952,463
13142,2024-09-19,715,265
13143,2024-05-31,411,643
13144,2024-08-03,148,295
13145,2024-11-20,179,982
13146,2024-12-31,932,317
13147,2024-05-03,641,567
13148,2024-12-23,487,418
13149,2025-03-11,899,812
13150,2024-08-02,682,424
13151,2024-07-11,262,474
13152,2024-09-07,435,553
13153,2024-08-11,902,679
13154,2024-11-30,269,227
13155,2024-12-06,933,430
13156,2025-02-28,132,900
13157,2024-05-17,585,715
13158,2024-09-11,319,376
13159,2024-11-23,15,931
13160,2024-05-03,25,333
13161,2024-07-31,362,444
13162,2024-10-08,84,677
13163,2024-08-24,608,344
13164,2024-09-03,540,823
13165,2024-06-19,656,455
13166,2024-06-06,323,400
13167,2024-11-05,205,807
13168,2025-02-22,714,256
13169,2024-10-06,755,871
13170,2024-06-16,780,748
13171,2025-03-19,669,919
13172,2025-01-19,96,246
13173,2024-07-04,892,292
13174,2024-09-14,955,621
13175,2025-03-11,912,138
13176,2024-09-04,452,577
13177,2024-07-01,471,296
13178,2024-11-24,872,660
13179,2025-03-04,287,99
13180,2024-06-22,176,304
13181,2025-03-15,84,756
13182,2024-07-19,339,256
13183,2025-02-09,692,521
13184,2024-10-20,218,684
13185,2024-11-08,880,50
13186,2025-04-03,361,766
13187,2025-02-05,744,929
13188,2025-02-11,862,267
13189,2025-04-13,512,488
13190,2024-07-30,570,310
13191,2025-04-13,709,32
13192,2025-02-26,253,482
13193,2024-05-09,955,650
13194,2024-11-12,820,680
13195,2025-03-20,552,318
13196,2025-01-08,340,900
13197,2024-08-19,599,83
13198,2024-09-29,366,9
13199,2024-08-15,107,541
13200,2024-07-26,271,677
13201,2024-09-26,412,582
13202,2024-05-01,888,988
13203,2024-06-08,674,978
13204,2025-01-27,557,847
13205,2025-03-31,592,677
13206,2025-01-09,178,926
13207,2024-10-27,502,952
13208,2025-01-11,841,893
13209,2025-04-21,734,836
13210,2024-11-10,994,498
13211,2025-01-21,554,598
13212,2024-08-20,816,438
13213,2025-04-01,520,664
13214,2024-08-24,986,263
13215,2024-05-27,442,222
13216,2024-06-17,444,290
13217,2024-11-05,673,360
13218,2025-02-03,681,716
13219,2025-02-10,40,593
13220,2025-03-04,423,694
13221,2024-07-06,42,742
13222,2024-06-24,426,300
13223,2025-04-28,508,421
13224,2025-03-28,508,399
13225,2024-09-11,362,552
13226,2024-08-13,415,341
13227,2024-11-21,545,906
13228,2025-04-04,624,653
13229,2024-05-09,971,997
13230,2025-04-22,21,792
13231,2025-03-13,603,648
13232,2025-01-14,291,271
13233,2024-07-15,757,261
13234,2024-12-29,149,400
13235,2024-07-05,570,763
13236,2024-05-04,598,550
13237,2024-05-15,715,920
13238,2024-11-12,63,765
13239,2024-09-26,985,164
13240,2024-06-03,213,158
13241,2024-06-11,878,208
13242,2025-02-18,632,782
13243,2024-12-05,725,772
13244,2024-10-21,816,598
13245,2025-02-23,478,145
13246,2025-04-10,456,300
13247,2025-04-24,267,390
13248,2024-10-26,358,471
13249,2025-01-24,591,201
13250,2025-03-22,297,331
13251,2024-05-27,158,66
13252,2024-10-31,354,587
13253,2024-05-06,714,778
13254,2024-10-09,177,183
13255,2024-10-14,550,14
13256,2025-03-31,314,530
13257,2024-10-23,367,885
13258,2024-05-12,538,920
13259,2025-01-05,548,785
13260,2024-05-30,201,432
13261,2024-12-09,520,963
13262,2025-04-06,725,957
13263,2024-05-03,126,35
13264,2024-10-08,90,757
13265,2024-07-03,21,808
13266,2025-03-23,337,743
13267,2025-01-25,267,152
13268,2024-08-01,337,496
13269,2024-10-09,117,719
13270,2024-10-19,271,133
13271,2024-10-13,469,524
13272,2024-10-01,746,275
13273,2024-11-16,690,112
13274,2025-03-04,542,296
13275,2024-08-14,696,775
13276,2024-11-06,3,27
13277,2025-03-19,547,395
13278,2024-07-01,500,707
13279,2024-09-25,895,427
13280,2024-08-26,889,554
13281,2025-01-08,793,221
13282,2025-04-09,768,640
13283,2024-11-03,165,988
13284,2024-09-17,910,329
13285,2024-08-11,922,658
13286,2024-11-17,473,71
13287,2024-05-13,960,539
13288,2024-09-27,992,725
13289,2024-12-31,372,869
13290,2024-05-11,54,329
13291,2024-10-16,643,669
13292,2025-02-06,845,483
13293,2025-02-19,996,318
13294,2024-05-09,995,185
13295,2024-12-04,377,965
13296,2024-12-18,251,791
13297,2024-06-06,579,796
13298,2024-11-03,162,975
13299,2024-11-29,354,589
13300,2025-03-14,937,699
13301,2024-12-03,878,789
13302,2025-01-26,302,436
13303,2024-12-06,634,550
13304,2024-08-16,61,906
13305,2024-08-13,230,855
13306,2024-06-05,423,936
13307,2024-08-14,778,590
13308,2025-01-10,756,178
13309,2025-02-26,206,812
13310,2024-09-24,615,281
13311,2024-07-22,430,142
13312,2024-08-29,257,473
13313,2024-11-28,657,271
13314,2025-01-16,768,164
13315,2025-04-19,551,224
13316,2024-10-03,806,105
13317,2024-05-15,713,285
13318,2024-10-11,560,283
13319,2025-03-23,583,20
13320,2024-08-05,165,688
13321,2024-07-01,153,849
13322,2024-10-31,911,299
13323,2025-04-20,40,83
13324,2025-03-22,379,452
13325,2025-03-19,496,987
13326,2024-10-28,814,546
13327,2024-10-02,947,249
13328,2025-04-09,794,810
13329,2024-12-14,36,732
13330,2024-06-24,651,66
13331,2024-08-21,638,542
13332,2025-04-21,769,579
13333,2024-07-06,21,921
13334,2024-12-07,915,811
13335,2024-12-18,91,275
13336,2024-09-14,303,846
13337,2024-07-01,461,942
13338,2024-07-25,271,788
13339,2025-02-05,130,214
13340,2025-03-17,357,464
13341,2024-11-18,711,803
13342,2024-08-19,381,924
13343,2025-03-05,126,786
13344,2024-12-24,640,886
13345,2024-11-30,206,59
13346,2024-11-08,940,638
13347,2025-03-10,179,399
13348,2024-08-25,316,325
13349,2024-06-14,84,438
13350,2025-04-13,533,988
13351,2025-02-07,327,192
13352,2025-04-18,963,597
13353,2025-02-14,382,18
13354,2024-07-30,602,192
13355,2024-12-20,607,703
13356,2025-01-06,884,822
13357,2024-07-06,77,296
13358,2024-05-03,397,405
13359,2024-08-26,543,351
13360,2025-02-22,656,201
13361,2024-07-30,81,933
13362,2024-05-26,848,599
13363,2024-12-29,459,104
13364,2024-07-25,919,139
13365,2024-11-08,100,923
13366,2024-09-02,884,102
13367,2024-11-25,834,518
13368,2024-08-09,378,297
13369,2025-01-19,206,150
13370,2025-03-23,991,861
13371,2024-10-03,254,918
13372,2024-11-22,678,515
13373,2025-01-20,973,21
13374,2025-03-21,917,71
13375,2024-09-09,998,792
13376,2024-08-01,877,227
13377,2024-06-22,810,537
13378,2024-05-04,778,303
13379,2025-01-10,581,905
13380,2025-01-30,852,225
13381,2025-04-12,745,740
13382,2024-05-26,32,429
13383,2025-02-27,561,994
13384,2024-07-09,917,574
13385,2024-05-20,683,136
13386,2025-03-23,899,774
13387,2024-06-26,488,645
13388,2025-03-22,63,191
13389,2024-10-11,233,985
13390,2024-05-26,830,556
13391,2024-08-27,749,813
13392,2025-04-13,653,408
13393,2024-10-26,480,499
13394,2024-09-08,977,506
13395,2024-07-27,586,221
13396,2025-02-08,699,338
13397,2024-12-25,643,608
13398,2024-07-24,924,814
13399,2024-12-21,502,565
13400,2024-10-11,870,540
13401,2025-01-05,513,863
13402,2024-07-20,454,267
13403,2024-10-30,23,451
13404,2025-03-21,704,9
13405,2024-10-08,467,286
13406,2025-01-22,246,109
13407,2025-01-03,608,651
13408,2024-05-04,131,723
13409,2024-07-21,897,695
13410,2024-06-03,819,3
13411,2024-08-08,164,769
13412,2024-10-16,186,555
13413,2024-10-17,389,12
13414,2025-04-25,800,51
13415,2024-10-24,395,323
13416,2024-12-11,578,870
13417,2024-08-21,717,693
13418,2024-07-29,573,938
13419,2024-07-06,842,967
13420,2024-12-05,226,113
13421,2024-12-05,273,139
13422,2025-01-29,170,354
13423,2025-02-21,893,926
13424,2025-01-14,76,122
13425,2024-09-18,988,940
13426,2024-05-03,565,783
13427,2024-10-27,84,628
13428,2024-12-06,778,60
13429,2025-02-09,870,750
13430,2024-06-19,331,618
13431,2024-05-09,527,815
13432,2024-07-22,559,484
13433,2024-05-01,983,651
13434,2024-11-04,815,276
13435,2024-07-21,492,256
13436,2025-02-13,502,747
13437,2024-08-10,690,96
13438,2024-05-29,575,285
13439,2025-04-02,646,724
13440,2025-03-14,115,124
13441,2025-02-23,551,107
13442,2025-02-05,767,72
13443,2024-09-09,89,785
13444,2025-01-03,995,932
13445,2024-06-13,472,394
13446,2024-07-07,341,407
13447,2024-08-08,904,303
13448,2024-12-01,969,259
13449,2025-01-31,544,136
13450,2024-08-27,563,874
13451,2024-07-18,72,165
13452,2025-03-16,559,314
13453,2024-10-09,30,180
13454,2025-02-23,201,899
13455,2025-02-02,176,764
13456,2024-11-22,954,488
13457,2024-10-21,482,754
13458,2024-09-17,247,175
13459,2025-03-18,996,832
13460,2024-11-11,560,832
13461,2024-08-07,249,706
13462,2025-04-21,948,130
13463,2024-05-26,950,957
13464,2024-08-21,690,501
13465,2024-08-08,606,415
13466,2024-05-20,208,711
13467,2024-07-04,180,534
13468,2024-09-13,773,407
13469,2025-01-25,601,381
13470,2024-11-08,582,823
13471,2024-10-15,750,956
13472,2024-05-30,48,57
13473,2024-12-04,720,21
13474,2025-03-03,461,965
13475,2024-11-17,478,209
13476,2024-07-30,854,202
13477,2024-12-03,441,422
13478,2025-03-07,819,743
13479,2024-05-11,855,666
13480,2024-07-31,96,102
13481,2024-09-12,237,3
13482,2024-06-14,474,311
13483,2024-07-01,723,641
13484,2024-07-07,313,880
13485,2025-04-25,70,469
13486,2025-02-13,982,379
13487,2025-02-14,226,743
13488,2025-03-29,462,108
13489,2024-06-02,446,359
13490,2024-11-25,163,38
13491,2024-08-20,422,714
13492,2025-02-15,887,64
13493,2025-03-06,222,169
13494,2024-07-29,526,224
13495,2024-07-25,541,81
13496,2024-11-21,153,286
13497,2025-03-12,549,867
13498,2024-07-20,539,37
13499,2025-04-18,847,757
13500,2024-07-06,869,213
13501,2025-01-18,354,219
13502,2024-07-06,871,84
13503,2024-05-05,786,717
13504,2024-12-13,4,377
13505,2025-04-05,981,923
13506,2024-11-20,532,83
13507,2024-05-16,850,803
13508,2024-05-30,405,487
13509,2024-09-18,611,338
13510,2024-10-10,5,987
13511,2024-06-08,797,196
13512,2024-09-03,553,80
13513,2024-05-18,832,887
13514,2024-11-26,186,258
13515,2024-05-15,355,254
13516,2025-02-22,761,489
13517,2024-10-16,804,949
13518,2025-03-08,200,126
13519,2024-11-23,692,671
13520,2025-04-11,812,941
13521,2024-10-18,457,248
13522,2024-09-03,789,367
13523,2024-06-30,186,818
13524,2024-12-03,477,973
13525,2024-10-27,171,261
13526,2024-07-10,142,628
13527,2024-09-08,794,104
13528,2024-05-08,429,519
13529,2024-09-27,226,269
13530,2024-05-04,956,994
13531,2025-01-21,979,7
13532,2025-01-02,582,227
13533,2024-08-01,680,316
13534,2025-02-11,726,803
13535,2024-11-26,55,7
13536,2024-07-31,888,599
13537,2024-06-05,848,671
13538,2024-07-23,49,735
13539,2024-05-15,283,155
13540,2024-10-02,349,345
13541,2024-07-30,518,785
13542,2025-01-22,138,975
13543,2024-08-11,413,509
13544,2024-11-06,217,162
13545,2025-03-28,272,157
13546,2025-04-04,370,993
13547,2024-05-11,139,791
13548,2024-10-17,693,896
13549,2024-05-20,696,803
13550,2024-05-15,896,251
13551,2025-02-16,704,990
13552,2024-10-26,99,506
13553,2024-09-30,673,838
13554,2024-05-14,622,670
13555,2024-07-16,704,900
13556,2024-11-23,222,194
13557,2024-10-15,504,257
13558,2024-10-20,578,812
13559,2025-01-13,975,499
13560,2024-11-16,302,438
13561,2024-11-08,772,957
13562,2024-12-11,291,283
13563,2024-12-10,857,140
13564,2025-04-02,991,598
13565,2024-06-15,312,416
13566,2025-02-07,612,793
13567,2024-07-27,186,874
13568,2024-12-15,366,243
13569,2024-07-28,281,179
13570,2025-02-01,862,759
13571,2025-04-14,418,372
13572,2025-04-15,93,243
13573,2025-02-22,527,957
13574,2024-07-31,103,654
13575,2024-05-24,666,143
13576,2025-02-06,434,591
13577,2024-07-01,659,195
13578,2024-08-07,889,663
13579,2024-10-28,869,504
13580,2024-07-29,822,73
13581,2025-01-28,566,685
13582,2025-01-10,675,584
13583,2024-12-25,463,233
13584,2025-02-04,12,744
13585,2024-12-19,759,502
13586,2024-12-08,39,433
13587,2024-10-31,978,181
13588,2024-09-15,729,245
13589,2024-09-07,929,732
13590,2024-12-29,941,542
13591,2024-08-16,303,152
13592,2025-01-23,915,873
13593,2024-12-28,971,173
13594,2024-05-29,314,804
13595,2024-05-02,897,227
13596,2024-05-20,75,893
13597,2024-07-15,29,98
13598,2025-02-12,154,499
13599,2025-02-06,50,57
13600,2024-08-04,152,639
13601,2024-12-20,932,385
13602,2025-02-05,479,435
13603,2025-04-26,606,162
13604,2025-01-12,443,864
13605,2024-09-04,613,524
13606,2024-12-23,603,353
13607,2024-09-02,475,630
13608,2024-06-11,426,824
13609,2025-04-06,118,493
13610,2024-08-21,727,704
13611,2024-10-19,531,946
13612,2024-06-01,855,105
13613,2024-11-18,12,698
13614,2024-07-17,995,667
13615,2025-03-23,819,184
13616,2024-06-03,662,570
13617,2024-06-05,293,735
13618,2024-10-15,105,385
13619,2025-01-26,615,618
13620,2024-08-23,528,38
13621,2025-01-15,548,163
13622,2024-05-05,884,239
13623,2024-05-10,318,735
13624,2024-05-29,437,627
13625,2024-12-06,599,597
13626,2024-07-20,920,940
13627,2024-12-02,329,947
13628,2025-01-10,810,87
13629,2024-06-04,953,882
13630,2024-05-17,934,229
13631,2024-10-26,328,941
13632,2025-04-15,892,716
13633,2024-07-04,755,654
13634,2024-08-03,930,546
13635,2025-01-29,880,626
13636,2024-06-26,709,894
13637,2024-10-22,845,40
13638,2024-11-05,721,2
13639,2024-10-17,648,15
13640,2024-10-20,472,674
13641,2025-03-12,431,506
13642,2025-02-04,730,430
13643,2024-07-31,381,11
13644,2024-10-03,428,945
13645,2025-02-10,822,133
13646,2024-06-07,205,647
13647,2024-06-13,156,611
13648,2024-07-19,709,260
13649,2024-12-09,304,501
13650,2024-08-18,266,107
13651,2025-04-01,707,47
13652,2024-10-17,847,785
13653,2024-09-03,441,358
13654,2024-10-03,773,955
13655,2024-10-12,882,186
13656,2025-03-03,126,684
13657,2024-11-16,137,248
13658,2024-07-16,290,29
13659,2025-04-17,528,398
13660,2025-01-21,369,804
13661,2025-04-19,57,54
13662,2024-11-06,677,996
13663,2024-05-06,624,633
13664,2024-06-09,522,816
13665,2024-10-30,71,562
13666,2025-01-06,806,11
13667,2024-10-24,695,426
13668,2024-07-10,561,559
13669,2024-10-15,731,856
13670,2024-06-03,802,549
13671,2025-04-16,596,592
13672,2024-07-11,709,533
13673,2024-09-27,604,999
13674,2025-04-07,613,547
13675,2024-10-19,133,98
13676,2024-05-07,701,792
13677,2024-09-28,209,571
13678,2025-01-08,348,898
13679,2024-11-21,325,810
13680,2024-07-15,162,372
13681,2024-10-20,272,355
13682,2024-09-24,93,855
13683,2024-08-21,134,730
13684,2025-01-04,29,615
13685,2024-08-13,206,540
13686,2025-03-29,289,627
13687,2024-12-24,111,504
13688,2024-07-20,798,790
13689,2024-06-11,783,963
13690,2025-01-15,852,58
13691,2024-08-04,918,93
13692,2024-08-08,116,800
13693,2024-12-19,286,755
13694,2025-01-17,965,522
13695,2024-11-16,450,147
13696,2024-06-24,132,593
13697,2024-08-14,238,530
13698,2025-04-27,209,359
13699,2024-12-30,386,540
13700,2024-09-27,173,642
13701,2024-08-04,512,517
13702,2024-08-23,168,160
13703,2024-07-17,793,348
13704,2024-07-17,18,695
13705,2025-04-30,376,316
13706,2024-08-26,844,747
13707,2024-06-21,448,594
13708,2024-06-16,692,411
13709,2024-11-12,861,247
13710,2025-01-24,242,529
13711,2024-11-10,533,538
13712,2025-02-14,29,265
13713,2025-04-04,143,811
13714,2024-05-18,275,240
13715,2024-05-14,934,455
13716,2025-03-11,793,20
13717,2024-12-14,574,536
13718,2025-02-27,740,374
13719,2025-03-05,153,639
13720,2024-08-28,829,400
13721,2025-04-18,505,540
13722,2025-04-01,959,626
13723,2024-05-04,60,58
13724,2024-09-28,1000,873
13725,2024-12-31,261,352
13726,2025-03-17,47,816
13727,2024-12-05,575,819
13728,2024-10-20,120,929
13729,2025-03-07,180,186
13730,2024-10-23,173,71
13731,2024-11-18,719,849
13732,2024-12-28,432,506
13733,2025-04-02,840,411
13734,2025-01-27,936,127
13735,2024-12-13,93,455
13736,2025-02-28,534,798
13737,2025-01-24,627,178
13738,2025-03-06,861,262
13739,2024-12-30,410,386
13740,2024-12-01,885,257
13741,2024-10-06,785,673
13742,2025-02-20,26,225
13743,2024-08-20,387,38
13744,2024-10-17,324,145
13745,2024-05-24,462,270
13746,2025-03-13,335,18
13747,2025-02-15,661,279
13748,2025-04-06,552,574
13749,2024-12-07,382,461
13750,2024-09-04,105,147
13751,2024-07-20,46,878
13752,2024-10-04,291,38
13753,2024-05-21,658,207
13754,2024-12-11,870,51
13755,2024-06-15,247,365
13756,2024-05-03,484,487
13757,2025-03-09,921,98
13758,2024-05-07,230,859
13759,2024-11-09,985,910
13760,2024-05-23,39,523
13761,2024-12-04,425,357
13762,2024-10-25,709,522
13763,2024-12-04,620,481
13764,2024-05-27,298,955
13765,2024-08-15,651,330
13766,2024-11-30,167,97
13767,2024-09-06,784,722
13768,2024-06-05,452,140
13769,2024-08-28,311,32
13770,2024-12-30,225,2
13771,2024-11-18,651,938
13772,2024-11-25,665,316
13773,2024-05-06,880,785
13774,2024-07-10,18,992
13775,2024-06-10,531,514
13776,2024-09-26,394,805
13777,2025-03-15,889,748
13778,2025-02-10,724,46
13779,2024-09-06,328,797
13780,2024-09-25,995,461
13781,2024-06-09,155,891
13782,2024-06-01,326,351
13783,2024-07-24,657,731
13784,2025-04-11,37,128
13785,2025-04-26,668,954
13786,2025-03-02,734,70
13787,2025-01-16,521,372
13788,2025-04-01,382,12
13789,2025-04-19,56,6
13790,2024-06-07,88,355
13791,2025-03-07,231,814
13792,2024-07-08,380,947
13793,2024-07-03,28,321
13794,2025-04-27,827,736
13795,2024-11-17,150,132
13796,2024-07-29,962,564
13797,2024-08-20,37,411
13798,2024-11-18,170,754
13799,2024-12-14,466,973
13800,2025-03-05,380,678
13801,2024-09-10,708,52
13802,2024-08-30,194,643
13803,2024-10-11,539,671
13804,2025-01-07,679,846
13805,2024-08-13,483,384
13806,2024-05-06,289,489
13807,2025-04-27,654,182
13808,2024-07-10,60,845
13809,2025-02-18,660,300
13810,2025-02-07,502,742
13811,2025-02-22,54,862
13812,2024-05-11,757,806
13813,2025-01-06,114,130
13814,2024-12-09,728,477
13815,2025-02-01,655,562
13816,2024-07-11,481,434
13817,2024-12-04,341,962
13818,2024-06-18,18,138
13819,2024-10-17,442,777
13820,2024-08-11,504,471
13821,2025-03-22,173,476
13822,2024-09-02,310,883
13823,2024-12-13,214,515
13824,2024-10-21,470,401
13825,2024-07-27,947,300
13826,2024-05-23,372,700
13827,2025-04-26,599,716
13828,2024-10-12,536,317
13829,2025-01-26,470,70
13830,2025-01-29,29,754
13831,2025-03-11,819,16
13832,2024-06-03,76,52
13833,2025-04-30,835,681
13834,2024-11-24,12,493
13835,2024-08-28,659,806
13836,2024-10-16,162,596
13837,2024-10-18,693,932
13838,2024-09-30,470,343
13839,2025-01-18,812,890
13840,2024-08-17,522,938
13841,2025-02-28,615,698
13842,2025-03-28,260,21
13843,2025-04-22,276,891
13844,2025-03-20,40,184
13845,2024-10-24,769,132
13846,2024-08-12,191,671
13847,2024-06-11,312,620
13848,2024-07-25,174,170
13849,2024-08-18,101,961
13850,2024-11-07,545,283
13851,2025-03-11,60,458
13852,2025-02-10,519,230
13853,2024-11-04,54,251
13854,2025-01-12,668,552
13855,2025-01-21,588,950
13856,2025-01-14,463,877
13857,2025-04-28,573,960
13858,2024-08-18,113,933
13859,2024-05-24,302,760
13860,2025-04-13,21,184
13861,2025-01-30,436,189
13862,2024-12-03,230,239
13863,2025-01-14,422,574
13864,2024-11-21,239,310
13865,2024-08-16,648,58
13866,2024-12-19,630,833
13867,2025-02-28,436,808
13868,2024-05-31,435,30
13869,2024-07-13,906,764
13870,2025-01-13,86,853
13871,2024-09-07,759,847
13872,2025-03-11,346,533
13873,2024-08-21,837,19
13874,2024-09-14,104,344
13875,2025-04-02,186,379
13876,2024-06-08,23,173
13877,2024-12-12,551,593
13878,2025-04-27,964,518
13879,2024-06-26,825,605
13880,2024-07-22,14,995
13881,2025-02-05,314,82
13882,2024-10-15,292,791
13883,2024-12-21,909,273
13884,2024-12-06,54,402
13885,2025-04-16,430,205
13886,2025-02-12,127,928
13887,2024-09-02,649,668
13888,2024-12-21,920,431
13889,2024-10-01,792,84
13890,2025-02-17,983,981
13891,2024-12-13,322,233
13892,2024-05-29,284,985
13893,2024-12-15,736,56
13894,2024-07-30,640,919
13895,2024-09-22,687,505
13896,2024-06-29,33,804
13897,2025-03-26,721,764
13898,2025-03-15,544,120
13899,2024-05-30,967,570
13900,2024-12-23,131,398
13901,2025-03-27,408,561
13902,2024-10-19,713,807
13903,2024-07-19,26,156
13904,2024-08-19,784,136
13905,2024-09-19,756,199
13906,2025-01-07,94,288
13907,2024-07-03,752,180
13908,2024-10-07,161,438
13909,2024-05-13,628,353
13910,2025-02-27,659,751
13911,2024-11-18,59,153
13912,2024-06-25,877,293
13913,2024-10-26,313,705
13914,2024-12-23,734,41
13915,2024-05-03,178,567
13916,2025-02-09,985,173
13917,2025-04-18,678,308
13918,2024-08-24,789,985
13919,2024-08-24,420,66
13920,2024-11-20,897,567
13921,2024-08-15,966,791
13922,2024-11-29,805,617
13923,2024-10-10,790,365
13924,2024-06-24,835,426
13925,2025-04-20,899,657
13926,2024-06-01,323,593
13927,2024-10-11,782,284
13928,2024-08-01,308,584
13929,2025-04-29,114,475
13930,2024-08-01,4,664
13931,2024-12-20,24,883
13932,2025-02-22,596,261
13933,2024-11-12,726,784
13934,2025-02-12,268,939
13935,2025-03-06,263,85
13936,2025-02-10,730,756
13937,2024-11-18,533,417
13938,2025-02-09,849,8
13939,2025-02-15,759,686
13940,2025-03-23,877,881
13941,2024-07-24,700,582
13942,2024-06-09,583,968
13943,2024-11-17,622,882
13944,2024-11-04,626,422
13945,2025-02-28,131,810
13946,2024-12-02,143,234
13947,2025-01-09,955,840
13948,2024-11-23,621,405
13949,2024-07-31,315,196
13950,2024-12-22,409,781
13951,2024-06-13,674,16
13952,2024-06-30,189,802
13953,2024-10-28,34,784
13954,2024-11-30,12,903
13955,2024-11-11,741,155
13956,2025-02-19,617,69
13957,2024-12-04,663,799
13958,2024-05-25,472,52
13959,2024-12-12,266,9
13960,2025-02-08,633,417
13961,2024-07-13,486,128
13962,2025-02-01,893,870
13963,2024-12-05,287,287
13964,2024-06-12,969,151
13965,2024-11-18,987,386
13966,2025-02-15,777,47
13967,2024-10-19,105,820
13968,2025-03-12,54,2
13969,2024-07-15,605,574
13970,2024-06-05,95,328
13971,2024-11-06,766,128
13972,2025-03-16,974,843
13973,2024-11-17,579,844
13974,2024-07-11,471,611
13975,2024-11-04,916,561
13976,2024-12-02,395,682
13977,2024-09-23,318,678
13978,2024-10-23,236,6
13979,2025-01-19,989,776
13980,2025-01-26,184,416
13981,2024-10-09,577,502
13982,2024-12-14,889,271
13983,2024-12-30,781,380
13984,2024-06-03,127,793
13985,2024-05-20,258,671
13986,2024-08-15,449,591
13987,2024-10-06,929,44
13988,2024-08-07,486,42
13989,2024-11-08,101,270
13990,2024-05-11,778,502
13991,2024-07-21,876,983
13992,2024-12-02,156,293
13993,2024-06-25,348,785
13994,2025-03-25,719,82
13995,2025-03-16,201,879
13996,2025-01-05,786,857
13997,2024-12-19,973,82
13998,2024-12-08,21,570
13999,2024-06-12,43,992
14000,2025-04-05,390,370
14001,2025-04-02,213,14
14002,2024-08-24,555,675
14003,2025-04-30,848,426
14004,2024-07-12,517,821
14005,2024-08-11,387,203
14006,2025-02-14,558,197
14007,2025-03-17,558,891
14008,2024-08-25,42,845
14009,2025-04-07,922,299
14010,2025-01-04,781,42
14011,2024-05-08,978,714
14012,2024-05-05,584,325
14013,2024-09-17,846,792
14014,2024-09-09,974,789
14015,2025-04-03,448,730
14016,2024-08-25,128,570
14017,2024-06-01,87,682
14018,2024-09-08,657,70
14019,2025-01-17,728,213
14020,2025-03-23,619,31
14021,2025-01-16,614,247
14022,2024-08-23,376,159
14023,2024-05-07,872,543
14024,2025-03-27,906,455
14025,2024-11-09,315,227
14026,2025-03-09,491,917
14027,2024-12-26,786,72
14028,2024-10-12,675,632
14029,2024-08-07,787,572
14030,2025-03-31,348,556
14031,2024-10-30,607,778
14032,2024-07-18,335,218
14033,2025-02-27,447,194
14034,2024-08-25,828,818
14035,2024-09-19,294,306
14036,2024-10-12,736,999
14037,2025-01-26,727,341
14038,2024-07-08,553,278
14039,2025-03-18,561,970
14040,2024-10-25,566,424
14041,2024-06-08,577,246
14042,2025-03-25,357,533
14043,2024-08-17,190,211
14044,2024-09-17,812,126
14045,2024-07-02,129,926
14046,2025-01-10,323,861
14047,2024-12-19,758,837
14048,2025-03-24,730,669
14049,2024-08-18,293,667
14050,2024-06-10,350,876
14051,2024-10-30,723,806
14052,2024-09-02,75,436
14053,2024-12-18,627,281
14054,2024-06-12,39,86
14055,2024-06-20,223,995
14056,2024-10-29,850,381
14057,2024-11-18,912,712
14058,2024-07-27,275,961
14059,2024-11-26,412,52
14060,2024-08-02,976,523
14061,2024-10-01,341,718
14062,2025-01-12,226,137
14063,2024-10-09,963,217
14064,2024-12-09,810,880
14065,2024-10-13,198,393
14066,2024-12-08,751,119
14067,2024-09-21,644,109
14068,2025-01-17,529,137
14069,2024-12-13,955,144
14070,2024-08-19,716,671
14071,2025-03-22,113,637
14072,2024-11-12,68,385
14073,2024-08-26,847,966
14074,2025-03-14,78,963
14075,2025-03-08,463,50
14076,2024-07-15,118,635
14077,2024-07-18,205,394
14078,2024-05-07,164,283
14079,2024-11-18,767,668
14080,2025-02-19,719,581
14081,2024-10-21,211,550
14082,2024-09-22,664,553
14083,2024-09-12,981,311
14084,2024-09-14,942,868
14085,2024-11-10,230,739
14086,2024-11-18,863,358
14087,2025-04-26,12,132
14088,2024-06-17,827,915
14089,2024-11-09,182,291
14090,2024-08-17,500,280
14091,2024-06-19,901,37
14092,2025-03-23,114,662
14093,2024-05-07,247,720
14094,2024-11-15,732,480
14095,2024-09-15,449,99
14096,2024-10-17,790,256
14097,2024-10-15,621,820
14098,2025-03-30,833,174
14099,2025-01-11,405,34
14100,2025-03-31,95,419
14101,2025-04-27,27,762
14102,2024-10-18,368,931
14103,2024-11-20,386,139
14104,2024-11-25,97,558
14105,2024-08-09,678,17
14106,2024-08-11,996,329
14107,2024-05-25,229,922
14108,2025-03-23,43,739
14109,2024-08-09,214,125
14110,2025-01-21,182,687
14111,2025-04-09,833,500
14112,2024-07-30,765,510
14113,2024-12-02,77,904
14114,2024-09-16,946,536
14115,2024-06-09,736,392
14116,2024-09-27,927,890
14117,2024-06-11,931,880
14118,2025-03-22,364,576
14119,2024-07-25,992,28
14120,2024-05-07,808,529
14121,2024-12-26,264,228
14122,2024-05-04,290,307
14123,2024-11-22,294,608
14124,2024-05-31,439,442
14125,2024-05-02,673,252
14126,2024-08-26,140,79
14127,2025-01-08,188,837
14128,2024-09-27,496,741
14129,2025-01-31,919,884
14130,2024-11-06,46,562
14131,2025-01-13,717,226
14132,2024-06-20,951,399
14133,2024-07-05,148,40
14134,2024-12-06,727,676
14135,2024-10-08,692,136
14136,2024-08-09,322,164
14137,2025-04-29,783,34
14138,2024-12-02,876,192
14139,2024-09-09,265,754
14140,2025-01-11,832,276
14141,2025-01-13,42,602
14142,2024-07-11,909,889
14143,2024-11-01,946,153
14144,2025-03-03,953,678
14145,2024-11-09,260,626
14146,2024-06-19,625,353
14147,2024-06-01,498,142
14148,2024-11-19,619,960
14149,2025-01-11,299,85
14150,2024-11-27,133,124
14151,2025-03-05,679,858
14152,2024-12-20,367,610
14153,2025-02-23,713,817
14154,2024-10-04,348,367
14155,2024-06-04,664,384
14156,2025-04-15,366,48
14157,2024-07-08,856,951
14158,2024-11-29,306,972
14159,2024-12-09,900,207
14160,2025-03-07,534,19
14161,2024-09-29,579,57
14162,2024-12-27,486,631
14163,2025-02-20,528,629
14164,2025-03-18,733,195
14165,2025-03-26,930,177
14166,2024-06-16,230,255
14167,2024-07-16,993,532
14168,2024-07-17,962,861
14169,2024-11-04,815,166
14170,2024-07-15,450,121
14171,2024-09-29,77,851
14172,2024-09-15,645,478
14173,2024-06-10,892,449
14174,2024-08-01,97,506
14175,2024-05-01,469,241
14176,2024-08-27,266,953
14177,2024-05-23,891,781
14178,2024-12-14,54,698
14179,2025-01-30,71,91
14180,2024-08-30,333,813
14181,2024-09-11,367,625
14182,2024-05-02,250,519
14183,2024-05-31,254,247
14184,2025-04-14,541,67
14185,2024-06-11,605,517
14186,2024-08-13,223,560
14187,2025-02-23,363,334
14188,2024-12-08,216,287
14189,2025-02-13,435,934
14190,2024-07-31,479,456
14191,2024-08-15,694,747
14192,2024-09-10,391,934
14193,2024-09-26,465,16
14194,2024-09-10,297,488
14195,2025-02-26,467,597
14196,2024-12-17,141,581
14197,2024-11-19,858,532
14198,2024-12-30,870,847
14199,2024-09-10,23,223
14200,2024-05-18,938,73
14201,2025-03-01,995,423
14202,2024-09-05,494,506
14203,2024-06-16,535,125
14204,2025-03-28,577,234
14205,2024-11-14,930,862
14206,2025-04-14,66,69
14207,2024-05-11,919,174
14208,2024-05-06,237,658
14209,2024-09-19,958,396
14210,2024-05-04,193,585
14211,2024-09-20,725,384
14212,2024-09-04,690,389
14213,2024-07-03,669,580
14214,2025-03-11,892,807
14215,2024-05-13,994,693
14216,2024-11-12,394,865
14217,2024-09-16,836,858
14218,2025-02-16,194,208
14219,2024-10-22,313,557
14220,2025-04-29,662,729
14221,2025-02-24,848,348
14222,2025-03-04,742,525
14223,2024-09-01,539,991
14224,2024-11-08,299,251
14225,2024-07-22,162,305
14226,2024-12-11,714,314
14227,2024-07-29,634,141
14228,2025-01-02,530,306
14229,2024-12-19,719,146
14230,2024-11-15,372,857
14231,2024-12-02,475,979
14232,2024-07-16,703,856
14233,2024-05-03,60,58
14234,2024-11-01,174,250
14235,2025-03-30,75,694
14236,2024-05-01,327,468
14237,2024-05-03,681,674
14238,2024-11-08,226,306
14239,2024-08-08,854,584
14240,2024-12-26,822,170
14241,2024-09-26,51,232
14242,2025-02-19,664,26
14243,2024-09-04,520,419
14244,2025-01-13,782,419
14245,2024-06-29,291,778
14246,2024-08-07,739,46
14247,2024-09-29,581,87
14248,2024-12-05,926,797
14249,2025-02-03,448,974
14250,2024-11-14,209,946
14251,2024-04-30,943,928
14252,2024-12-25,92,732
14253,2024-10-22,244,406
14254,2024-07-20,909,108
14255,2025-03-19,864,517
14256,2024-10-28,996,223
14257,2024-10-02,173,911
14258,2025-01-07,641,12
14259,2024-09-04,33,29
14260,2025-04-08,772,674
14261,2025-03-10,289,450
14262,2024-12-12,482,571
14263,2024-06-01,24,551
14264,2025-03-18,973,342
14265,2024-11-04,548,817
14266,2024-10-05,716,905
14267,2025-01-03,433,560
14268,2025-01-26,517,996
14269,2024-09-23,109,521
14270,2025-02-16,722,277
14271,2024-09-14,234,654
14272,2024-06-21,44,589
14273,2025-03-19,758,941
14274,2024-09-12,7,67
14275,2024-11-04,777,27
14276,2024-09-07,962,561
14277,2024-10-24,735,154
14278,2025-01-16,104,432
14279,2025-01-24,995,732
14280,2024-08-28,774,309
14281,2024-09-19,53,625
14282,2024-07-19,147,95
14283,2025-04-23,541,318
14284,2024-05-06,591,302
14285,2025-01-21,732,727
14286,2025-02-25,866,144
14287,2025-04-10,594,157
14288,2024-07-06,399,765
14289,2024-12-05,180,366
14290,2025-03-22,640,93
14291,2024-08-11,491,4
14292,2025-04-13,70,867
14293,2025-02-04,769,596
14294,2024-10-19,230,686
14295,2024-07-30,720,1000
14296,2024-08-11,417,566
14297,2024-12-02,243,932
14298,2025-02-26,188,18
14299,2024-05-28,523,236
14300,2024-06-06,781,676
14301,2024-08-31,647,960
14302,2024-11-27,726,559
14303,2024-12-20,368,460
14304,2025-02-02,141,501
14305,2024-06-11,810,696
14306,2024-09-29,367,702
14307,2024-10-06,530,450
14308,2024-09-06,475,482
14309,2025-04-03,652,411
14310,2024-06-03,256,170
14311,2024-09-03,535,228
14312,2025-04-05,815,144
14313,2025-01-28,72,429
14314,2025-04-05,134,619
14315,2024-05-02,798,985
14316,2024-08-03,235,584
14317,2025-01-21,642,606
14318,2025-04-09,738,902
14319,2024-06-17,881,218
14320,2025-03-06,562,680
14321,2025-04-14,85,805
14322,2025-03-03,327,629
14323,2024-08-06,520,344
14324,2025-01-02,487,695
14325,2024-07-17,112,330
14326,2025-04-17,528,476
14327,2024-12-26,282,648
14328,2024-10-22,62,973
14329,2025-03-30,679,529
14330,2025-02-10,734,150
14331,2025-01-09,105,981
14332,2024-12-27,81,363
14333,2024-12-28,476,733
14334,2024-10-19,327,576
14335,2024-08-15,456,626
14336,2025-01-12,243,356
14337,2024-08-14,819,522
14338,2024-08-08,908,271
14339,2025-02-26,614,177
14340,2024-06-27,526,116
14341,2024-08-16,73,476
14342,2024-05-14,573,727
14343,2024-10-26,150,958
14344,2024-05-13,758,562
14345,2025-01-15,686,351
14346,2024-06-06,600,305
14347,2024-05-18,935,414
14348,2024-08-23,421,389
14349,2024-05-04,550,700
14350,2024-07-03,73,876
14351,2024-05-29,446,875
14352,2024-10-28,955,621
14353,2025-02-10,569,243
14354,2024-07-28,441,333
14355,2024-12-10,593,500
14356,2024-11-21,439,844
14357,2025-02-13,777,55
14358,2025-02-05,450,485
14359,2024-07-15,30,107
14360,2024-10-01,177,631
14361,2024-12-30,367,979
14362,2024-11-16,623,51
14363,2025-03-30,66,116
14364,2024-12-14,1000,668
14365,2025-04-25,375,545
14366,2024-07-11,359,353
14367,2024-08-10,106,700
14368,2024-09-19,307,550
14369,2024-05-26,496,638
14370,2025-04-22,403,375
14371,2025-02-15,266,924
14372,2024-10-18,527,907
14373,2024-07-17,322,717
14374,2024-09-25,804,541
14375,2025-04-29,167,283
14376,2024-10-15,369,840
14377,2024-11-02,773,849
14378,2024-05-18,298,323
14379,2025-04-10,152,820
14380,2024-07-27,863,131
14381,2024-05-06,177,205
14382,2024-06-29,321,356
14383,2024-08-21,235,277
14384,2024-07-23,863,24
14385,2024-12-28,875,196
14386,2024-11-05,946,553
14387,2025-01-18,600,853
14388,2025-01-23,534,748
14389,2024-09-03,522,107
14390,2025-04-07,539,30
14391,2024-10-21,927,524
14392,2024-07-18,229,980
14393,2024-11-26,587,765
14394,2024-09-04,999,850
14395,2025-04-25,682,347
14396,2024-08-27,472,456
14397,2024-07-31,444,614
14398,2025-01-31,817,635
14399,2025-03-15,366,749
14400,2024-06-21,876,424
14401,2024-06-01,723,995
14402,2024-07-28,597,8
14403,2025-01-30,224,674
14404,2025-01-18,945,41
14405,2025-04-15,440,69
14406,2024-06-17,671,694
14407,2025-02-19,483,500
14408,2025-04-13,812,600
14409,2025-02-16,445,979
14410,2024-11-06,281,415
14411,2025-04-07,827,620
14412,2025-02-15,164,485
14413,2024-11-19,494,563
14414,2025-01-02,536,501
14415,2024-12-07,795,932
14416,2024-10-11,666,652
14417,2024-12-23,877,955
14418,2025-04-14,900,864
14419,2025-01-30,353,461
14420,2024-09-02,331,103
14421,2024-08-11,160,239
14422,2024-05-07,726,32
14423,2024-08-19,588,510
14424,2024-11-22,745,534
14425,2024-08-17,577,520
14426,2024-11-24,684,145
14427,2024-10-25,696,388
14428,2024-06-16,764,904
14429,2024-05-18,955,500
14430,2024-07-14,651,910
14431,2024-11-29,383,541
14432,2025-04-14,356,738
14433,2025-02-23,843,414
14434,2025-03-16,302,398
14435,2024-05-19,245,7
14436,2024-09-08,242,596
14437,2025-03-17,728,901
14438,2024-07-27,532,618
14439,2025-02-01,384,316
14440,2025-04-23,895,158
14441,2024-12-30,988,688
14442,2024-08-09,701,37
14443,2024-09-13,887,499
14444,2024-11-29,717,845
14445,2025-04-29,132,235
14446,2024-10-28,185,214
14447,2024-12-26,126,720
14448,2024-09-12,369,876
14449,2024-10-01,268,79
14450,2024-07-24,297,336
14451,2024-10-28,709,32
14452,2024-09-26,156,761
14453,2025-04-20,372,589
14454,2025-04-12,102,437
14455,2024-10-12,265,672
14456,2024-06-11,271,319
14457,2025-01-09,899,131
14458,2025-04-30,845,864
14459,2024-12-10,545,485
14460,2024-05-31,467,758
14461,2024-07-09,878,460
14462,2024-07-17,537,336
14463,2024-10-23,659,965
14464,2024-08-11,865,119
14465,2024-09-09,70,659
14466,2024-09-01,436,805
14467,2025-03-13,67,610
14468,2024-11-18,185,886
14469,2024-10-09,440,219
14470,2025-02-06,695,725
14471,2024-08-21,111,107
14472,2024-06-28,765,997
14473,2024-08-25,294,666
14474,2024-10-24,764,262
14475,2025-02-02,744,942
14476,2024-10-27,418,2
14477,2025-01-12,320,951
14478,2024-09-13,777,868
14479,2025-04-28,199,254
14480,2024-05-25,44,998
14481,2024-09-11,781,205
14482,2024-12-23,750,622
14483,2024-12-01,464,566
14484,2025-02-09,17,643
14485,2024-07-30,583,918
14486,2025-04-18,392,624
14487,2024-06-19,539,5
14488,2024-09-04,537,434
14489,2024-10-25,195,423
14490,2024-10-21,701,42
14491,2025-03-24,802,532
14492,2025-03-06,392,598
14493,2024-09-28,965,385
14494,2025-02-28,121,110
14495,2024-08-09,505,367
14496,2024-06-28,652,9
14497,2024-09-19,195,10
14498,2024-07-23,59,292
14499,2025-03-15,756,844
14500,2024-08-19,469,611
14501,2024-08-29,39,638
14502,2025-02-12,978,985
14503,2024-11-16,209,773
14504,2024-09-24,977,238
14505,2024-11-17,579,758
14506,2024-10-24,783,926
14507,2024-07-28,104,861
14508,2024-05-26,451,386
14509,2024-12-24,513,911
14510,2024-07-13,462,824
14511,2024-08-04,506,118
14512,2024-07-09,337,69
14513,2024-06-09,663,720
14514,2024-06-01,314,408
14515,2024-08-09,322,442
14516,2024-11-24,901,440
14517,2025-02-05,903,433
14518,2024-10-22,669,818
14519,2024-09-04,673,663
14520,2024-05-20,114,145
14521,2025-04-16,281,333
14522,2025-04-06,208,598
14523,2025-04-10,25,644
14524,2024-09-22,735,542
14525,2025-02-28,954,82
14526,2025-04-06,434,821
14527,2025-03-29,774,526
14528,2024-08-20,994,966
14529,2024-07-07,739,959
14530,2024-11-11,412,71
14531,2025-02-25,833,700
14532,2025-02-15,698,919
14533,2025-04-20,637,401
14534,2025-03-01,373,315
14535,2025-04-19,321,450
14536,2024-12-06,687,7
14537,2024-07-23,779,752
14538,2025-04-30,201,2
14539,2025-02-06,317,553
14540,2024-07-26,433,18
14541,2024-08-21,465,147
14542,2024-07-04,68,295
14543,2024-08-19,537,868
14544,2024-11-09,150,480
14545,2024-09-02,692,973
14546,2024-08-06,704,650
14547,2025-04-01,511,41
14548,2025-04-24,210,621
14549,2024-06-10,86,305
14550,2024-06-12,877,735
14551,2024-11-15,643,587
14552,2024-06-04,86,404
14553,2024-06-06,99,875
14554,2025-04-05,7,693
14555,2024-10-05,478,86
14556,2024-12-20,879,458
14557,2025-02-10,277,968
14558,2024-05-05,956,654
14559,2024-05-24,699,704
14560,2025-02-10,555,269
14561,2025-01-08,646,32
14562,2024-10-31,864,166
14563,2024-11-30,374,861
14564,2024-05-04,701,85
14565,2024-07-14,410,168
14566,2024-07-10,433,305
14567,2024-05-09,312,845
14568,2025-03-26,919,224
14569,2024-06-12,37,593
14570,2025-01-01,37,19
14571,2025-04-10,928,196
14572,2025-01-04,767,433
14573,2024-07-08,68,568
14574,2024-05-20,11,367
14575,2025-03-19,257,777
14576,2025-03-02,69,153
14577,2024-11-15,199,268
14578,2025-02-07,581,997
14579,2025-02-19,194,467
14580,2024-09-27,873,310
14581,2025-03-17,566,502
14582,2025-04-21,324,563
14583,2024-05-17,976,670
14584,2024-10-04,320,494
14585,2024-05-10,173,640
14586,2024-07-26,562,23
14587,2024-07-22,176,42
14588,2024-10-12,219,112
14589,2024-11-15,117,387
14590,2024-08-09,859,328
14591,2025-02-25,618,60
14592,2025-03-01,493,454
14593,2025-04-21,271,187
14594,2025-01-10,732,895
14595,2024-07-19,635,82
14596,2024-12-08,496,569
14597,2024-12-10,730,293
14598,2024-12-20,356,453
14599,2025-04-21,420,652
14600,2024-05-30,583,432
14601,2025-01-18,640,411
14602,2024-11-05,447,664
14603,2024-11-11,989,176
14604,2025-04-07,797,376
14605,2024-05-20,37,691
14606,2025-01-29,645,575
14607,2024-09-23,703,194
14608,2025-03-17,863,567
14609,2024-06-11,900,258
14610,2024-09-26,165,374
14611,2024-06-20,795,493
14612,2025-04-08,485,342
14613,2024-06-01,340,822
14614,2025-03-26,777,129
14615,2024-06-04,418,906
14616,2024-11-28,513,146
14617,2024-12-31,611,457
14618,2024-09-09,23,211
14619,2025-04-11,704,848
14620,2025-03-25,893,358
14621,2024-12-31,252,137
14622,2024-08-12,461,741
14623,2025-02-03,932,321
14624,2024-11-17,366,519
14625,2024-05-14,815,302
14626,2024-07-04,496,451
14627,2024-11-29,163,231
14628,2024-09-17,650,950
14629,2025-03-23,803,334
14630,2024-06-02,314,554
14631,2024-09-21,275,386
14632,2024-12-08,596,216
14633,2024-12-28,87,651
14634,2025-01-16,975,70
14635,2024-12-31,172,373
14636,2025-02-26,681,752
14637,2025-03-29,52,161
14638,2025-03-02,176,852
14639,2024-12-21,836,359
14640,2024-06-15,450,194
14641,2024-09-08,273,610
14642,2024-07-14,783,822
14643,2024-07-09,496,927
14644,2024-08-18,555,570
14645,2024-09-26,18,881
14646,2024-11-07,356,735
14647,2024-05-18,360,408
14648,2024-08-28,519,628
14649,2024-05-27,767,210
14650,2024-12-08,635,932
14651,2024-06-05,511,150
14652,2025-02-13,61,226
14653,2024-12-26,112,859
14654,2024-08-07,637,821
14655,2024-11-14,484,804
14656,2025-04-22,515,521
14657,2024-12-16,814,821
14658,2024-10-08,890,615
14659,2025-03-12,17,344
14660,2024-11-03,905,174
14661,2024-10-16,913,664
14662,2024-10-25,696,185
14663,2025-01-24,187,563
14664,2025-02-22,888,953
14665,2024-05-14,770,933
14666,2025-03-16,874,119
14667,2024-12-14,285,433
14668,2024-06-26,642,958
14669,2025-02-11,57,667
14670,2025-03-31,483,878
14671,2024-08-30,716,427
14672,2024-05-19,849,671
14673,2024-12-17,745,642
14674,2024-09-17,770,152
14675,2024-05-01,688,15
14676,2024-06-11,891,721
14677,2024-06-08,839,498
14678,2025-01-23,185,208
14679,2024-10-31,557,996
14680,2025-01-06,135,934
14681,2024-05-25,595,782
14682,2025-01-05,986,452
14683,2024-12-18,345,2
14684,2024-09-01,69,975
14685,2024-06-16,167,832
14686,2025-03-16,809,836
14687,2024-11-30,190,419
14688,2024-12-29,624,906
14689,2024-08-25,474,206
14690,2024-10-24,844,172
14691,2024-11-25,866,365
14692,2024-06-19,645,461
14693,2024-10-12,672,906
14694,2024-11-07,682,606
14695,2024-11-19,549,512
14696,2024-07-08,926,60
14697,2024-09-01,741,849
14698,2025-04-24,96,412
14699,2024-10-26,284,438
14700,2024-10-20,833,466
14701,2024-06-06,589,254
14702,2024-10-30,3,377
14703,2024-10-29,155,217
14704,2024-11-16,829,191
14705,2025-04-05,1,59
14706,2025-01-14,80,983
14707,2024-05-14,1,298
14708,2025-02-13,995,341
14709,2024-06-16,861,749
14710,2025-04-22,859,309
14711,2024-10-03,495,87
14712,2024-05-27,367,799
14713,2024-12-11,637,509
14714,2025-04-20,177,157
14715,2025-03-26,947,368
14716,2024-09-23,252,219
14717,2025-01-15,85,479
14718,2024-09-30,812,326
14719,2024-09-05,787,517
14720,2024-06-02,779,888
14721,2024-12-02,665,666
14722,2025-04-09,759,295
14723,2024-07-06,302,979
14724,2024-12-20,587,34
14725,2024-10-24,571,962
14726,2024-05-04,700,545
14727,2024-07-16,519,268
14728,2024-12-05,405,73
14729,2024-11-30,200,409
14730,2025-04-27,1,404
14731,2024-06-15,452,598
14732,2024-11-22,503,748
14733,2025-03-27,824,401
14734,2024-08-02,226,735
14735,2025-01-17,875,364
14736,2024-09-04,945,509
14737,2025-01-11,415,631
14738,2024-08-24,750,808
14739,2025-02-11,78,269
14740,2024-06-14,496,648
14741,2024-10-09,329,990
14742,2024-07-27,953,106
14743,2024-06-14,975,930
14744,2024-10-02,886,406
14745,2025-04-02,885,247
14746,2025-01-20,869,487
14747,2024-06-18,932,796
14748,2025-04-12,980,384
14749,2024-06-21,158,719
14750,2024-07-11,993,68
14751,2024-08-10,651,920
14752,2025-01-05,258,133
14753,2024-06-27,570,701
14754,2024-06-07,846,975
14755,2024-10-18,277,329
14756,2024-07-20,636,426
14757,2024-09-23,199,52
14758,2024-08-20,669,353
14759,2024-05-30,80,9
14760,2024-07-18,458,501
14761,2024-10-10,387,669
14762,2024-09-15,654,882
14763,2024-05-20,731,572
14764,2025-02-13,714,363
14765,2024-09-29,205,174
14766,2024-12-12,454,590
14767,2025-03-14,983,978
14768,2025-03-02,93,659
14769,2024-10-21,464,166
14770,2024-10-16,76,847
14771,2025-02-16,645,74
14772,2024-05-09,173,71
14773,2024-07-11,795,411
14774,2024-06-01,418,532
14775,2025-03-11,866,139
14776,2024-06-14,311,72
14777,2025-04-20,754,501
14778,2024-11-06,614,24
14779,2024-12-23,54,306
14780,2025-04-17,957,638
14781,2024-08-01,18,869
14782,2024-11-05,585,630
14783,2024-05-11,36,775
14784,2024-05-06,812,97
14785,2025-03-31,289,66
14786,2025-02-20,978,747
14787,2024-08-11,272,858
14788,2024-08-21,14,188
14789,2024-06-05,447,449
14790,2024-12-13,323,520
14791,2025-01-08,546,666
14792,2024-05-02,27,936
14793,2024-10-07,270,957
14794,2024-08-23,620,438
14795,2024-06-06,447,917
14796,2024-12-02,950,84
14797,2024-05-26,720,6
14798,2025-03-05,207,915
14799,2025-03-13,869,513
14800,2025-02-07,627,828
14801,2024-09-22,265,791
14802,2024-06-13,871,727
14803,2024-09-05,176,98
14804,2024-12-19,966,738
14805,2025-02-19,503,669
14806,2024-05-20,842,320
14807,2024-11-17,406,448
14808,2024-10-30,230,589
14809,2024-08-04,182,469
14810,2025-04-14,599,116
14811,2024-12-08,627,851
14812,2024-05-16,971,990
14813,2024-05-04,884,687
14814,2025-04-06,362,974
14815,2024-11-10,644,519
14816,2024-12-04,283,997
14817,2024-06-09,890,126
14818,2025-01-04,807,360
14819,2025-01-19,596,445
14820,2024-10-28,582,366
14821,2025-02-10,64,404
14822,2024-08-26,503,47
14823,2025-04-11,880,136
14824,2024-07-18,353,452
14825,2024-09-24,659,992
14826,2024-11-20,989,824
14827,2025-03-02,579,184
14828,2024-10-06,335,314
14829,2025-04-29,437,542
14830,2024-08-18,788,877
14831,2024-07-21,502,391
14832,2025-02-20,672,150
14833,2024-08-17,604,341
14834,2024-10-08,329,124
14835,2025-02-13,441,818
14836,2024-06-02,891,506
14837,2025-03-24,119,656
14838,2024-09-10,408,144
14839,2024-11-03,563,83
14840,2024-07-17,919,827
14841,2024-07-03,934,256
14842,2024-07-21,589,970
14843,2024-05-11,892,770
14844,2025-04-19,303,559
14845,2024-10-13,112,836
14846,2024-05-21,70,237
14847,2024-07-17,387,961
14848,2024-07-29,942,78
14849,2024-11-28,505,266
14850,2024-09-19,205,930
14851,2024-07-17,108,83
14852,2025-04-17,621,507
14853,2024-09-13,854,193
14854,2024-10-17,64,580
14855,2024-05-20,455,743
14856,2024-09-29,142,745
14857,2025-04-10,709,713
14858,2024-10-19,213,582
14859,2024-09-19,2,875
14860,2024-12-27,800,196
14861,2024-10-23,244,530
14862,2024-08-20,236,744
14863,2024-09-06,560,555
14864,2025-03-16,178,314
14865,2024-08-30,294,454
14866,2024-07-31,200,765
14867,2024-05-28,571,915
14868,2024-09-27,124,772
14869,2025-01-29,110,635
14870,2024-08-01,784,547
14871,2024-07-23,997,732
14872,2024-12-04,47,775
14873,2024-12-03,986,614
14874,2025-01-02,200,874
14875,2024-09-28,402,140
14876,2024-12-14,168,152
14877,2024-10-06,978,592
14878,2024-08-03,671,423
14879,2024-08-13,701,503
14880,2024-06-07,437,10
14881,2024-08-07,693,901
14882,2024-10-06,853,373
14883,2024-11-16,621,907
14884,2025-04-22,726,854
14885,2024-11-06,859,714
14886,2024-12-10,888,42
14887,2024-08-29,256,953
14888,2024-06-24,551,322
14889,2024-07-28,744,531
14890,2025-01-22,528,505
14891,2025-02-03,726,677
14892,2024-08-28,65,434
14893,2024-06-10,214,447
14894,2024-07-24,824,226
14895,2024-09-23,16,286
14896,2024-07-10,874,458
14897,2024-07-16,697,43
14898,2025-04-07,498,463
14899,2025-04-12,471,360
14900,2024-06-13,418,786
14901,2024-12-15,627,438
14902,2024-08-28,469,453
14903,2024-12-23,865,12
14904,2024-11-18,863,911
14905,2024-12-30,485,660
14906,2024-07-19,21,90
14907,2024-06-29,926,246
14908,2024-07-14,176,759
14909,2024-06-11,237,452
14910,2024-05-14,24,348
14911,2024-05-25,828,64
14912,2024-05-07,788,836
14913,2024-09-03,490,719
14914,2024-06-26,630,846
14915,2025-03-25,622,268
14916,2024-06-18,675,496
14917,2025-02-16,641,229
14918,2025-04-13,929,399
14919,2024-11-27,971,568
14920,2024-09-22,233,568
14921,2024-05-06,349,180
14922,2025-03-10,955,901
14923,2024-07-20,715,230
14924,2024-07-07,592,400
14925,2024-10-09,225,57
14926,2024-09-01,719,811
14927,2025-02-07,713,696
14928,2024-07-18,849,796
14929,2025-03-08,278,718
14930,2024-06-29,723,789
14931,2024-07-02,458,949
14932,2024-07-24,925,55
14933,2024-09-19,4,733
14934,2025-02-15,345,307
14935,2024-12-21,781,591
14936,2024-06-06,60,245
14937,2024-10-07,476,101
14938,2024-12-16,341,190
14939,2024-05-01,459,783
14940,2024-09-01,108,995
14941,2024-08-06,544,441
14942,2024-10-24,520,761
14943,2024-10-31,784,853
14944,2024-12-30,522,610
14945,2025-04-05,375,258
14946,2024-11-26,78,239
14947,2024-06-09,449,894
14948,2024-07-28,93,533
14949,2025-04-22,147,390
14950,2024-12-18,304,42
14951,2025-01-02,490,743
14952,2025-04-20,249,965
14953,2024-08-18,915,801
14954,2025-03-11,817,977
14955,2024-11-08,515,239
14956,2024-08-19,657,415
14957,2025-04-01,211,170
14958,2024-08-18,586,523
14959,2024-05-13,995,735
14960,2024-07-09,36,335
14961,2025-04-09,642,401
14962,2024-07-25,475,499
14963,2024-11-09,901,348
14964,2024-07-24,755,998
14965,2024-09-08,525,610
14966,2024-12-30,997,403
14967,2025-01-11,596,760
14968,2024-07-14,543,479
14969,2024-08-28,742,533
14970,2024-12-08,419,416
14971,2024-05-05,607,403
14972,2025-04-18,679,1000
14973,2024-08-15,672,147
14974,2025-01-01,969,77
14975,2024-09-21,180,122
14976,2024-08-09,488,987
14977,2024-12-20,313,714
14978,2024-08-07,951,724
14979,2025-02-23,400,58
14980,2025-04-26,154,614
14981,2024-12-19,57,454
14982,2025-03-26,238,873
14983,2024-11-14,48,699
14984,2024-06-11,43,29
14985,2025-01-30,661,475
14986,2025-04-19,278,754
14987,2024-12-03,648,456
14988,2024-07-15,46,218
14989,2024-12-26,988,577
14990,2025-01-16,963,683
14991,2024-09-06,191,330
14992,2024-11-27,185,932
14993,2025-03-26,552,679
14994,2024-12-15,498,58
14995,2024-05-05,257,814
14996,2024-07-16,130,75
14997,2025-03-11,837,723
14998,2024-11-30,303,253
14999,2024-10-10,491,650
15000,2024-11-03,470,839
15001,2024-11-12,97,700
15002,2024-12-25,849,356
15003,2024-10-07,236,613
15004,2024-09-04,567,548
15005,2025-04-27,154,124
15006,2024-07-12,362,526
15007,2024-11-09,659,616
15008,2024-07-20,158,317
15009,2024-09-05,919,691
15010,2024-06-25,280,919
15011,2025-03-14,681,323
15012,2024-08-18,133,223
15013,2025-01-21,497,169
15014,2024-05-25,785,762
15015,2024-08-27,84,235
15016,2025-03-25,228,747
15017,2025-04-23,337,113
15018,2024-06-20,489,923
15019,2024-11-27,531,130
15020,2025-03-21,815,592
15021,2025-03-05,546,867
15022,2025-03-05,374,780
15023,2024-10-14,856,597
15024,2024-12-03,439,263
15025,2024-07-29,451,841
15026,2024-05-23,525,850
15027,2024-10-10,478,930
15028,2024-11-06,313,717
15029,2024-09-07,606,424
15030,2024-06-13,29,245
15031,2024-09-18,964,212
15032,2024-07-21,195,309
15033,2024-06-16,845,820
15034,2024-08-13,56,881
15035,2024-10-30,794,837
15036,2024-05-29,267,877
15037,2025-03-04,687,714
15038,2024-07-23,586,833
15039,2025-02-02,999,28
15040,2024-08-10,428,925
15041,2024-07-17,915,413
15042,2024-05-13,847,656
15043,2024-10-04,291,204
15044,2024-12-24,658,121
15045,2025-01-16,737,909
15046,2025-04-28,482,369
15047,2025-01-17,196,68
15048,2024-10-13,717,425
15049,2024-12-28,532,586
15050,2024-08-07,652,938
15051,2025-02-13,948,508
15052,2025-03-15,342,617
15053,2024-07-21,430,108
15054,2024-09-25,407,327
15055,2024-08-21,1,451
15056,2024-05-02,254,741
15057,2024-08-10,637,451
15058,2024-12-15,99,247
15059,2024-11-21,843,125
15060,2024-07-20,501,224
15061,2024-10-05,336,139
15062,2025-03-06,327,904
15063,2025-02-08,603,107
15064,2024-08-10,172,944
15065,2024-08-09,776,87
15066,2024-12-27,592,396
15067,2025-01-03,114,627
15068,2025-01-05,271,30
15069,2025-03-31,654,366
15070,2024-08-24,760,945
15071,2025-01-04,822,119
15072,2025-04-15,786,1000
15073,2024-06-16,879,146
15074,2025-03-30,910,317
15075,2024-10-28,957,139
15076,2024-06-30,856,666
15077,2024-08-06,49,163
15078,2024-07-18,101,178
15079,2024-05-14,470,635
15080,2025-04-19,105,619
15081,2024-10-20,863,121
15082,2025-04-20,542,229
15083,2024-08-05,222,833
15084,2025-02-25,411,717
15085,2024-05-13,990,422
15086,2025-04-28,562,704
15087,2025-04-18,225,174
15088,2024-10-23,161,57
15089,2024-12-29,646,601
15090,2025-01-18,88,678
15091,2024-12-31,558,313
15092,2024-07-27,841,954
15093,2024-05-15,58,673
15094,2024-07-18,812,187
15095,2025-04-28,689,998
15096,2025-02-11,380,117
15097,2024-08-22,340,786
15098,2025-03-16,848,474
15099,2025-01-02,108,954
15100,2024-11-30,217,335
15101,2024-05-18,721,340
15102,2025-01-14,349,357
15103,2024-05-06,27,66
15104,2024-07-03,895,670
15105,2024-10-09,90,325
15106,2024-06-14,251,30
15107,2024-09-29,426,553
15108,2024-07-24,667,237
15109,2024-08-13,285,619
15110,2025-04-24,642,103
15111,2025-04-08,801,410
15112,2024-06-26,651,821
15113,2025-03-14,125,960
15114,2025-04-25,655,478
15115,2024-06-23,904,161
15116,2024-07-20,780,992
15117,2025-02-19,302,457
15118,2024-07-07,764,253
15119,2024-08-22,542,400
15120,2024-05-10,252,452
15121,2024-06-02,581,877
15122,2024-07-22,595,275
15123,2024-08-02,163,749
15124,2024-06-22,251,300
15125,2024-07-28,636,7
15126,2025-01-31,773,259
15127,2025-01-23,1000,428
15128,2025-03-01,108,447
15129,2024-09-22,286,831
15130,2025-04-25,881,575
15131,2025-04-07,72,11
15132,2024-07-05,720,696
15133,2024-07-09,43,339
15134,2025-03-24,831,780
15135,2024-06-03,54,816
15136,2024-10-15,137,230
15137,2024-07-27,177,186
15138,2025-04-12,667,193
15139,2024-10-02,933,336
15140,2024-07-11,49,201
15141,2024-07-24,502,605
15142,2024-07-03,811,12
15143,2024-10-01,736,225
15144,2025-03-25,770,637
15145,2024-09-14,594,491
15146,2024-12-03,215,472
15147,2025-04-26,537,754
15148,2025-03-03,505,622
15149,2025-04-23,115,100
15150,2024-09-24,312,481
15151,2024-12-30,579,283
15152,2024-08-03,249,392
15153,2024-05-26,496,64
15154,2024-07-03,403,981
15155,2024-07-01,557,18
15156,2024-09-04,749,777
15157,2025-02-12,625,753
15158,2025-03-05,622,2
15159,2024-06-07,93,809
15160,2025-03-26,250,916
15161,2025-03-22,956,280
15162,2025-03-01,112,53
15163,2025-02-20,373,290
15164,2024-05-06,802,316
15165,2025-02-20,620,320
15166,2024-10-10,40,842
15167,2024-10-05,233,65
15168,2024-10-10,682,767
15169,2024-05-14,893,338
15170,2024-11-27,215,930
15171,2024-07-09,503,83
15172,2024-05-26,651,472
15173,2024-11-01,810,701
15174,2024-07-02,284,430
15175,2025-02-21,21,821
15176,2024-08-21,839,950
15177,2024-09-11,836,658
15178,2024-08-25,85,120
15179,2024-12-21,92,435
15180,2025-04-26,692,96
15181,2024-08-14,736,479
15182,2024-09-03,208,432
15183,2025-02-07,302,364
15184,2025-03-22,29,357
15185,2025-01-29,407,742
15186,2025-04-04,388,615
15187,2025-01-11,433,347
15188,2025-02-14,56,791
15189,2024-08-12,728,242
15190,2025-02-27,185,639
15191,2025-01-25,920,585
15192,2024-08-28,524,733
15193,2025-01-19,96,451
15194,2025-04-12,45,565
15195,2024-11-25,993,38
15196,2024-10-20,682,639
15197,2024-08-15,869,810
15198,2024-07-20,253,290
15199,2024-09-01,235,684
15200,2024-08-28,700,464
15201,2025-04-18,38,327
15202,2024-10-30,196,955
15203,2024-09-22,274,249
15204,2024-12-31,760,12
15205,2024-05-21,979,311
15206,2025-03-10,907,494
15207,2024-09-28,165,68
15208,2025-03-27,518,705
15209,2024-12-24,887,416
15210,2024-07-20,1,999
15211,2024-07-29,68,652
15212,2024-09-29,686,901
15213,2025-02-14,362,624
15214,2024-12-13,346,759
15215,2025-03-15,958,51
15216,2025-02-01,280,887
15217,2024-12-11,265,236
15218,2025-04-13,52,561
15219,2024-08-27,586,969
15220,2025-02-20,363,693
15221,2025-02-04,794,45
15222,2025-02-17,314,202
15223,2024-12-11,635,448
15224,2024-08-20,375,441
15225,2025-02-28,117,967
15226,2024-08-25,236,628
15227,2025-04-08,74,288
15228,2024-06-17,651,588
15229,2024-05-16,418,958
15230,2024-11-26,831,934
15231,2024-09-20,48,116
15232,2025-01-11,83,602
15233,2024-12-17,661,467
15234,2024-10-27,65,390
15235,2024-05-15,335,845
15236,2024-09-17,778,979
15237,2024-07-24,35,349
15238,2025-04-19,982,109
15239,2024-06-13,513,587
15240,2024-07-13,885,449
15241,2024-06-28,696,487
15242,2025-02-09,587,401
15243,2025-02-28,438,243
15244,2024-08-31,341,887
15245,2024-05-18,318,816
15246,2025-02-07,357,278
15247,2025-03-16,911,775
15248,2025-01-28,220,895
15249,2024-08-01,17,151
15250,2024-12-15,148,990
15251,2024-05-02,850,83
15252,2024-05-20,227,563
15253,2025-02-23,780,208
15254,2025-04-06,883,747
15255,2025-03-20,817,529
15256,2024-10-06,352,653
15257,2024-10-15,512,686
15258,2025-02-27,755,493
15259,2024-06-04,229,493
15260,2025-04-13,180,721
15261,2024-08-26,722,367
15262,2025-04-30,248,806
15263,2024-08-03,248,922
15264,2024-11-19,784,777
15265,2025-04-14,720,756
15266,2024-11-02,440,141
15267,2024-11-10,778,840
15268,2024-12-11,603,291
15269,2025-02-07,866,120
15270,2025-03-05,304,16
15271,2025-03-04,40,309
15272,2024-12-19,357,322
15273,2025-03-03,629,218
15274,2024-06-29,526,713
15275,2024-08-28,125,625
15276,2025-01-24,953,909
15277,2025-01-09,620,323
15278,2024-11-17,118,566
15279,2024-10-27,502,56
15280,2025-01-13,972,975
15281,2025-03-24,457,524
15282,2025-02-17,188,116
15283,2025-04-23,668,733
15284,2024-09-28,982,531
15285,2024-09-05,59,765
15286,2024-08-27,490,946
15287,2025-04-17,79,422
15288,2025-02-17,566,903
15289,2024-05-31,599,850
15290,2024-12-29,792,936
15291,2024-08-29,373,295
15292,2024-08-29,960,606
15293,2025-04-07,298,356
15294,2025-03-11,136,327
15295,2024-04-30,962,826
15296,2024-09-12,462,254
15297,2024-05-18,890,228
15298,2024-09-23,955,498
15299,2024-08-01,635,889
15300,2024-12-23,719,80
15301,2024-10-17,430,174
15302,2024-08-13,4,640
15303,2024-11-06,322,47
15304,2024-07-13,711,481
15305,2024-10-06,981,686
15306,2025-02-14,775,270
15307,2025-01-04,251,821
15308,2025-02-19,117,163
15309,2024-06-04,506,285
15310,2024-08-03,494,919
15311,2024-05-07,121,76
15312,2024-05-29,106,877
15313,2024-08-25,844,225
15314,2024-07-15,698,250
15315,2025-01-27,67,345
15316,2024-08-27,602,559
15317,2025-03-07,190,491
15318,2024-07-18,521,560
15319,2024-07-10,206,383
15320,2024-06-13,732,531
15321,2024-10-10,205,581
15322,2024-08-03,35,934
15323,2024-08-20,272,68
15324,2024-05-10,620,584
15325,2025-02-06,251,611
15326,2024-11-22,62,668
15327,2024-05-16,596,702
15328,2025-04-01,473,559
15329,2024-11-29,860,79
15330,2025-03-17,691,159
15331,2024-11-27,159,809
15332,2024-09-06,639,550
15333,2024-09-28,329,457
15334,2025-03-25,874,962
15335,2024-06-11,160,603
15336,2024-05-13,494,876
15337,2024-12-30,355,510
15338,2025-04-02,16,324
15339,2025-02-21,679,323
15340,2024-09-26,431,753
15341,2024-06-20,693,139
15342,2025-03-13,417,544
15343,2024-11-29,141,394
15344,2025-03-14,429,591
15345,2024-06-29,432,916
15346,2024-10-21,142,58
15347,2025-03-16,768,226
15348,2024-05-12,455,913
15349,2024-10-03,503,591
15350,2025-02-21,430,676
15351,2025-01-17,908,550
15352,2025-04-12,25,913
15353,2024-11-24,61,733
15354,2024-10-22,710,309
15355,2025-04-30,943,531
15356,2024-08-20,110,278
15357,2024-10-11,611,866
15358,2024-12-16,410,617
15359,2025-01-02,999,813
15360,2024-09-24,323,373
15361,2025-01-17,144,407
15362,2025-01-20,649,470
15363,2024-08-10,808,518
15364,2024-07-14,572,348
15365,2025-03-12,548,153
15366,2025-01-05,139,537
15367,2025-04-17,62,145
15368,2025-03-22,698,918
15369,2024-06-11,414,994
15370,2024-08-10,241,325
15371,2024-05-25,984,908
15372,2024-08-24,966,406
15373,2024-08-25,994,954
15374,2025-02-18,735,186
15375,2024-11-10,946,274
15376,2025-04-17,785,489
15377,2025-04-10,30,588
15378,2025-04-10,199,58
15379,2024-07-16,631,319
15380,2024-05-02,864,830
15381,2025-02-08,821,427
15382,2024-08-21,841,828
15383,2024-07-04,148,484
15384,2024-06-05,226,514
15385,2024-07-21,710,136
15386,2024-05-25,445,42
15387,2025-02-07,631,506
15388,2025-03-16,268,89
15389,2024-06-03,29,289
15390,2025-03-02,992,147
15391,2025-02-07,754,161
15392,2025-03-23,533,668
15393,2024-08-02,231,932
15394,2025-04-16,368,283
15395,2024-12-31,830,599
15396,2024-07-02,907,519
15397,2024-10-06,22,568
15398,2024-08-03,931,725
15399,2024-11-28,950,137
15400,2025-03-14,643,195
15401,2024-07-05,549,917
15402,2024-06-12,946,879
15403,2025-01-16,552,813
15404,2024-11-28,849,901
15405,2024-10-20,836,626
15406,2024-07-25,166,458
15407,2025-03-14,726,384
15408,2024-09-09,639,534
15409,2025-04-18,144,23
15410,2025-04-14,928,793
15411,2025-01-29,381,402
15412,2025-03-23,620,681
15413,2024-10-16,708,773
15414,2025-04-04,455,743
15415,2024-11-09,431,432
15416,2025-04-17,324,997
15417,2024-09-05,879,384
15418,2024-08-24,657,314
15419,2024-07-22,544,401
15420,2024-10-21,392,201
15421,2024-06-03,528,663
15422,2024-07-16,391,151
15423,2024-07-18,996,67
15424,2025-04-29,781,286
15425,2024-05-20,21,676
15426,2025-02-27,746,529
15427,2024-11-11,426,193
15428,2025-04-06,493,114
15429,2024-11-11,880,207
15430,2025-04-18,470,619
15431,2025-01-24,274,681
15432,2025-01-12,788,898
15433,2024-06-18,205,230
15434,2024-08-13,778,517
15435,2024-06-13,713,676
15436,2025-02-15,139,103
15437,2024-09-07,354,675
15438,2025-01-24,556,140
15439,2024-12-16,543,404
15440,2024-12-31,353,326
15441,2024-09-24,59,377
15442,2024-10-16,558,243
15443,2025-03-31,661,884
15444,2024-10-04,76,125
15445,2024-08-22,608,291
15446,2024-08-05,434,289
15447,2024-06-06,523,235
15448,2025-02-09,784,77
15449,2024-06-30,840,434
15450,2024-09-02,819,254
15451,2025-03-22,312,191
15452,2024-04-30,393,348
15453,2025-02-25,773,559
15454,2025-04-22,738,272
15455,2025-04-21,925,897
15456,2024-09-13,54,22
15457,2024-07-28,506,504
15458,2024-07-31,255,502
15459,2024-09-02,203,927
15460,2025-03-17,367,478
15461,2025-03-25,70,948
15462,2024-12-24,391,832
15463,2024-10-05,770,588
15464,2024-08-14,582,495
15465,2024-05-11,607,917
15466,2024-05-28,940,384
15467,2025-01-12,169,415
15468,2024-06-27,822,539
15469,2024-12-24,864,770
15470,2025-01-02,792,665
15471,2024-10-18,339,22
15472,2024-06-10,767,501
15473,2025-02-27,442,171
15474,2025-01-27,505,716
15475,2024-07-26,698,867
15476,2024-08-24,246,54
15477,2025-03-14,34,477
15478,2024-11-22,46,720
15479,2025-03-09,852,792
15480,2024-05-21,993,900
15481,2024-07-25,663,889
15482,2024-06-02,71,662
15483,2024-06-28,514,301
15484,2024-07-29,793,47
15485,2024-09-13,264,681
15486,2025-04-20,131,933
15487,2024-07-17,615,312
15488,2024-08-21,639,1
15489,2024-11-08,817,354
15490,2024-11-10,782,698
15491,2024-08-01,770,551
15492,2024-07-31,963,971
15493,2025-04-26,987,543
15494,2024-05-13,358,529
15495,2024-08-21,840,784
15496,2024-10-15,670,688
15497,2024-09-03,411,94
15498,2024-09-08,465,667
15499,2024-08-04,713,40
15500,2025-04-25,732,88
15501,2024-06-24,780,425
15502,2024-12-01,328,449
15503,2025-04-19,896,109
15504,2024-07-06,701,704
15505,2024-06-10,655,866
15506,2025-02-11,139,644
15507,2025-02-15,717,677
15508,2024-12-14,919,918
15509,2025-03-09,735,542
15510,2024-10-17,915,749
15511,2024-10-15,690,641
15512,2024-08-29,23,693
15513,2024-05-08,231,124
15514,2024-11-19,206,365
15515,2024-06-06,679,441
15516,2025-03-14,292,558
15517,2025-01-28,40,538
15518,2024-06-05,850,27
15519,2025-02-26,1000,969
15520,2024-06-11,901,771
15521,2024-09-27,79,387
15522,2024-12-11,248,519
15523,2025-04-30,854,981
15524,2024-11-28,741,497
15525,2025-01-03,205,471
15526,2024-08-16,430,199
15527,2025-03-23,41,561
15528,2024-10-04,524,792
15529,2024-06-22,269,115
15530,2025-02-24,849,906
15531,2024-05-13,174,405
15532,2025-01-12,579,426
15533,2024-08-01,872,17
15534,2024-09-27,504,341
15535,2024-06-22,17,3
15536,2025-01-02,940,30
15537,2024-07-25,861,557
15538,2024-07-20,489,163
15539,2025-03-01,817,567
15540,2024-10-22,995,87
15541,2025-01-06,422,449
15542,2025-03-07,235,640
15543,2025-01-26,830,738
15544,2024-12-29,601,241
15545,2024-05-11,492,187
15546,2025-04-02,640,957
15547,2025-01-30,764,879
15548,2024-12-12,632,660
15549,2024-07-13,711,80
15550,2025-01-19,864,714
15551,2024-05-15,666,216
15552,2024-06-09,757,821
15553,2024-07-12,512,349
15554,2024-10-09,965,991
15555,2024-08-05,280,205
15556,2025-03-16,153,713
15557,2025-03-06,759,46
15558,2024-06-20,710,181
15559,2024-09-26,901,587
15560,2025-03-22,627,628
15561,2024-05-23,5,444
15562,2025-01-22,776,13
15563,2025-04-18,724,851
15564,2024-11-28,307,417
15565,2024-09-20,662,742
15566,2025-04-21,791,323
15567,2024-06-15,413,203
15568,2025-01-10,624,581
15569,2024-08-04,362,971
15570,2025-04-07,105,339
15571,2024-06-27,315,197
15572,2025-02-22,111,175
15573,2024-12-21,737,759
15574,2024-11-20,746,358
15575,2024-08-09,178,219
15576,2025-01-01,661,581
15577,2024-10-26,232,934
15578,2025-02-03,241,405
15579,2024-09-08,558,189
15580,2024-09-28,137,294
15581,2024-12-14,965,348
15582,2025-03-20,994,685
15583,2024-12-09,525,606
15584,2025-03-12,502,393
15585,2024-06-24,75,401
15586,2024-08-05,271,475
15587,2024-06-16,521,264
15588,2024-06-26,451,994
15589,2025-01-27,521,812
15590,2024-11-22,71,320
15591,2024-10-22,548,172
15592,2025-03-03,340,941
15593,2024-12-09,541,198
15594,2024-12-06,657,116
15595,2024-08-06,142,66
15596,2024-08-15,597,979
15597,2024-09-28,620,477
15598,2024-06-24,596,859
15599,2024-10-20,514,266
15600,2024-11-15,274,63
15601,2025-04-13,29,615
15602,2025-01-14,190,744
15603,2025-04-18,934,205
15604,2025-04-04,622,730
15605,2025-01-29,259,831
15606,2025-02-06,946,902
15607,2025-02-08,227,393
15608,2024-12-21,870,323
15609,2025-04-06,160,367
15610,2024-12-06,417,921
15611,2024-08-18,276,771
15612,2025-04-20,820,473
15613,2024-07-24,490,503
15614,2024-11-22,264,432
15615,2024-05-10,460,48
15616,2024-11-06,494,764
15617,2025-02-27,47,924
15618,2024-06-09,905,818
15619,2024-07-14,448,248
15620,2025-02-05,951,123
15621,2025-03-21,842,468
15622,2024-11-30,952,133
15623,2024-08-31,449,3
15624,2025-02-27,605,705
15625,2024-12-05,731,180
15626,2024-12-01,543,982
15627,2024-07-02,683,7
15628,2025-01-28,182,301
15629,2024-05-12,296,368
15630,2025-01-26,428,453
15631,2025-02-23,488,781
15632,2024-12-15,800,394
15633,2024-05-26,79,936
15634,2024-11-17,63,13
15635,2024-07-03,988,665
15636,2024-09-13,377,190
15637,2025-03-12,497,994
15638,2025-02-22,470,32
15639,2025-03-25,539,650
15640,2024-05-16,681,441
15641,2024-08-23,883,397
15642,2025-02-25,345,178
15643,2024-07-15,428,909
15644,2024-12-27,796,640
15645,2024-08-01,341,208
15646,2024-09-20,408,366
15647,2024-08-18,23,759
15648,2024-06-02,569,717
15649,2025-01-18,529,878
15650,2024-08-21,939,348
15651,2025-03-01,74,821
15652,2024-10-16,695,710
15653,2024-09-12,34,485
15654,2024-07-10,886,500
15655,2025-04-11,573,389
15656,2024-06-19,495,885
15657,2025-01-12,65,286
15658,2025-04-06,988,168
15659,2024-08-09,443,744
15660,2025-01-09,520,183
15661,2024-11-19,564,844
15662,2025-01-14,525,267
15663,2024-07-05,213,738
15664,2024-08-16,992,916
15665,2024-07-11,86,652
15666,2025-01-27,955,937
15667,2024-10-28,162,640
15668,2024-10-28,715,873
15669,2024-05-31,606,852
15670,2024-06-08,962,569
15671,2025-04-16,4,640
15672,2024-12-05,133,95
15673,2024-06-20,420,978
15674,2025-04-23,606,655
15675,2024-08-02,438,524
15676,2025-01-16,211,473
15677,2024-06-23,899,400
15678,2024-05-25,229,951
15679,2024-05-19,87,588
15680,2025-01-21,748,180
15681,2024-09-20,395,366
15682,2025-03-27,447,189
15683,2024-08-02,159,451
15684,2025-03-07,76,759
15685,2024-06-01,896,355
15686,2025-01-03,3,37
15687,2024-11-11,860,199
15688,2024-05-23,182,483
15689,2025-03-19,649,803
15690,2024-07-15,349,871
15691,2024-07-24,963,692
15692,2024-12-28,309,790
15693,2024-05-23,213,535
15694,2024-11-28,94,252
15695,2024-06-02,717,521
15696,2024-08-17,932,820
15697,2025-04-01,585,654
15698,2024-06-16,85,997
15699,2024-11-03,140,829
15700,2024-06-27,679,776
15701,2024-06-14,445,661
15702,2024-10-03,24,681
15703,2024-09-24,467,435
15704,2025-01-25,89,466
15705,2024-08-17,783,950
15706,2025-04-04,574,185
15707,2024-09-07,750,614
15708,2025-04-01,769,398
15709,2024-05-10,950,636
15710,2024-07-07,111,479
15711,2024-07-07,892,670
15712,2025-02-24,927,562
15713,2024-05-28,970,655
15714,2024-06-17,89,965
15715,2025-03-09,650,441
15716,2025-01-06,710,5
15717,2024-08-14,101,823
15718,2024-11-28,489,725
15719,2024-09-19,267,336
15720,2025-03-14,686,11
15721,2024-10-07,578,516
15722,2024-09-24,635,561
15723,2024-11-25,361,189
15724,2024-07-02,507,771
15725,2024-07-10,213,882
15726,2024-07-04,783,130
15727,2025-01-03,427,749
15728,2024-06-25,471,764
15729,2025-04-29,85,376
15730,2025-04-07,954,608
15731,2025-01-21,332,218
15732,2025-01-22,421,730
15733,2024-06-19,460,659
15734,2025-01-04,719,70
15735,2024-05-31,248,791
15736,2025-04-21,622,149
15737,2025-02-26,35,283
15738,2024-07-08,501,738
15739,2024-12-22,491,39
15740,2024-08-21,605,426
15741,2024-11-02,989,365
15742,2025-01-16,798,166
15743,2024-09-25,927,78
15744,2024-06-09,248,494
15745,2025-04-16,101,999
15746,2025-02-26,378,459
15747,2024-05-29,163,497
15748,2025-03-29,507,36
15749,2024-08-09,710,499
15750,2024-07-22,152,621
15751,2024-12-11,909,574
15752,2024-10-03,152,863
15753,2024-09-17,126,206
15754,2024-08-11,793,831
15755,2024-05-05,996,661
15756,2024-12-11,252,629
15757,2025-01-02,608,127
15758,2024-05-22,533,455
15759,2024-07-07,489,267
15760,2024-08-09,589,847
15761,2024-11-30,444,65
15762,2024-09-05,322,32
15763,2025-03-06,536,883
15764,2025-01-06,168,844
15765,2025-04-27,525,873
15766,2025-01-16,125,382
15767,2024-09-25,707,880
15768,2024-11-12,603,464
15769,2024-06-15,159,536
15770,2024-08-27,417,877
15771,2024-11-29,599,569
15772,2024-05-18,502,510
15773,2025-01-06,981,676
15774,2024-07-20,358,857
15775,2024-05-28,328,481
15776,2025-01-09,124,5
15777,2025-01-09,7,571
15778,2024-08-13,938,768
15779,2024-05-14,308,450
15780,2024-11-12,362,209
15781,2024-07-31,612,807
15782,2024-09-09,449,323
15783,2025-03-11,165,607
15784,2024-08-04,959,612
15785,2025-03-03,407,755
15786,2024-11-17,764,494
15787,2025-03-21,2,357
15788,2024-05-19,359,696
15789,2024-05-31,93,421
15790,2025-02-01,874,558
15791,2025-01-08,71,499
15792,2024-11-06,816,732
15793,2024-12-03,480,94
15794,2025-04-19,82,336
15795,2024-10-22,541,787
15796,2024-07-16,866,605
15797,2024-10-06,189,595
15798,2024-10-17,342,243
15799,2025-02-11,509,448
15800,2024-05-11,952,395
15801,2024-11-23,442,971
15802,2024-09-21,570,152
15803,2025-03-10,302,273
15804,2024-06-19,86,88
15805,2024-05-14,443,898
15806,2024-05-03,784,39
15807,2025-02-19,972,536
15808,2025-01-18,534,73
15809,2025-02-10,109,461
15810,2024-11-16,157,983
15811,2024-05-08,553,189
15812,2024-11-30,289,800
15813,2024-07-07,306,306
15814,2024-12-14,823,220
15815,2024-11-07,411,759
15816,2024-12-31,269,470
15817,2025-03-05,113,97
15818,2024-12-13,567,484
15819,2024-11-30,732,562
15820,2024-10-11,270,225
15821,2025-03-28,402,558
15822,2025-04-07,820,581
15823,2025-01-26,350,339
15824,2024-06-08,809,122
15825,2024-08-10,187,372
15826,2025-01-12,881,410
15827,2024-06-06,626,825
15828,2024-08-29,285,642
15829,2024-08-13,895,163
15830,2024-06-01,533,488
15831,2024-11-19,605,415
15832,2024-10-17,972,583
15833,2024-12-23,192,930
15834,2024-05-21,124,673
15835,2025-01-09,274,618
15836,2024-10-08,862,454
15837,2024-07-12,812,26
15838,2025-03-24,630,120
15839,2024-09-14,28,871
15840,2025-02-27,724,571
15841,2024-10-05,181,226
15842,2024-05-29,24,154
15843,2024-12-01,632,334
15844,2025-01-11,371,115
15845,2025-01-14,219,970
15846,2024-09-28,563,310
15847,2024-08-23,948,69
15848,2024-05-19,382,647
15849,2024-09-20,606,157
15850,2025-01-12,386,203
15851,2024-08-21,983,238
15852,2024-09-18,551,542
15853,2024-06-17,188,716
15854,2025-04-03,724,217
15855,2024-09-09,111,399
15856,2025-04-11,31,197
15857,2025-04-21,339,80
15858,2024-12-13,559,958
15859,2025-01-18,757,74
15860,2025-03-02,322,273
15861,2024-12-29,669,427
15862,2024-09-09,645,222
15863,2024-08-11,218,562
15864,2024-08-03,302,983
15865,2025-04-04,427,903
15866,2024-07-10,732,770
15867,2024-09-02,394,160
15868,2024-11-22,569,235
15869,2024-09-04,213,467
15870,2024-05-12,566,437
15871,2024-11-19,375,782
15872,2024-08-19,46,434
15873,2025-04-15,818,23
15874,2025-04-06,351,422
15875,2024-10-13,68,622
15876,2025-04-11,228,797
15877,2025-02-21,755,198
15878,2025-02-19,11,33
15879,2024-12-01,796,1
15880,2025-02-08,521,580
15881,2024-05-16,335,323
15882,2024-05-09,312,185
15883,2025-04-25,217,570
15884,2025-03-15,480,934
15885,2024-06-03,22,23
15886,2025-02-16,807,460
15887,2025-03-25,974,797
15888,2024-08-31,633,362
15889,2024-05-29,56,248
15890,2024-06-02,621,326
15891,2024-12-29,344,610
15892,2025-02-05,303,823
15893,2024-12-29,579,224
15894,2024-06-18,328,558
15895,2024-05-24,430,380
15896,2024-10-11,261,640
15897,2024-09-15,75,19
15898,2025-04-29,590,10
15899,2024-09-01,491,679
15900,2024-07-07,254,415
15901,2025-01-15,818,84
15902,2025-01-21,477,631
15903,2024-09-16,662,653
15904,2024-12-04,963,558
15905,2024-12-15,510,26
15906,2024-07-18,546,73
15907,2024-07-18,316,747
15908,2024-12-19,629,107
15909,2025-02-17,534,645
15910,2024-06-30,137,469
15911,2024-09-05,317,833
15912,2024-09-11,290,442
15913,2024-04-30,770,5
15914,2024-05-07,910,809
15915,2024-08-29,725,650
15916,2024-09-21,580,379
15917,2024-07-27,611,813
15918,2024-06-05,143,847
15919,2025-04-15,417,957
15920,2024-10-23,552,398
15921,2025-04-26,54,379
15922,2025-01-19,298,898
15923,2025-02-09,850,890
15924,2025-04-03,58,437
15925,2024-06-04,802,334
15926,2024-08-04,621,563
15927,2024-08-26,196,258
15928,2024-12-29,736,231
15929,2025-03-03,498,822
15930,2024-08-12,588,524
15931,2025-03-27,740,537
15932,2024-11-22,549,71
15933,2024-05-22,781,640
15934,2024-09-03,273,586
15935,2024-07-11,335,535
15936,2024-08-26,436,18
15937,2024-05-26,39,747
15938,2024-10-29,165,278
15939,2025-02-24,261,274
15940,2024-05-05,729,318
15941,2024-12-08,87,362
15942,2025-02-01,526,122
15943,2024-12-01,767,531
15944,2025-03-06,579,763
15945,2025-01-07,543,166
15946,2025-02-28,165,544
15947,2024-11-23,364,260
15948,2024-08-10,781,510
15949,2025-01-23,433,546
15950,2024-10-16,512,154
15951,2025-03-24,842,362
15952,2025-03-25,454,673
15953,2024-05-01,710,732
15954,2024-09-04,182,927
15955,2024-12-10,834,666
15956,2025-04-16,614,568
15957,2024-12-08,183,936
15958,2024-07-08,57,21
15959,2024-07-16,410,129
15960,2024-09-10,200,299
15961,2024-05-31,135,829
15962,2024-12-15,788,710
15963,2025-01-22,112,338
15964,2024-07-24,94,436
15965,2025-02-20,280,606
15966,2024-07-18,458,931
15967,2024-08-15,792,26
15968,2025-02-05,955,737
15969,2025-01-24,561,300
15970,2024-12-30,526,915
15971,2025-01-29,873,101
15972,2024-09-11,362,266
15973,2024-05-24,322,139
15974,2025-03-18,862,201
15975,2024-08-18,591,154
15976,2024-11-12,408,618
15977,2024-12-10,740,155
15978,2024-07-14,290,223
15979,2025-01-05,259,41
15980,2024-05-02,49,202
15981,2024-07-24,865,884
15982,2024-09-26,388,575
15983,2025-02-26,201,990
15984,2024-08-21,729,200
15985,2024-05-22,985,629
15986,2025-04-30,823,688
15987,2025-02-26,365,988
15988,2024-12-18,908,346
15989,2024-08-15,798,602
15990,2025-02-15,61,896
15991,2024-06-02,722,803
15992,2024-08-20,100,630
15993,2025-04-05,524,590
15994,2024-11-07,598,582
15995,2024-12-01,733,556
15996,2024-08-20,729,766
15997,2024-09-15,922,206
15998,2024-07-14,746,992
15999,2024-06-29,25,886
16000,2024-07-25,716,108
16001,2024-06-21,524,959
16002,2024-10-17,773,464
16003,2024-10-20,466,78
16004,2024-11-04,69,925
16005,2025-03-05,68,172
16006,2025-02-09,235,525
16007,2025-04-11,263,168
16008,2024-08-04,216,928
16009,2025-02-22,514,728
16010,2024-09-25,482,34
16011,2024-12-16,301,540
16012,2025-04-03,24,304
16013,2024-10-27,930,636
16014,2024-08-13,982,475
16015,2024-07-30,467,168
16016,2025-04-13,124,973
16017,2024-09-26,516,400
16018,2025-04-24,374,962
16019,2024-06-11,623,150
16020,2025-04-21,556,415
16021,2024-11-08,372,952
16022,2025-01-28,774,706
16023,2024-06-11,587,471
16024,2025-02-19,947,709
16025,2025-01-30,704,77
16026,2024-05-26,527,7
16027,2024-08-27,955,946
16028,2024-11-18,459,599
16029,2024-05-13,76,541
16030,2024-08-29,566,337
16031,2024-12-03,744,162
16032,2024-05-09,160,789
16033,2024-07-12,267,641
16034,2024-08-13,742,833
16035,2025-01-17,29,78
16036,2025-03-27,326,737
16037,2025-01-28,971,205
16038,2024-06-04,474,424
16039,2024-09-05,305,800
16040,2025-01-25,567,525
16041,2025-04-01,741,678
16042,2025-03-14,556,139
16043,2024-09-18,258,787
16044,2024-05-11,46,231
16045,2024-10-02,706,945
16046,2024-05-15,574,540
16047,2025-04-15,304,400
16048,2024-09-24,669,716
16049,2024-10-19,963,534
16050,2024-11-05,220,136
16051,2024-11-07,938,848
16052,2025-04-18,842,385
16053,2025-03-24,778,88
16054,2025-03-30,144,565
16055,2024-12-14,243,73
16056,2024-05-16,457,174
16057,2025-02-25,295,320
16058,2024-04-30,747,103
16059,2024-12-22,43,912
16060,2024-08-18,123,435
16061,2024-12-20,397,638
16062,2024-09-26,971,805
16063,2025-02-10,894,711
16064,2024-11-01,441,749
16065,2025-03-23,594,702
16066,2025-03-14,959,854
16067,2024-07-13,831,971
16068,2024-05-03,635,634
16069,2024-11-15,287,969
16070,2024-11-05,216,154
16071,2024-05-08,648,258
16072,2024-12-01,753,830
16073,2025-03-25,548,71
16074,2024-11-06,512,554
16075,2025-03-11,108,666
16076,2024-06-01,302,926
16077,2024-05-10,5,489
16078,2024-12-09,736,520
16079,2025-04-13,964,839
16080,2024-12-02,125,194
16081,2025-03-21,625,493
16082,2024-08-26,394,869
16083,2024-12-29,950,418
16084,2024-09-29,310,114
16085,2024-11-07,688,568
16086,2024-05-28,897,434
16087,2024-10-22,121,718
16088,2024-05-13,654,297
16089,2024-08-12,703,591
16090,2024-07-08,846,454
16091,2025-04-05,637,961
16092,2024-08-20,258,762
16093,2025-01-01,766,135
16094,2024-08-18,420,92
16095,2025-03-12,297,563
16096,2024-08-12,157,709
16097,2024-11-17,171,697
16098,2024-12-20,254,370
16099,2025-04-23,868,129
16100,2024-10-21,203,917
16101,2024-06-30,354,363
16102,2025-01-18,636,739
16103,2024-09-27,761,716
16104,2024-10-18,394,204
16105,2025-02-27,395,848
16106,2025-04-18,593,313
16107,2024-11-13,789,455
16108,2024-06-14,674,185
16109,2024-09-12,194,615
16110,2025-04-05,951,148
16111,2025-04-11,699,553
16112,2024-10-28,875,724
16113,2025-04-26,118,162
16114,2024-12-14,119,216
16115,2024-07-17,801,641
16116,2024-09-09,355,119
16117,2025-04-05,385,593
16118,2025-04-03,669,798
16119,2024-08-13,431,478
16120,2024-07-14,969,61
16121,2024-08-05,850,992
16122,2025-02-22,26,178
16123,2024-08-14,976,419
16124,2024-07-05,432,641
16125,2024-06-14,922,246
16126,2024-12-27,250,566
16127,2025-01-16,623,138
16128,2024-12-31,171,142
16129,2024-06-03,879,6
16130,2024-10-29,376,963
16131,2024-07-24,971,812
16132,2025-04-27,767,817
16133,2024-11-12,491,991
16134,2024-08-06,196,286
16135,2024-12-19,957,372
16136,2025-04-30,921,687
16137,2024-05-27,100,678
16138,2024-10-14,732,451
16139,2024-07-05,954,940
16140,2025-02-16,624,100
16141,2025-03-26,511,318
16142,2024-12-23,949,842
16143,2024-11-19,378,366
16144,2024-07-09,462,341
16145,2024-12-01,832,136
16146,2024-10-09,291,697
16147,2024-10-28,955,762
16148,2024-08-26,321,198
16149,2024-08-19,945,848
16150,2024-10-11,954,733
16151,2024-10-08,776,801
16152,2024-12-13,243,569
16153,2025-03-15,983,37
16154,2024-12-04,311,864
16155,2024-10-28,128,375
16156,2024-07-11,408,527
16157,2024-12-29,562,602
16158,2024-05-16,887,724
16159,2025-01-23,913,423
16160,2025-04-21,266,565
16161,2024-11-19,800,701
16162,2025-04-12,901,540
16163,2024-05-27,524,188
16164,2025-01-08,521,391
16165,2024-06-20,797,53
16166,2024-05-12,840,199
16167,2024-05-24,219,945
16168,2024-08-21,895,794
16169,2024-07-19,69,210
16170,2024-06-26,206,764
16171,2024-05-06,66,990
16172,2024-10-06,719,492
16173,2025-02-27,200,722
16174,2024-08-16,395,919
16175,2025-02-07,869,89
16176,2024-10-14,455,936
16177,2024-11-20,83,602
16178,2024-12-06,660,156
16179,2024-08-08,615,916
16180,2025-03-12,37,130
16181,2025-02-10,109,163
16182,2024-08-21,369,610
16183,2024-10-06,557,981
16184,2025-03-10,566,471
16185,2024-06-18,971,502
16186,2024-12-11,938,786
16187,2025-01-02,800,100
16188,2024-08-09,857,542
16189,2024-12-10,676,842
16190,2025-02-19,869,321
16191,2024-09-06,917,180
16192,2024-11-08,640,148
16193,2024-08-22,382,27
16194,2024-10-14,247,280
16195,2024-07-29,23,956
16196,2024-10-12,380,991
16197,2024-12-29,400,289
16198,2024-08-11,912,476
16199,2024-06-08,308,770
16200,2024-08-30,556,495
16201,2024-06-22,803,781
16202,2024-11-18,116,201
16203,2024-07-15,506,957
16204,2024-10-27,587,516
16205,2025-03-06,741,397
16206,2024-06-02,517,265
16207,2024-08-16,705,425
16208,2024-11-12,869,561
16209,2024-11-16,622,200
16210,2024-10-30,580,138
16211,2025-02-22,238,319
16212,2024-12-03,854,443
16213,2024-06-24,523,503
16214,2024-11-08,263,951
16215,2024-05-18,205,449
16216,2024-11-13,949,996
16217,2025-04-20,293,239
16218,2025-02-26,241,518
16219,2024-05-24,232,348
16220,2024-12-03,69,751
16221,2024-05-06,364,856
16222,2024-09-14,739,175
16223,2025-01-01,409,778
16224,2024-06-22,785,334
16225,2024-07-31,715,478
16226,2025-01-11,936,483
16227,2024-11-06,81,662
16228,2024-07-20,888,692
16229,2025-01-07,811,681
16230,2024-07-10,113,917
16231,2025-01-18,797,760
16232,2024-05-15,534,930
16233,2024-07-20,874,984
16234,2024-06-08,313,951
16235,2024-07-17,749,275
16236,2025-01-31,593,57
16237,2025-02-21,273,968
16238,2024-07-13,249,74
16239,2024-10-09,877,18
16240,2025-04-30,77,672
16241,2024-08-14,864,487
16242,2024-05-07,748,710
16243,2024-07-01,926,470
16244,2024-08-11,11,285
16245,2024-10-16,123,475
16246,2024-09-14,317,188
16247,2024-06-23,763,39
16248,2024-11-24,206,841
16249,2024-05-13,304,598
16250,2024-09-07,401,982
16251,2024-07-22,517,102
16252,2025-04-29,450,357
16253,2025-03-18,722,215
16254,2024-10-24,116,113
16255,2024-05-02,264,937
16256,2024-07-30,990,454
16257,2024-08-03,835,388
16258,2024-07-02,464,6
16259,2025-03-22,784,793
16260,2024-07-17,589,585
16261,2025-02-04,355,476
16262,2024-12-04,865,192
16263,2024-12-21,949,55
16264,2025-02-10,562,996
16265,2025-01-20,629,702
16266,2025-01-14,469,359
16267,2024-09-07,223,771
16268,2025-03-29,440,100
16269,2024-10-31,577,272
16270,2025-04-25,694,160
16271,2024-11-09,151,124
16272,2024-06-25,656,780
16273,2024-07-31,789,204
16274,2024-07-16,832,358
16275,2025-03-10,106,118
16276,2024-09-18,567,280
16277,2025-03-06,476,297
16278,2024-08-20,990,21
16279,2024-09-07,677,382
16280,2024-09-01,335,193
16281,2024-10-14,591,617
16282,2024-06-14,278,921
16283,2024-11-12,649,127
16284,2024-07-23,529,967
16285,2025-03-24,497,245
16286,2025-02-14,664,906
16287,2024-08-29,476,231
16288,2024-11-16,524,314
16289,2024-11-11,110,643
16290,2024-06-14,797,126
16291,2025-04-25,800,176
16292,2024-07-10,151,680
16293,2024-09-16,952,377
16294,2024-08-05,618,982
16295,2025-04-12,791,412
16296,2024-06-10,605,519
16297,2024-09-05,972,224
16298,2024-11-23,813,703
16299,2025-02-27,535,199
16300,2025-04-25,203,519
16301,2025-01-15,422,26
16302,2024-12-03,906,4
16303,2024-11-27,730,813
16304,2025-02-01,893,63
16305,2025-02-01,714,981
16306,2024-11-27,632,966
16307,2024-07-02,366,943
16308,2024-12-24,392,41
16309,2024-11-06,49,57
16310,2024-12-26,944,759
16311,2024-08-11,394,818
16312,2024-12-09,524,183
16313,2025-01-31,196,927
16314,2025-02-24,605,764
16315,2024-10-12,117,776
16316,2024-09-10,858,166
16317,2024-10-13,899,880
16318,2025-03-19,400,665
16319,2025-03-31,662,960
16320,2025-01-21,868,833
16321,2025-02-25,663,502
16322,2024-11-16,976,58
16323,2024-11-01,158,465
16324,2025-03-04,635,581
16325,2025-01-14,301,300
16326,2024-06-06,708,574
16327,2024-07-22,29,763
16328,2024-11-22,301,92
16329,2024-05-12,962,235
16330,2025-02-18,118,704
16331,2024-05-07,397,378
16332,2025-03-24,864,512
16333,2024-09-12,388,585
16334,2024-09-12,38,133
16335,2024-11-28,437,653
16336,2024-08-18,497,397
16337,2025-04-18,876,959
16338,2024-05-23,839,412
16339,2024-08-29,770,447
16340,2025-02-23,482,839
16341,2024-08-04,726,744
16342,2025-03-29,469,511
16343,2024-10-06,322,377
16344,2025-04-21,433,520
16345,2025-04-17,749,174
16346,2024-09-23,266,472
16347,2025-02-20,922,134
16348,2025-02-07,939,120
16349,2025-01-18,83,520
16350,2024-10-17,965,6
16351,2024-07-26,645,717
16352,2024-07-22,469,539
16353,2024-06-25,473,179
16354,2024-07-15,330,892
16355,2024-12-31,749,179
16356,2024-07-26,115,953
16357,2025-04-06,303,564
16358,2025-04-20,824,218
16359,2025-02-24,59,431
16360,2024-11-17,530,961
16361,2024-07-06,465,390
16362,2024-07-09,751,474
16363,2024-10-16,917,946
16364,2025-04-05,973,802
16365,2024-07-22,681,367
16366,2024-05-27,115,45
16367,2024-08-01,878,494
16368,2024-06-10,642,471
16369,2024-12-30,564,523
16370,2024-07-18,772,240
16371,2024-08-25,927,946
16372,2024-05-05,185,126
16373,2025-04-29,934,402
16374,2025-03-10,238,324
16375,2025-04-24,971,163
16376,2024-06-24,607,321
16377,2024-11-02,23,142
16378,2024-06-05,265,952
16379,2025-03-21,833,557
16380,2024-11-10,810,885
16381,2025-02-23,925,563
16382,2024-07-22,967,154
16383,2025-02-09,242,596
16384,2024-09-01,855,124
16385,2024-12-03,242,486
16386,2024-08-09,599,746
16387,2024-05-30,43,658
16388,2024-09-03,835,462
16389,2025-02-20,955,282
16390,2025-02-10,45,144
16391,2024-11-11,622,200
16392,2024-07-13,503,684
16393,2024-06-27,683,51
16394,2024-10-08,974,563
16395,2024-08-07,844,172
16396,2024-05-21,203,155
16397,2025-01-23,59,991
16398,2024-09-30,783,299
16399,2025-04-16,104,72
16400,2024-07-07,578,116
16401,2024-10-06,773,520
16402,2024-10-11,788,876
16403,2024-06-27,10,813
16404,2024-11-06,781,604
16405,2025-02-20,748,827
16406,2024-12-06,657,168
16407,2024-11-01,433,86
16408,2025-03-16,838,81
16409,2024-11-04,561,62
16410,2025-01-11,894,576
16411,2024-08-09,500,792
16412,2025-01-05,645,370
16413,2024-10-27,413,32
16414,2024-09-05,959,692
16415,2024-07-17,225,248
16416,2025-01-20,538,682
16417,2024-06-03,62,287
16418,2024-06-19,942,551
16419,2025-03-02,498,766
16420,2024-09-02,683,655
16421,2025-03-31,747,930
16422,2024-05-30,725,72
16423,2025-04-08,664,176
16424,2025-02-09,424,962
16425,2025-04-06,977,979
16426,2024-05-29,7,382
16427,2024-09-29,799,680
16428,2024-07-13,998,600
16429,2024-04-30,474,563
16430,2024-09-24,487,294
16431,2024-05-09,879,456
16432,2024-05-13,248,358
16433,2025-01-10,17,785
16434,2024-09-04,848,435
16435,2024-11-17,833,984
16436,2025-01-13,648,330
16437,2024-12-03,946,576
16438,2024-06-03,380,816
16439,2024-09-29,938,47
16440,2024-07-17,508,491
16441,2024-12-24,131,260
16442,2024-10-29,291,577
16443,2025-02-23,515,482
16444,2024-11-20,566,785
16445,2025-04-26,809,629
16446,2024-07-10,176,266
16447,2024-08-27,232,193
16448,2025-04-19,404,346
16449,2024-09-29,521,802
16450,2025-02-28,459,568
16451,2024-05-24,39,994
16452,2024-12-19,940,725
16453,2024-08-03,76,974
16454,2024-06-23,688,854
16455,2024-12-03,618,586
16456,2025-01-05,555,318
16457,2025-03-22,852,49
16458,2024-08-07,990,367
16459,2024-09-23,411,892
16460,2025-01-20,353,208
16461,2024-10-23,738,839
16462,2024-10-30,250,984
16463,2024-08-23,600,51
16464,2025-02-01,968,442
16465,2024-12-02,19,626
16466,2024-10-19,474,154
16467,2024-08-31,677,87
16468,2024-12-12,701,44
16469,2024-06-28,783,481
16470,2024-07-06,340,627
16471,2024-05-24,557,890
16472,2025-01-28,576,533
16473,2024-07-22,428,712
16474,2025-04-09,265,317
16475,2024-05-21,805,536
16476,2024-06-16,658,609
16477,2025-01-13,945,80
16478,2024-10-31,600,331
16479,2024-12-09,705,299
16480,2024-07-26,782,975
16481,2024-09-18,112,772
16482,2024-06-21,990,837
16483,2025-03-26,899,587
16484,2024-09-22,791,547
16485,2024-09-02,769,808
16486,2024-10-31,816,663
16487,2024-10-30,648,678
16488,2025-03-13,409,215
16489,2024-09-13,398,370
16490,2024-10-26,707,834
16491,2025-03-12,505,133
16492,2024-12-21,757,870
16493,2024-06-24,257,538
16494,2025-03-04,544,696
16495,2024-11-29,395,955
16496,2024-10-16,691,550
16497,2025-02-20,232,502
16498,2025-03-21,122,759
16499,2024-09-01,845,181
16500,2025-02-05,777,1
16501,2024-07-13,200,948
16502,2024-10-06,632,318
16503,2024-10-08,646,647
16504,2024-07-13,539,583
16505,2024-09-02,788,313
16506,2024-07-28,736,493
16507,2024-08-11,390,857
16508,2024-10-02,965,640
16509,2024-11-11,430,698
16510,2024-09-22,480,421
16511,2025-02-13,336,965
16512,2024-07-11,323,509
16513,2024-05-28,381,567
16514,2025-04-18,44,680
16515,2024-12-27,827,543
16516,2024-10-31,976,444
16517,2024-12-23,689,638
16518,2024-10-29,268,687
16519,2024-05-11,627,239
16520,2024-09-06,688,858
16521,2024-11-13,278,147
16522,2024-06-11,431,678
16523,2024-08-30,24,83
16524,2025-01-18,809,676
16525,2024-11-09,603,162
16526,2024-10-11,244,545
16527,2024-06-18,768,366
16528,2024-06-07,189,920
16529,2024-11-27,819,165
16530,2024-07-08,988,287
16531,2025-01-06,415,476
16532,2024-08-14,825,519
16533,2025-04-24,954,600
16534,2024-08-19,880,215
16535,2024-05-27,911,626
16536,2024-08-13,861,219
16537,2025-03-01,955,901
16538,2025-01-28,843,725
16539,2024-12-13,990,150
16540,2024-07-12,691,291
16541,2024-05-11,599,401
16542,2024-05-17,259,243
16543,2024-12-01,864,50
16544,2024-05-19,616,538
16545,2024-08-18,937,565
16546,2024-12-24,554,538
16547,2024-07-18,707,709
16548,2024-09-28,621,682
16549,2024-09-16,330,67
16550,2025-02-28,789,251
16551,2025-01-17,283,119
16552,2024-11-19,964,77
16553,2024-08-14,598,824
16554,2025-01-30,665,594
16555,2024-07-21,804,779
16556,2024-07-20,589,124
16557,2025-03-29,778,459
16558,2025-04-19,43,598
16559,2024-09-04,723,186
16560,2024-08-21,117,350
16561,2024-05-12,80,500
16562,2024-11-04,780,140
16563,2025-01-24,394,419
16564,2024-08-19,377,771
16565,2024-07-05,287,821
16566,2024-11-30,445,142
16567,2024-12-24,113,874
16568,2025-03-24,965,83
16569,2024-05-25,286,541
16570,2025-04-17,552,498
16571,2024-07-31,378,139
16572,2024-05-12,311,796
16573,2024-06-13,149,280
16574,2024-07-21,558,973
16575,2025-02-08,20,555
16576,2025-04-21,762,596
16577,2024-10-31,287,821
16578,2024-10-12,923,104
16579,2025-01-29,397,286
16580,2024-10-30,456,211
16581,2024-08-10,911,491
16582,2024-08-22,949,845
16583,2024-10-05,646,181
16584,2024-10-05,827,406
16585,2025-03-26,571,942
16586,2025-04-03,834,634
16587,2025-02-26,753,963
16588,2025-02-22,781,910
16589,2024-09-22,522,350
16590,2024-08-12,300,672
16591,2024-12-31,245,594
16592,2024-08-28,739,1000
16593,2025-03-23,558,735
16594,2024-09-19,695,586
16595,2024-04-30,649,614
16596,2025-02-18,290,45
16597,2024-09-26,922,926
16598,2025-02-20,108,574
16599,2024-05-15,404,383
16600,2025-03-23,488,741
16601,2024-08-15,155,51
16602,2025-02-15,692,718
16603,2025-01-30,207,118
16604,2024-12-03,285,136
16605,2024-07-25,462,493
16606,2024-05-27,883,429
16607,2024-10-14,395,659
16608,2025-04-29,232,124
16609,2024-07-17,958,482
16610,2024-10-10,559,530
16611,2025-04-23,381,614
16612,2024-05-24,955,920
16613,2024-12-23,723,937
16614,2025-02-19,36,843
16615,2024-12-16,49,468
16616,2025-03-02,691,285
16617,2024-08-08,142,339
16618,2024-11-08,300,908
16619,2024-12-16,377,350
16620,2024-07-22,12,861
16621,2024-12-05,295,70
16622,2024-11-28,588,703
16623,2025-04-04,799,795
16624,2024-05-25,720,399
16625,2025-04-02,640,733
16626,2024-12-05,308,976
16627,2024-06-01,932,486
16628,2024-07-12,268,186
16629,2025-01-23,131,57
16630,2024-06-23,144,486
16631,2024-06-01,631,106
16632,2024-07-05,605,623
16633,2025-01-22,106,320
16634,2025-03-25,99,414
16635,2024-11-15,69,140
16636,2024-07-05,233,163
16637,2024-12-16,147,626
16638,2024-09-26,531,364
16639,2024-11-02,243,683
16640,2024-07-09,121,421
16641,2025-03-05,97,754
16642,2024-08-15,43,984
16643,2024-05-31,343,471
16644,2024-09-23,172,321
16645,2024-10-21,242,464
16646,2024-05-12,990,981
16647,2024-06-01,174,523
16648,2024-07-14,911,443
16649,2024-09-10,695,879
16650,2025-03-14,957,870
16651,2024-06-10,27,543
16652,2024-07-31,14,627
16653,2024-10-27,102,835
16654,2024-06-03,233,909
16655,2025-02-12,730,896
16656,2025-04-12,834,481
16657,2025-01-04,401,941
16658,2025-02-04,15,900
16659,2024-11-04,278,397
16660,2024-12-19,367,484
16661,2024-08-27,84,236
16662,2024-11-26,662,986
16663,2024-07-12,200,904
16664,2024-05-03,267,484
16665,2024-10-13,154,127
16666,2024-08-15,587,738
16667,2024-05-05,623,401
16668,2025-04-01,154,110
16669,2024-06-08,462,789
16670,2024-05-16,159,583
16671,2024-08-30,175,971
16672,2024-07-20,539,398
16673,2024-06-15,526,697
16674,2025-01-10,712,219
16675,2024-07-24,62,482
16676,2024-09-21,133,330
16677,2025-01-03,753,529
16678,2024-06-05,693,381
16679,2025-02-01,815,981
16680,2024-06-22,453,664
16681,2025-03-18,414,743
16682,2024-09-12,520,281
16683,2024-07-31,524,696
16684,2025-01-16,840,397
16685,2024-12-19,453,39
16686,2024-11-08,501,639
16687,2025-01-02,591,542
16688,2025-04-24,999,978
16689,2024-10-07,764,384
16690,2024-10-22,250,73
16691,2024-05-29,391,771
16692,2024-08-11,392,417
16693,2025-01-25,879,834
16694,2024-11-13,703,136
16695,2025-02-12,198,496
16696,2024-12-15,420,237
16697,2025-02-16,614,347
16698,2024-08-05,613,664
16699,2025-03-20,938,318
16700,2024-08-10,401,627
16701,2024-07-09,693,598
16702,2024-11-29,26,560
16703,2025-04-04,562,308
16704,2024-07-01,744,222
16705,2025-02-10,459,859
16706,2025-04-20,980,794
16707,2025-03-17,304,921
16708,2024-07-10,18,961
16709,2024-08-20,404,431
16710,2024-12-07,13,665
16711,2024-08-22,792,241
16712,2024-05-05,73,986
16713,2024-09-29,687,192
16714,2025-03-02,119,494
16715,2024-07-30,48,263
16716,2024-09-12,150,152
16717,2024-05-10,366,716
16718,2024-10-05,713,185
16719,2024-08-06,268,847
16720,2024-08-28,723,944
16721,2025-01-27,840,457
16722,2024-07-22,224,375
16723,2024-05-01,614,534
16724,2024-12-09,724,51
16725,2025-02-23,347,628
16726,2025-02-21,288,365
16727,2025-03-16,519,557
16728,2025-04-06,381,542
16729,2024-12-11,767,295
16730,2024-12-12,181,498
16731,2025-01-23,682,657
16732,2024-12-07,268,615
16733,2024-06-24,448,882
16734,2025-02-04,734,650
16735,2025-03-06,769,692
16736,2025-04-16,37,47
16737,2025-03-06,131,951
16738,2024-09-27,377,497
16739,2024-10-20,482,200
16740,2025-04-04,393,572
16741,2025-03-01,227,805
16742,2024-08-02,67,580
16743,2024-09-15,298,436
16744,2024-12-04,765,1000
16745,2024-07-23,301,346
16746,2024-10-30,574,134
16747,2024-05-21,290,748
16748,2024-11-08,141,111
16749,2024-11-09,421,670
16750,2025-04-29,690,863
16751,2024-08-27,754,722
16752,2024-10-21,269,116
16753,2024-12-08,105,551
16754,2024-12-26,55,300
16755,2024-12-03,648,671
16756,2024-11-25,442,58
16757,2024-12-02,254,370
16758,2024-12-30,665,848
16759,2024-05-12,90,552
16760,2024-07-11,462,52
16761,2025-03-08,701,425
16762,2024-06-07,446,429
16763,2024-05-17,939,928
16764,2025-01-12,365,617
16765,2024-07-23,813,828
16766,2024-12-05,132,515
16767,2024-10-26,272,573
16768,2024-06-08,61,614
16769,2025-02-18,201,68
16770,2025-01-23,817,296
16771,2024-06-28,630,478
16772,2024-08-07,698,795
16773,2024-11-01,90,292
16774,2024-08-26,463,669
16775,2024-05-14,271,385
16776,2024-07-29,88,737
16777,2024-11-15,654,683
16778,2024-09-02,599,101
16779,2024-09-17,679,148
16780,2025-02-03,528,480
16781,2025-03-16,408,83
16782,2025-04-10,730,889
16783,2024-06-19,145,117
16784,2025-01-11,271,97
16785,2025-02-14,979,82
16786,2024-09-02,424,70
16787,2024-11-17,924,860
16788,2025-03-28,889,278
16789,2024-08-12,967,630
16790,2024-10-19,882,774
16791,2024-08-07,415,657
16792,2024-10-21,397,373
16793,2024-05-24,709,449
16794,2025-02-17,859,883
16795,2025-01-03,116,97
16796,2024-08-10,48,574
16797,2025-02-17,518,835
16798,2024-08-28,713,78
16799,2024-06-19,410,606
16800,2024-07-04,378,927
16801,2024-10-26,787,151
16802,2025-03-26,271,61
16803,2025-02-22,361,175
16804,2024-09-14,993,172
16805,2025-01-22,263,224
16806,2024-09-25,213,606
16807,2024-05-16,692,450
16808,2024-05-18,561,823
16809,2024-12-03,987,615
16810,2024-11-22,48,168
16811,2025-01-25,766,49
16812,2024-07-14,945,850
16813,2025-04-25,271,752
16814,2025-01-27,315,185
16815,2024-11-06,667,593
16816,2025-03-05,862,60
16817,2024-10-25,516,185
16818,2024-11-02,653,525
16819,2025-02-17,210,58
16820,2024-11-21,422,484
16821,2024-08-23,248,323
16822,2025-03-12,751,770
16823,2024-11-22,903,573
16824,2025-04-17,907,759
16825,2024-12-03,266,156
16826,2024-10-27,999,918
16827,2025-02-15,252,191
16828,2024-12-02,963,932
16829,2024-05-09,681,887
16830,2025-03-28,307,426
16831,2024-06-15,458,574
16832,2024-11-27,58,282
16833,2024-08-29,152,193
16834,2025-03-14,809,628
16835,2025-02-14,635,176
16836,2024-10-28,152,356
16837,2024-12-09,532,52
16838,2025-01-17,770,312
16839,2024-11-09,946,989
16840,2024-07-12,151,710
16841,2024-09-23,355,104
16842,2024-08-26,776,376
16843,2024-11-26,507,688
16844,2025-02-01,713,421
16845,2024-07-08,682,922
16846,2024-10-15,422,748
16847,2025-01-21,423,496
16848,2024-08-26,45,606
16849,2024-09-23,607,361
16850,2024-08-19,411,848
16851,2025-01-02,673,739
16852,2024-08-29,209,12
16853,2024-11-30,616,711
16854,2024-08-14,472,790
16855,2024-07-09,604,66
16856,2024-11-04,6,877
16857,2024-05-06,890,26
16858,2025-04-17,597,821
16859,2024-05-09,491,142
16860,2025-01-03,593,464
16861,2024-10-22,565,853
16862,2024-10-05,753,456
16863,2024-05-08,716,779
16864,2024-11-03,854,176
16865,2024-08-30,323,296
16866,2025-02-21,45,622
16867,2024-10-30,315,159
16868,2024-09-05,434,412
16869,2025-02-11,7,905
16870,2024-05-24,638,438
16871,2025-01-25,378,881
16872,2024-07-03,381,466
16873,2024-09-11,607,269
16874,2024-12-15,692,200
16875,2024-12-28,722,76
16876,2024-06-07,17,92
16877,2024-08-15,201,167
16878,2024-09-03,506,256
16879,2024-10-26,273,918
16880,2024-11-03,690,904
16881,2024-10-22,835,368
16882,2025-02-10,994,116
16883,2024-09-10,737,85
16884,2025-02-17,546,225
16885,2025-01-25,473,381
16886,2024-10-30,898,185
16887,2024-10-18,326,309
16888,2025-04-06,939,97
16889,2024-12-06,366,187
16890,2024-09-26,10,733
16891,2024-11-20,313,511
16892,2024-12-15,129,332
16893,2024-09-11,299,301
16894,2024-10-24,188,333
16895,2024-11-08,533,629
16896,2024-07-17,750,254
16897,2025-02-18,596,315
16898,2025-02-01,946,663
16899,2025-03-31,367,232
16900,2025-02-16,650,535
16901,2024-07-20,542,358
16902,2024-10-29,745,611
16903,2024-08-03,35,370
16904,2025-01-01,735,172
16905,2024-05-28,239,29
16906,2024-08-02,178,430
16907,2024-10-27,277,569
16908,2024-05-15,274,882
16909,2024-11-14,518,478
16910,2025-04-18,889,428
16911,2025-01-06,716,838
16912,2024-09-20,505,302
16913,2024-10-06,556,304
16914,2024-08-28,463,157
16915,2024-09-07,297,570
16916,2025-02-21,650,139
16917,2024-09-22,864,961
16918,2024-05-08,84,202
16919,2024-05-26,761,49
16920,2025-03-07,268,965
16921,2025-03-13,6,543
16922,2025-04-10,515,692
16923,2024-10-03,191,634
16924,2024-07-01,606,800
16925,2024-09-02,542,325
16926,2025-01-27,139,71
16927,2025-01-03,32,679
16928,2025-04-04,600,871
16929,2024-06-18,425,933
16930,2024-08-19,767,263
16931,2025-01-16,102,612
16932,2024-07-08,264,126
16933,2024-10-17,341,629
16934,2024-09-03,352,537
16935,2025-04-11,548,697
16936,2024-06-26,390,264
16937,2025-04-17,130,894
16938,2024-05-24,599,951
16939,2024-10-07,628,479
16940,2024-12-21,654,634
16941,2024-10-07,691,995
16942,2024-10-01,130,960
16943,2024-08-27,737,421
16944,2024-08-16,598,508
16945,2025-03-21,622,164
16946,2025-01-09,590,232
16947,2024-10-30,754,607
16948,2025-01-22,350,783
16949,2024-07-15,624,593
16950,2025-01-03,940,539
16951,2024-06-26,514,412
16952,2025-04-13,854,145
16953,2025-03-25,134,985
16954,2024-11-14,114,994
16955,2024-09-17,20,108
16956,2024-12-17,510,958
16957,2024-08-06,812,578
16958,2025-02-22,570,675
16959,2024-08-06,783,486
16960,2025-02-06,295,550
16961,2024-06-10,272,764
16962,2025-02-17,623,478
16963,2025-01-29,132,81
16964,2025-04-21,441,209
16965,2025-01-12,44,851
16966,2024-12-03,989,777
16967,2024-06-09,466,451
16968,2024-09-21,788,170
16969,2024-05-06,907,669
16970,2024-05-15,397,943
16971,2025-02-17,20,386
16972,2024-11-17,200,192
16973,2024-08-31,536,264
16974,2025-04-04,205,101
16975,2024-10-24,922,871
16976,2024-07-07,500,823
16977,2025-03-21,840,692
16978,2025-03-24,689,422
16979,2025-03-14,507,734
16980,2024-08-29,120,97
16981,2024-05-20,173,774
16982,2024-06-01,323,308
16983,2024-11-24,686,128
16984,2024-10-25,744,432
16985,2024-06-21,847,826
16986,2024-12-29,95,137
16987,2024-06-05,623,362
16988,2024-07-15,626,535
16989,2024-07-02,337,43
16990,2024-08-19,200,480
16991,2025-04-17,303,800
16992,2024-08-05,551,302
16993,2024-08-28,858,346
16994,2025-02-08,967,834
16995,2024-12-21,610,916
16996,2024-12-10,491,944
16997,2024-10-15,104,28
16998,2024-06-11,37,979
16999,2025-02-28,383,35
17000,2024-05-17,35,254
17001,2024-07-06,982,296
17002,2025-02-27,673,842
17003,2024-12-15,432,671
17004,2024-12-24,666,847
17005,2024-07-08,956,549
17006,2025-01-08,607,203
17007,2024-08-10,34,31
17008,2024-12-19,485,379
17009,2025-03-26,730,454
17010,2024-08-12,973,729
17011,2024-11-24,101,501
17012,2024-08-02,872,618
17013,2024-10-24,652,252
17014,2024-12-12,569,219
17015,2024-08-15,989,254
17016,2024-07-23,677,259
17017,2024-09-23,193,917
17018,2025-04-27,995,383
17019,2024-12-08,19,258
17020,2024-07-01,548,821
17021,2024-10-20,654,657
17022,2025-02-08,393,792
17023,2025-04-27,946,397
17024,2024-08-18,210,140
17025,2024-11-17,476,746
17026,2025-03-11,769,119
17027,2024-09-19,174,627
17028,2024-08-23,766,733
17029,2024-12-27,353,454
17030,2025-02-04,855,81
17031,2024-07-12,953,391
17032,2024-09-08,343,958
17033,2025-01-07,637,905
17034,2024-06-18,721,803
17035,2025-04-24,667,532
17036,2025-03-22,273,384
17037,2024-10-20,272,792
17038,2024-05-08,133,26
17039,2024-06-17,63,880
17040,2024-10-02,965,780
17041,2024-05-08,260,886
17042,2024-07-03,401,831
17043,2025-02-18,394,516
17044,2024-12-16,259,257
17045,2024-06-23,384,806
17046,2024-05-17,245,463
17047,2024-05-04,563,159
17048,2025-01-18,284,702
17049,2025-03-12,731,239
17050,2024-11-06,384,826
17051,2024-11-28,835,26
17052,2024-12-28,907,84
17053,2024-06-04,664,800
17054,2024-12-25,798,568
17055,2024-08-11,709,701
17056,2024-09-22,839,988
17057,2025-01-23,402,144
17058,2024-08-30,313,346
17059,2024-12-09,616,652
17060,2024-10-05,369,959
17061,2024-07-26,372,186
17062,2024-08-23,198,586
17063,2024-05-21,617,429
17064,2024-06-30,978,667
17065,2024-07-26,267,272
17066,2025-04-14,857,693
17067,2024-07-16,67,525
17068,2024-12-15,371,736
17069,2024-07-10,212,165
17070,2024-11-11,223,716
17071,2024-11-20,29,137
17072,2024-05-08,240,17
17073,2024-08-21,510,343
17074,2025-04-10,749,907
17075,2024-10-24,716,585
17076,2025-01-06,410,995
17077,2024-12-07,543,370
17078,2024-12-03,805,36
17079,2025-04-29,307,884
17080,2025-02-09,700,248
17081,2024-06-10,552,446
17082,2024-12-21,940,535
17083,2025-01-05,685,397
17084,2024-08-31,42,265
17085,2024-08-30,687,911
17086,2024-07-11,102,623
17087,2024-12-11,858,55
17088,2024-09-07,961,156
17089,2024-05-14,957,542
17090,2024-10-23,781,521
17091,2024-07-03,703,764
17092,2024-06-01,206,255
17093,2024-12-03,843,337
17094,2025-03-24,398,111
17095,2024-11-17,686,756
17096,2025-04-12,479,360
17097,2024-06-05,515,446
17098,2025-02-03,502,377
17099,2024-12-05,232,925
17100,2025-01-13,918,660
17101,2025-04-29,196,790
17102,2025-02-04,468,838
17103,2024-08-21,129,53
17104,2024-10-24,645,16
17105,2024-06-21,265,934
17106,2025-04-05,639,402
17107,2024-12-05,632,606
17108,2025-03-06,971,210
17109,2025-04-14,581,348
17110,2024-11-21,640,889
17111,2024-07-03,108,991
17112,2024-09-13,916,984
17113,2024-12-18,427,955
17114,2024-09-30,818,666
17115,2024-11-04,523,35
17116,2024-05-08,819,903
17117,2025-02-04,485,325
17118,2025-01-15,768,173
17119,2024-12-31,376,289
17120,2024-11-03,719,129
17121,2024-06-05,738,920
17122,2024-05-18,728,725
17123,2024-09-17,183,541
17124,2024-12-01,513,727
17125,2025-02-13,717,912
17126,2024-07-06,749,192
17127,2025-01-09,388,622
17128,2025-04-21,997,745
17129,2024-12-28,162,266
17130,2024-08-13,246,490
17131,2024-12-26,244,459
17132,2025-04-22,989,322
17133,2024-05-26,126,873
17134,2025-04-13,221,891
17135,2024-06-28,223,393
17136,2025-02-06,654,147
17137,2024-11-27,43,499
17138,2024-07-20,965,233
17139,2024-12-06,326,624
17140,2024-11-13,730,521
17141,2024-08-01,517,42
17142,2024-06-09,532,85
17143,2024-07-18,907,160
17144,2024-10-21,359,760
17145,2024-06-27,721,402
17146,2024-07-14,951,972
17147,2024-12-27,838,524
17148,2024-08-16,35,290
17149,2024-09-02,434,310
17150,2024-09-24,89,93
17151,2024-10-11,747,919
17152,2025-03-03,194,770
17153,2025-03-14,395,327
17154,2024-11-30,735,768
17155,2024-07-24,74,652
17156,2025-02-24,282,50
17157,2024-09-26,518,157
17158,2024-07-29,338,515
17159,2024-05-19,699,590
17160,2024-10-11,366,113
17161,2024-06-17,954,307
17162,2025-01-17,745,68
17163,2024-07-26,17,947
17164,2024-10-22,501,81
17165,2024-07-27,85,307
17166,2025-01-29,514,332
17167,2024-11-10,436,189
17168,2024-07-06,434,208
17169,2024-09-19,703,151
17170,2024-05-01,92,991
17171,2025-04-03,229,732
17172,2024-12-26,263,471
17173,2024-11-23,938,306
17174,2025-03-29,284,53
17175,2025-01-28,533,883
17176,2024-07-13,907,369
17177,2024-06-08,212,340
17178,2024-12-16,935,959
17179,2025-01-05,129,976
17180,2024-12-07,198,484
17181,2024-11-20,900,393
17182,2024-11-28,556,901
17183,2024-10-18,8,922
17184,2025-01-13,366,832
17185,2024-11-10,313,619
17186,2024-12-25,821,184
17187,2024-07-23,918,886
17188,2024-05-12,766,583
17189,2024-10-05,71,41
17190,2025-04-15,931,669
17191,2024-06-18,139,60
17192,2024-08-29,182,191
17193,2024-09-11,488,640
17194,2024-10-25,485,220
17195,2024-08-17,750,31
17196,2024-07-14,887,956
17197,2024-10-09,772,1000
17198,2025-03-14,213,205
17199,2024-06-15,40,46
17200,2024-06-11,798,469
17201,2025-04-18,742,137
17202,2025-02-26,654,764
17203,2025-01-06,946,610
17204,2025-02-15,86,700
17205,2025-03-04,90,806
17206,2024-08-27,107,51
17207,2025-04-19,695,286
17208,2025-04-30,448,162
17209,2024-05-22,132,375
17210,2024-06-08,744,651
17211,2024-05-11,317,56
17212,2024-06-30,505,941
17213,2024-06-21,595,642
17214,2024-09-09,76,589
17215,2024-06-06,873,735
17216,2025-04-11,76,678
17217,2024-12-25,800,614
17218,2024-11-09,980,640
17219,2024-11-02,263,238
17220,2024-12-21,775,44
17221,2024-11-01,775,393
17222,2025-04-11,807,948
17223,2024-11-07,162,371
17224,2024-06-18,21,213
17225,2024-10-10,624,609
17226,2025-03-27,109,750
17227,2024-10-04,686,119
17228,2024-09-25,100,10
17229,2024-11-21,686,171
17230,2024-10-13,530,456
17231,2024-06-13,920,709
17232,2024-11-05,628,199
17233,2024-08-21,445,204
17234,2024-08-13,536,358
17235,2024-06-21,955,930
17236,2025-04-28,728,2
17237,2025-03-30,120,334
17238,2024-07-24,660,686
17239,2025-04-18,344,653
17240,2025-01-22,523,4
17241,2024-10-16,964,712
17242,2024-12-18,376,213
17243,2024-10-24,86,109
17244,2025-03-20,595,684
17245,2025-01-16,149,414
17246,2024-07-06,383,297
17247,2024-10-09,572,728
17248,2024-11-29,686,939
17249,2024-08-28,829,79
17250,2024-09-12,818,474
17251,2024-07-21,725,746
17252,2024-05-04,423,126
17253,2024-11-10,557,43
17254,2025-03-27,806,187
17255,2024-10-21,996,457
17256,2024-09-26,377,355
17257,2024-12-13,239,444
17258,2025-02-02,24,964
17259,2024-08-19,862,407
17260,2024-06-17,373,953
17261,2025-01-12,609,977
17262,2024-08-10,638,35
17263,2024-11-17,916,482
17264,2024-05-10,581,798
17265,2025-03-30,252,879
17266,2024-11-28,757,391
17267,2024-06-24,210,974
17268,2024-09-07,647,982
17269,2025-01-24,594,692
17270,2025-04-11,371,80
17271,2024-12-19,821,501
17272,2024-06-20,632,563
17273,2024-07-14,608,240
17274,2024-07-30,38,5
17275,2024-09-29,526,175
17276,2024-11-24,662,438
17277,2024-05-03,559,235
17278,2024-11-16,827,587
17279,2024-12-22,740,83
17280,2024-11-06,88,900
17281,2024-11-27,713,982
17282,2025-02-05,603,879
17283,2024-09-15,288,898
17284,2024-09-22,845,82
17285,2025-01-09,631,803
17286,2024-10-31,537,963
17287,2024-06-20,322,551
17288,2025-03-14,741,431
17289,2025-01-09,102,993
17290,2025-01-02,575,762
17291,2025-02-20,50,78
17292,2025-01-02,706,757
17293,2024-07-09,524,71
17294,2024-05-20,636,328
17295,2025-04-02,90,150
17296,2024-05-15,332,636
17297,2024-10-29,5,193
17298,2025-02-28,342,105
17299,2024-08-02,1000,607
17300,2024-11-03,866,792
17301,2024-10-27,374,835
17302,2025-04-24,895,842
17303,2024-10-12,257,811
17304,2024-10-18,200,222
17305,2025-03-22,383,684
17306,2024-11-29,529,336
17307,2024-11-01,307,156
17308,2025-03-02,126,804
17309,2024-08-24,699,197
17310,2025-03-05,710,322
17311,2024-09-19,962,959
17312,2024-09-24,353,508
17313,2024-04-30,141,14
17314,2024-05-08,545,730
17315,2024-05-22,598,762
17316,2024-10-10,154,925
17317,2024-12-18,929,826
17318,2024-11-16,102,381
17319,2024-06-07,389,202
17320,2024-06-03,455,509
17321,2024-05-31,733,431
17322,2024-08-08,999,89
17323,2024-11-21,317,866
17324,2025-04-16,171,123
17325,2024-07-29,564,213
17326,2025-01-14,840,371
17327,2024-06-02,940,881
17328,2024-08-13,357,396
17329,2024-08-11,657,311
17330,2024-06-02,751,837
17331,2024-08-07,355,145
17332,2024-07-27,981,666
17333,2024-07-15,829,313
17334,2024-06-24,279,956
17335,2025-04-22,121,10
17336,2025-01-10,568,248
17337,2024-10-26,390,797
17338,2024-09-04,761,507
17339,2024-05-16,455,455
17340,2024-12-16,728,714
17341,2025-01-17,509,956
17342,2024-07-28,541,665
17343,2025-04-08,71,299
17344,2024-07-09,537,283
17345,2025-04-06,148,249
17346,2024-09-14,358,61
17347,2024-10-15,355,653
17348,2024-06-25,395,223
17349,2024-09-09,228,570
17350,2024-06-19,411,754
17351,2024-06-17,249,758
17352,2024-11-29,23,193
17353,2024-06-27,109,806
17354,2024-11-10,655,161
17355,2024-05-15,826,143
17356,2024-12-22,142,958
17357,2024-05-24,96,679
17358,2025-02-06,781,697
17359,2025-01-20,239,906
17360,2024-10-06,512,836
17361,2024-07-01,969,490
17362,2024-05-13,418,170
17363,2025-01-19,913,823
17364,2024-06-28,378,690
17365,2024-06-13,752,864
17366,2024-11-09,283,233
17367,2024-11-14,269,956
17368,2025-03-22,105,762
17369,2024-06-13,553,827
17370,2025-03-23,888,12
17371,2024-06-25,982,685
17372,2024-05-13,78,67
17373,2024-08-09,312,202
17374,2024-09-12,586,556
17375,2025-02-18,782,999
17376,2024-11-12,928,11
17377,2024-12-08,900,231
17378,2024-07-04,931,560
17379,2024-12-22,883,620
17380,2024-12-13,905,965
17381,2024-12-09,497,505
17382,2024-12-05,696,632
17383,2024-09-21,509,307
17384,2024-12-06,724,58
17385,2024-06-07,832,491
17386,2024-08-30,467,208
17387,2024-05-15,770,846
17388,2024-10-03,7,763
17389,2024-07-31,189,601
17390,2024-04-30,47,440
17391,2024-08-10,773,149
17392,2025-04-21,286,555
17393,2024-05-30,664,702
17394,2024-12-14,382,562
17395,2025-01-30,927,24
17396,2024-12-16,235,676
17397,2024-05-21,380,178
17398,2025-02-01,789,341
17399,2024-06-12,580,39
17400,2024-12-29,910,743
17401,2024-12-22,130,247
17402,2025-03-05,118,929
17403,2024-07-02,467,630
17404,2025-01-04,100,513
17405,2024-08-18,643,376
17406,2024-11-26,31,278
17407,2024-08-28,999,329
17408,2024-11-27,640,649
17409,2024-07-06,268,786
17410,2025-01-23,340,187
17411,2024-09-06,706,517
17412,2024-09-01,187,584
17413,2025-02-08,219,832
17414,2025-03-05,438,451
17415,2025-03-04,660,257
17416,2024-05-23,322,306
17417,2024-12-06,949,79
17418,2024-07-02,195,601
17419,2024-10-11,340,39
17420,2024-11-05,672,878
17421,2024-11-30,347,704
17422,2024-11-25,476,270
17423,2024-05-29,333,864
17424,2025-03-23,656,702
17425,2024-08-16,555,316
17426,2025-04-30,349,331
17427,2024-05-12,163,531
17428,2024-05-26,405,74
17429,2024-12-17,976,938
17430,2024-12-10,960,29
17431,2024-10-26,826,703
17432,2025-02-02,789,552
17433,2024-05-28,369,282
17434,2024-12-28,716,967
17435,2024-06-12,428,845
17436,2025-03-09,957,189
17437,2024-05-30,570,692
17438,2024-06-23,453,484
17439,2024-11-06,942,142
17440,2024-07-12,783,707
17441,2025-01-30,191,413
17442,2025-01-09,28,773
17443,2024-11-12,476,894
17444,2025-04-21,857,449
17445,2025-03-02,268,246
17446,2024-09-20,498,997
17447,2024-05-13,805,193
17448,2025-01-31,748,273
17449,2025-04-23,789,293
17450,2025-02-14,135,716
17451,2024-08-27,332,153
17452,2024-12-10,850,720
17453,2024-09-15,384,628
17454,2024-12-19,663,798
17455,2025-03-18,574,24
17456,2024-12-23,292,681
17457,2025-02-06,775,697
17458,2025-01-25,463,104
17459,2024-09-30,187,590
17460,2024-07-07,340,40
17461,2025-02-24,5,969
17462,2025-01-30,486,479
17463,2024-07-23,479,637
17464,2024-12-21,509,510
17465,2024-05-12,729,329
17466,2024-12-13,30,711
17467,2025-03-18,360,999
17468,2024-07-08,620,619
17469,2025-01-05,115,772
17470,2024-08-01,937,27
17471,2024-09-01,770,574
17472,2025-03-05,454,907
17473,2024-05-30,823,164
17474,2024-05-09,887,218
17475,2024-11-10,457,642
17476,2024-12-19,28,99
17477,2024-12-10,826,202
17478,2025-01-12,100,330
17479,2025-03-06,464,715
17480,2025-04-22,426,659
17481,2024-05-14,418,676
17482,2025-02-22,5,259
17483,2024-12-22,909,468
17484,2024-07-09,591,489
17485,2025-03-03,978,460
17486,2024-08-05,364,587
17487,2024-11-19,795,725
17488,2024-08-24,231,908
17489,2024-07-23,167,259
17490,2025-03-28,990,776
17491,2024-07-05,361,431
17492,2025-03-13,103,525
17493,2025-04-27,450,403
17494,2024-10-07,137,168
17495,2024-11-04,231,435
17496,2024-08-07,590,555
17497,2025-03-24,741,875
17498,2024-11-22,656,411
17499,2024-10-09,578,628
17500,2025-04-10,769,16
17501,2024-05-05,728,263
17502,2025-04-27,313,866
17503,2025-01-20,791,968
17504,2024-11-03,810,802
17505,2024-07-28,916,837
17506,2024-08-17,49,666
17507,2024-05-10,294,144
17508,2024-11-20,580,682
17509,2024-06-05,556,930
17510,2024-05-19,219,485
17511,2024-12-09,498,319
17512,2025-03-04,813,660
17513,2024-04-30,110,853
17514,2025-01-29,315,882
17515,2024-10-26,362,824
17516,2024-06-08,273,59
17517,2025-02-17,327,706
17518,2024-07-27,655,614
17519,2024-05-15,978,23
17520,2024-11-14,783,11
17521,2024-09-10,885,744
17522,2025-02-19,130,881
17523,2025-02-12,630,13
17524,2025-02-13,277,533
17525,2024-09-11,576,392
17526,2024-08-17,687,231
17527,2025-04-21,192,280
17528,2025-01-17,895,155
17529,2025-01-05,422,106
17530,2024-07-03,374,851
17531,2024-12-26,904,690
17532,2024-09-02,446,822
17533,2024-08-25,185,365
17534,2025-01-07,293,321
17535,2025-04-03,257,709
17536,2024-09-19,751,421
17537,2024-05-07,971,161
17538,2024-11-15,206,652
17539,2024-08-14,983,830
17540,2024-06-14,762,868
17541,2025-03-12,35,660
17542,2024-06-30,366,731
17543,2024-06-20,727,772
17544,2025-03-24,198,217
17545,2025-02-08,457,1
17546,2025-04-27,814,997
17547,2024-08-07,559,393
17548,2025-01-04,477,9
17549,2024-12-11,143,641
17550,2025-04-01,115,337
17551,2024-12-24,907,616
17552,2025-02-26,101,979
17553,2024-07-10,986,91
17554,2024-06-03,852,539
17555,2024-05-06,53,286
17556,2025-03-12,808,228
17557,2024-07-17,704,377
17558,2024-12-17,527,731
17559,2024-09-21,565,787
17560,2025-04-05,711,203
17561,2024-08-31,369,958
17562,2025-02-06,596,620
17563,2025-03-16,326,944
17564,2025-02-03,411,637
17565,2025-04-10,733,852
17566,2024-12-24,265,424
17567,2024-10-20,602,319
17568,2024-05-24,642,573
17569,2024-06-04,194,226
17570,2025-02-18,455,899
17571,2024-09-03,377,294
17572,2024-09-10,402,498
17573,2024-10-25,133,491
17574,2025-04-01,293,787
17575,2025-04-09,339,215
17576,2024-06-24,515,356
17577,2024-06-15,581,76
17578,2024-07-13,60,703
17579,2024-07-31,342,473
17580,2024-05-08,600,264
17581,2025-03-27,47,473
17582,2024-12-02,691,653
17583,2025-03-04,69,15
17584,2024-09-13,609,831
17585,2024-08-08,941,594
17586,2024-05-06,826,108
17587,2024-12-06,888,692
17588,2024-08-29,354,412
17589,2024-05-04,642,725
17590,2025-04-26,751,30
17591,2024-12-30,49,815
17592,2024-05-21,245,596
17593,2025-03-27,196,979
17594,2024-08-05,837,462
17595,2024-11-19,796,166
17596,2025-04-04,152,770
17597,2024-07-22,810,156
17598,2024-10-14,505,740
17599,2024-07-03,820,237
17600,2025-02-26,536,870
17601,2024-10-30,366,843
17602,2024-11-05,117,793
17603,2024-08-13,659,3
17604,2025-02-05,201,216
17605,2024-10-08,226,651
17606,2024-10-01,313,964
17607,2025-01-12,548,626
17608,2024-12-11,128,610
17609,2024-06-20,269,974
17610,2024-12-30,75,363
17611,2025-01-30,437,564
17612,2025-01-24,531,119
17613,2024-11-05,447,501
17614,2024-07-06,966,813
17615,2024-12-23,569,719
17616,2024-10-29,835,484
17617,2024-10-10,117,145
17618,2024-10-16,75,767
17619,2024-09-06,770,218
17620,2025-03-29,478,523
17621,2025-01-10,272,180
17622,2025-01-25,112,163
17623,2024-11-21,512,786
17624,2024-12-17,4,71
17625,2024-12-05,344,941
17626,2025-04-19,532,617
17627,2025-03-08,715,515
17628,2025-03-23,541,879
17629,2025-02-09,248,901
17630,2024-07-13,478,570
17631,2024-10-30,612,986
17632,2024-05-10,833,759
17633,2024-05-12,636,288
17634,2025-01-13,254,964
17635,2025-04-11,850,377
17636,2024-10-07,442,736
17637,2025-03-02,299,435
17638,2024-05-13,491,364
17639,2024-06-23,299,465
17640,2025-03-02,696,919
17641,2024-10-02,155,312
17642,2025-03-04,454,662
17643,2024-10-05,4,832
17644,2024-10-23,193,742
17645,2024-06-14,846,813
17646,2025-04-21,129,751
17647,2024-12-16,95,614
17648,2025-04-27,944,143
17649,2025-02-03,567,946
17650,2024-10-18,24,446
17651,2025-04-13,956,462
17652,2024-07-16,804,368
17653,2024-07-17,245,170
17654,2024-05-26,62,173
17655,2025-02-18,239,569
17656,2025-04-01,46,959
17657,2024-06-11,395,690
17658,2024-06-27,527,793
17659,2024-07-11,848,512
17660,2024-07-20,132,796
17661,2024-08-08,781,695
17662,2024-11-04,53,357
17663,2025-03-17,221,568
17664,2024-07-26,290,159
17665,2024-07-26,372,212
17666,2024-11-07,801,147
17667,2024-11-01,379,648
17668,2024-05-26,499,487
17669,2025-04-03,970,727
17670,2024-07-13,769,744
17671,2025-04-16,772,336
17672,2024-07-30,890,105
17673,2024-09-05,541,540
17674,2024-12-29,222,441
17675,2024-12-11,162,75
17676,2025-03-24,868,851
17677,2024-07-03,812,75
17678,2024-11-18,357,324
17679,2024-06-15,52,807
17680,2024-10-27,219,262
17681,2025-02-22,664,772
17682,2024-05-17,343,893
17683,2024-11-27,610,995
17684,2025-02-17,972,254
17685,2025-02-15,308,693
17686,2024-10-29,142,142
17687,2024-09-24,624,39
17688,2025-02-28,959,623
17689,2024-09-05,754,994
17690,2024-12-22,719,544
17691,2024-06-27,110,202
17692,2025-01-24,910,312
17693,2024-06-16,350,949
17694,2024-12-04,588,907
17695,2024-09-18,257,213
17696,2025-01-28,169,285
17697,2024-08-14,775,665
17698,2024-11-07,478,449
17699,2025-04-15,973,203
17700,2024-09-25,278,389
17701,2024-06-03,806,2
17702,2025-04-10,202,231
17703,2024-05-12,282,514
17704,2024-11-12,97,848
17705,2025-03-30,818,31
17706,2024-09-09,322,511
17707,2025-03-20,839,553
17708,2024-10-03,299,369
17709,2025-03-23,961,60
17710,2024-09-07,226,727
17711,2024-08-28,992,366
17712,2025-03-18,834,269
17713,2025-03-03,189,701
17714,2025-02-20,682,680
17715,2024-06-27,726,354
17716,2024-07-27,222,206
17717,2024-06-15,459,238
17718,2024-12-16,764,323
17719,2025-01-25,412,217
17720,2025-03-04,989,877
17721,2024-08-16,883,208
17722,2025-02-24,960,967
17723,2024-07-23,901,333
17724,2025-02-15,489,241
17725,2025-03-10,893,529
17726,2024-07-03,741,369
17727,2025-01-24,729,442
17728,2025-04-15,462,536
17729,2024-06-13,457,621
17730,2025-01-24,195,109
17731,2024-10-07,625,88
17732,2025-01-13,190,1000
17733,2024-12-07,179,854
17734,2024-12-09,289,936
17735,2024-10-10,467,292
17736,2024-06-30,888,585
17737,2025-03-03,504,161
17738,2025-01-17,651,86
17739,2024-12-08,625,89
17740,2024-08-12,162,139
17741,2025-03-01,711,509
17742,2024-05-19,137,631
17743,2025-01-09,208,25
17744,2024-07-31,439,892
17745,2025-03-28,66,123
17746,2024-12-01,354,606
17747,2024-06-21,915,946
17748,2024-12-28,8,602
17749,2024-11-18,288,376
17750,2025-03-20,249,755
17751,2024-07-17,105,565
17752,2024-09-21,754,829
17753,2025-03-07,981,538
17754,2024-06-08,224,640
17755,2024-07-02,739,113
17756,2024-07-19,741,5
17757,2025-02-09,594,876
17758,2024-08-22,852,279
17759,2025-02-16,452,916
17760,2024-09-04,695,575
17761,2025-01-22,942,922
17762,2024-07-12,178,420
17763,2024-05-28,536,770
17764,2024-11-16,752,255
17765,2025-04-18,156,715
17766,2025-03-02,185,149
17767,2024-12-04,679,10
17768,2025-01-18,731,190
17769,2024-09-17,337,508
17770,2025-01-04,52,427
17771,2024-07-26,186,952
17772,2024-09-24,899,240
17773,2024-06-01,108,35
17774,2025-02-09,679,346
17775,2025-04-21,318,421
17776,2025-01-06,458,181
17777,2025-01-19,224,320
17778,2024-12-01,630,752
17779,2024-05-24,169,354
17780,2025-04-18,978,34
17781,2024-05-15,39,708
17782,2025-04-29,172,122
17783,2024-04-30,267,661
17784,2024-06-11,642,50
17785,2024-06-01,611,620
17786,2025-01-24,419,640
17787,2024-08-20,10,5
17788,2024-06-23,5,813
17789,2024-05-28,457,535
17790,2024-11-27,560,344
17791,2024-06-22,514,908
17792,2024-06-30,125,123
17793,2024-09-15,980,985
17794,2024-07-14,815,449
17795,2024-04-30,339,653
17796,2025-04-22,991,132
17797,2024-05-07,95,159
17798,2024-11-20,928,332
17799,2024-11-23,872,705
17800,2025-02-20,626,204
17801,2024-08-10,169,59
17802,2024-11-07,773,949
17803,2024-05-26,769,187
17804,2024-06-23,667,370
17805,2024-06-29,582,454
17806,2024-10-18,616,776
17807,2024-06-28,764,759
17808,2024-05-13,641,987
17809,2024-09-17,277,545
17810,2024-11-27,937,797
17811,2024-06-01,683,295
17812,2025-04-11,445,518
17813,2024-10-11,235,452
17814,2024-10-24,256,91
17815,2024-10-17,984,311
17816,2024-10-29,20,820
17817,2024-09-01,229,941
17818,2025-02-14,773,106
17819,2024-05-28,393,770
17820,2024-09-04,200,551
17821,2024-09-19,48,764
17822,2024-10-08,85,253
17823,2025-02-10,101,810
17824,2024-10-30,249,875
17825,2024-05-24,280,753
17826,2024-12-13,997,69
17827,2024-08-28,202,266
17828,2024-06-07,171,602
17829,2024-07-05,116,39
17830,2024-12-13,982,950
17831,2025-03-14,947,837
17832,2024-05-09,291,196
17833,2024-06-14,960,540
17834,2025-04-15,977,85
17835,2024-10-20,868,612
17836,2024-10-15,383,924
17837,2025-02-16,82,662
17838,2025-01-28,839,928
17839,2024-09-21,920,397
17840,2025-01-05,420,260
17841,2025-04-18,755,868
17842,2025-02-09,94,790
17843,2024-05-19,222,223
17844,2024-07-08,655,1
17845,2025-02-14,793,111
17846,2024-11-01,768,55
17847,2024-12-23,29,597
17848,2024-11-20,79,517
17849,2025-02-11,1000,630
17850,2024-06-28,489,456
17851,2024-05-15,233,487
17852,2024-11-30,525,435
17853,2025-04-07,217,930
17854,2024-09-23,517,694
17855,2024-07-10,974,528
17856,2024-11-20,207,625
17857,2024-06-15,549,62
17858,2024-08-01,970,746
17859,2025-01-24,345,690
17860,2024-12-14,340,714
17861,2025-03-29,934,201
17862,2024-12-14,681,539
17863,2024-06-29,334,179
17864,2025-04-29,358,24
17865,2025-02-12,740,588
17866,2025-03-09,135,237
17867,2025-02-03,769,781
17868,2025-02-07,553,829
17869,2025-01-11,28,569
17870,2024-12-13,258,982
17871,2024-11-13,341,492
17872,2024-05-02,454,201
17873,2025-04-20,331,721
17874,2024-11-08,100,867
17875,2024-11-29,670,716
17876,2024-08-21,21,342
17877,2024-11-08,742,390
17878,2025-04-05,242,138
17879,2024-05-17,697,750
17880,2024-09-11,106,330
17881,2025-01-25,981,492
17882,2024-07-11,909,814
17883,2024-07-28,301,534
17884,2024-06-11,904,361
17885,2024-06-01,322,884
17886,2025-01-29,521,820
17887,2024-10-15,687,558
17888,2024-11-08,576,131
17889,2024-11-20,78,15
17890,2024-08-31,26,793
17891,2024-05-22,604,126
17892,2024-09-01,587,335
17893,2024-09-08,946,193
17894,2025-02-23,84,811
17895,2025-03-20,600,306
17896,2024-10-12,898,924
17897,2024-05-13,974,10
17898,2024-05-23,541,885
17899,2025-02-24,16,293
17900,2024-05-14,993,504
17901,2024-08-18,553,854
17902,2024-05-01,477,168
17903,2025-03-06,272,933
17904,2025-01-10,320,256
17905,2025-04-19,121,765
17906,2024-11-21,435,382
17907,2025-02-23,134,489
17908,2024-06-27,541,198
17909,2025-02-06,331,243
17910,2024-11-16,423,804
17911,2024-12-07,958,681
17912,2024-05-27,806,162
17913,2024-12-10,393,521
17914,2025-03-10,670,511
17915,2024-07-23,211,527
17916,2024-08-23,218,119
17917,2024-06-21,921,400
17918,2024-12-24,895,436
17919,2024-11-10,741,905
17920,2024-05-12,3,703
17921,2024-08-19,735,950
17922,2025-04-22,870,621
17923,2024-10-25,897,279
17924,2025-03-29,788,458
17925,2024-07-27,244,959
17926,2024-07-06,803,676
17927,2025-02-25,397,299
17928,2024-10-05,765,531
17929,2024-07-21,753,200
17930,2024-04-30,136,841
17931,2024-12-06,607,66
17932,2024-12-31,39,140
17933,2024-12-19,226,978
17934,2024-12-21,403,296
17935,2024-11-07,546,885
17936,2024-11-05,106,440
17937,2024-12-27,920,980
17938,2024-12-23,696,157
17939,2024-05-02,847,91
17940,2024-09-18,122,817
17941,2024-07-21,575,241
17942,2024-10-23,251,686
17943,2024-08-07,646,351
17944,2024-06-18,705,153
17945,2024-05-11,312,624
17946,2024-08-19,787,651
17947,2024-07-23,309,259
17948,2025-01-24,921,49
17949,2025-01-12,112,602
17950,2024-07-05,468,309
17951,2024-09-14,891,204
17952,2024-06-09,727,155
17953,2024-08-02,484,493
17954,2025-01-17,177,817
17955,2024-09-10,948,369
17956,2024-05-24,564,963
17957,2025-04-02,271,488
17958,2024-08-08,554,132
17959,2025-02-07,618,314
17960,2024-08-02,410,965
17961,2024-08-27,6,103
17962,2025-01-03,990,553
17963,2024-07-20,734,833
17964,2024-10-29,691,718
17965,2024-06-01,688,42
17966,2025-02-14,639,550
17967,2025-02-19,193,576
17968,2024-06-28,995,64
17969,2024-05-01,925,410
17970,2024-08-31,545,95
17971,2024-09-23,565,491
17972,2025-02-10,165,28
17973,2024-05-19,886,882
17974,2024-10-31,531,429
17975,2025-02-12,287,634
17976,2024-07-26,919,727
17977,2024-10-27,189,987
17978,2025-02-19,71,65
17979,2025-04-16,236,119
17980,2025-03-05,476,369
17981,2025-02-14,542,432
17982,2025-03-27,709,189
17983,2025-02-15,273,422
17984,2024-07-14,752,108
17985,2024-07-07,325,721
17986,2024-11-17,113,560
17987,2024-07-01,120,270
17988,2024-07-29,370,661
17989,2024-07-15,648,948
17990,2024-12-12,626,75
17991,2024-12-07,986,790
17992,2025-02-06,917,58
17993,2024-05-23,780,15
17994,2024-08-12,103,466
17995,2025-01-19,879,528
17996,2025-02-10,254,471
17997,2024-10-24,563,627
17998,2024-11-03,727,985
17999,2025-04-17,624,804
18000,2025-02-18,540,763
18001,2024-10-04,147,297
18002,2024-08-01,441,306
18003,2025-01-12,453,147
18004,2025-03-20,337,411
18005,2024-05-20,86,828
18006,2025-01-17,179,510
18007,2024-09-28,336,978
18008,2024-07-19,771,271
18009,2024-05-30,581,457
18010,2025-02-02,49,834
18011,2024-07-25,726,141
18012,2024-08-04,77,96
18013,2024-12-24,70,226
18014,2024-05-22,20,415
18015,2024-11-02,295,185
18016,2024-05-28,208,883
18017,2024-05-18,869,868
18018,2024-05-29,34,172
18019,2024-05-13,195,579
18020,2025-03-07,183,843
18021,2024-05-11,754,209
18022,2024-12-31,543,574
18023,2024-10-25,504,645
18024,2024-11-27,191,798
18025,2025-04-05,937,956
18026,2024-11-17,971,194
18027,2024-12-11,121,135
18028,2024-06-10,988,249
18029,2024-09-12,443,51
18030,2024-05-09,79,804
18031,2024-09-11,34,257
18032,2024-11-21,312,60
18033,2025-04-29,410,545
18034,2025-02-10,908,132
18035,2024-08-03,206,20
18036,2025-03-23,462,560
18037,2025-03-02,976,708
18038,2025-03-27,793,351
18039,2024-08-03,763,222
18040,2024-07-14,62,620
18041,2025-01-09,292,597
18042,2025-03-14,246,863
18043,2024-12-13,319,89
18044,2024-05-13,670,367
18045,2024-05-13,605,214
18046,2024-08-30,760,117
18047,2025-04-09,352,738
18048,2024-08-07,72,975
18049,2024-06-05,48,303
18050,2025-01-23,844,645
18051,2024-10-03,201,636
18052,2024-05-27,143,933
18053,2024-10-01,492,530
18054,2024-08-26,627,335
18055,2024-06-22,835,845
18056,2024-10-27,898,136
18057,2024-09-02,432,965
18058,2024-10-14,32,737
18059,2025-01-12,22,868
18060,2024-10-21,476,649
18061,2024-10-20,823,934
18062,2024-05-10,873,259
18063,2025-03-21,229,229
18064,2024-12-03,224,423
18065,2024-05-01,300,225
18066,2024-07-25,310,627
18067,2024-12-02,771,217
18068,2024-11-24,786,724
18069,2024-08-23,920,150
18070,2025-02-21,586,853
18071,2024-10-17,421,678
18072,2024-05-29,373,611
18073,2024-12-11,551,734
18074,2024-09-26,367,409
18075,2024-11-17,82,13
18076,2025-01-11,577,150
18077,2025-02-14,77,332
18078,2025-02-11,216,738
18079,2024-05-27,783,493
18080,2024-06-27,803,63
18081,2024-05-16,509,965
18082,2025-04-27,861,607
18083,2025-01-13,540,315
18084,2024-06-07,892,866
18085,2025-01-02,528,544
18086,2024-07-27,860,174
18087,2024-11-22,776,678
18088,2024-11-04,786,306
18089,2025-01-06,949,914
18090,2024-08-05,700,324
18091,2024-11-12,234,11
18092,2025-02-27,868,651
18093,2025-04-24,757,845
18094,2024-06-19,754,433
18095,2025-03-26,774,685
18096,2025-01-30,982,39
18097,2024-10-06,361,847
18098,2024-10-30,233,884
18099,2024-09-17,365,405
18100,2025-01-10,752,870
18101,2025-01-12,692,826
18102,2025-03-16,470,216
18103,2025-04-28,304,116
18104,2025-03-09,478,400
18105,2025-04-03,135,600
18106,2024-06-12,937,628
18107,2025-03-11,368,633
18108,2025-04-08,722,613
18109,2024-12-19,38,260
18110,2024-12-18,740,971
18111,2024-10-17,392,236
18112,2025-03-26,739,506
18113,2024-05-12,12,320
18114,2024-05-26,849,354
18115,2024-05-31,999,440
18116,2024-08-29,331,159
18117,2025-02-09,970,197
18118,2024-12-29,893,36
18119,2024-10-11,848,944
18120,2025-01-13,413,63
18121,2024-10-07,679,450
18122,2024-10-12,241,298
18123,2024-10-31,92,307
18124,2024-11-09,566,579
18125,2024-06-12,904,771
18126,2025-04-24,236,391
18127,2024-08-14,430,365
18128,2025-04-08,887,989
18129,2024-08-23,16,709
18130,2024-08-13,417,496
18131,2024-05-29,708,169
18132,2025-02-11,645,604
18133,2024-05-20,655,619
18134,2024-12-28,502,72
18135,2024-10-08,254,810
18136,2024-12-05,205,800
18137,2024-11-06,285,137
18138,2024-11-11,767,197
18139,2025-02-23,487,477
18140,2024-08-08,246,164
18141,2024-08-18,575,328
18142,2024-11-07,316,957
18143,2025-03-31,715,391
18144,2025-04-12,351,141
18145,2025-01-17,63,407
18146,2024-06-13,508,137
18147,2025-01-04,611,245
18148,2025-01-11,330,171
18149,2025-03-24,541,547
18150,2025-03-13,739,433
18151,2024-07-17,421,111
18152,2024-07-25,526,758
18153,2025-04-01,241,84
18154,2024-12-28,285,679
18155,2024-05-25,452,536
18156,2024-12-26,308,648
18157,2024-05-01,54,746
18158,2025-02-15,361,637
18159,2024-12-27,616,874
18160,2025-03-25,574,250
18161,2025-04-06,30,195
18162,2024-09-16,447,232
18163,2025-02-24,202,3
18164,2025-01-23,819,121
18165,2024-08-15,492,25
18166,2025-02-04,421,326
18167,2024-07-24,167,323
18168,2024-05-20,445,423
18169,2024-05-17,291,409
18170,2024-08-12,210,868
18171,2024-05-28,911,268
18172,2024-05-26,543,404
18173,2024-09-20,473,495
18174,2024-06-01,57,637
18175,2024-06-16,706,861
18176,2024-05-24,363,524
18177,2024-08-25,982,124
18178,2025-02-23,167,466
18179,2024-09-15,98,44
18180,2024-07-01,333,298
18181,2025-01-24,659,283
18182,2025-03-30,464,435
18183,2024-12-29,935,745
18184,2025-03-28,958,100
18185,2024-11-18,145,244
18186,2024-12-18,39,214
18187,2024-08-24,618,320
18188,2024-10-04,318,936
18189,2025-04-08,49,345
18190,2024-12-25,297,672
18191,2024-10-20,225,112
18192,2024-06-14,189,618
18193,2025-01-22,141,997
18194,2024-05-29,500,547
18195,2024-11-03,317,233
18196,2024-06-05,373,927
18197,2024-11-15,167,504
18198,2024-08-23,313,968
18199,2024-08-01,341,271
18200,2024-07-10,588,927
18201,2024-05-24,648,159
18202,2024-06-18,905,42
18203,2025-02-26,884,127
18204,2025-03-13,324,316
18205,2024-12-10,333,957
18206,2025-01-21,675,306
18207,2024-10-11,234,617
18208,2025-01-13,52,814
18209,2024-11-17,383,772
18210,2024-10-01,895,730
18211,2024-10-15,282,557
18212,2024-10-24,241,49
18213,2025-04-06,883,103
18214,2024-07-10,646,935
18215,2025-04-13,482,245
18216,2024-06-22,720,524
18217,2024-05-22,540,295
18218,2024-08-04,335,707
18219,2024-12-23,153,106
18220,2024-07-19,10,496
18221,2025-04-27,523,817
18222,2024-11-27,532,128
18223,2024-11-18,396,643
18224,2024-08-21,931,222
18225,2024-11-20,547,74
18226,2025-03-20,592,691
18227,2024-07-04,871,919
18228,2025-02-12,138,872
18229,2025-03-20,872,827
18230,2024-05-16,492,452
18231,2025-02-04,526,507
18232,2024-11-16,113,596
18233,2025-04-23,950,999
18234,2024-11-22,284,356
18235,2025-02-28,105,644
18236,2024-06-17,174,953
18237,2025-03-06,857,62
18238,2024-07-09,810,789
18239,2024-11-16,723,327
18240,2024-10-16,193,832
18241,2024-08-06,366,927
18242,2024-10-19,965,508
18243,2024-10-16,825,689
18244,2024-11-20,568,111
18245,2024-05-10,185,992
18246,2025-02-26,258,439
18247,2024-11-22,835,663
18248,2024-09-12,727,226
18249,2025-01-26,886,908
18250,2024-10-02,981,585
18251,2024-05-08,990,762
18252,2024-08-24,317,52
18253,2024-12-25,622,124
18254,2024-07-02,311,634
18255,2025-01-24,84,716
18256,2024-06-08,755,435
18257,2024-11-15,408,257
18258,2024-07-18,991,736
18259,2024-09-27,986,652
18260,2024-08-05,144,734
18261,2024-06-09,845,670
18262,2024-07-09,4,802
18263,2025-03-03,818,305
18264,2024-11-17,291,309
18265,2024-07-18,64,977
18266,2024-05-09,801,955
18267,2024-05-17,668,587
18268,2024-05-01,698,719
18269,2025-01-18,937,36
18270,2024-12-01,106,632
18271,2024-12-02,643,904
18272,2024-07-26,895,243
18273,2024-08-09,283,122
18274,2024-11-23,541,407
18275,2025-03-14,680,582
18276,2024-06-19,307,263
18277,2024-12-15,757,821
18278,2024-09-27,590,548
18279,2025-01-09,650,82
18280,2025-02-18,3,167
18281,2024-07-21,418,306
18282,2024-12-03,993,769
18283,2025-02-04,959,970
18284,2025-02-08,270,539
18285,2024-10-18,469,844
18286,2024-12-06,146,215
18287,2025-03-07,674,475
18288,2024-12-23,468,697
18289,2024-11-08,745,241
18290,2024-05-28,22,464
18291,2024-10-13,298,747
18292,2024-11-06,810,183
18293,2025-02-02,285,2
18294,2024-11-04,822,558
18295,2024-09-11,722,728
18296,2024-06-16,259,821
18297,2025-04-30,712,851
18298,2024-09-06,932,914
18299,2025-01-22,502,723
18300,2025-01-26,549,987
18301,2024-10-22,77,507
18302,2024-10-12,579,258
18303,2025-04-29,51,520
18304,2025-03-19,307,223
18305,2024-09-16,228,793
18306,2024-07-12,925,713
18307,2024-11-13,487,417
18308,2024-12-20,475,500
18309,2025-01-05,817,268
18310,2024-12-08,440,288
18311,2024-06-07,525,956
18312,2024-11-27,832,753
18313,2024-06-25,395,936
18314,2025-03-30,673,166
18315,2025-02-28,393,83
18316,2024-09-10,155,124
18317,2025-03-29,616,737
18318,2024-10-10,534,230
18319,2024-09-05,637,678
18320,2024-07-21,124,874
18321,2025-03-09,296,17
18322,2024-05-07,518,407
18323,2024-07-23,965,142
18324,2025-04-11,900,880
18325,2025-04-08,124,504
18326,2024-06-18,744,726
18327,2024-06-09,820,301
18328,2024-05-11,941,329
18329,2025-04-17,744,600
18330,2025-01-10,994,17
18331,2024-12-10,435,369
18332,2024-05-29,18,855
18333,2024-09-21,680,958
18334,2024-10-18,136,552
18335,2024-10-03,489,819
18336,2024-09-16,102,50
18337,2025-01-03,477,511
18338,2025-03-28,837,677
18339,2025-02-23,492,57
18340,2024-12-07,737,656
18341,2024-11-13,690,205
18342,2025-03-25,507,564
18343,2024-12-18,540,482
18344,2024-07-04,271,492
18345,2024-10-09,593,358
18346,2024-07-19,566,784
18347,2025-01-24,887,82
18348,2024-05-15,171,754
18349,2024-09-25,923,577
18350,2024-07-02,655,641
18351,2025-03-17,853,500
18352,2024-08-13,437,430
18353,2024-10-07,881,745
18354,2025-02-15,316,553
18355,2025-03-04,316,727
18356,2024-05-26,359,517
18357,2024-12-02,279,609
18358,2024-06-12,626,562
18359,2025-04-07,611,116
18360,2025-02-15,656,794
18361,2025-03-17,81,829
18362,2025-04-26,784,375
18363,2025-02-20,879,371
18364,2024-07-03,720,913
18365,2024-09-10,128,23
18366,2025-04-07,846,316
18367,2025-03-21,344,6
18368,2025-02-09,698,794
18369,2025-04-11,459,373
18370,2024-08-28,816,239
18371,2024-10-16,706,9
18372,2024-09-26,666,255
18373,2024-06-07,441,511
18374,2025-02-21,995,235
18375,2024-07-05,268,396
18376,2024-09-08,85,378
18377,2024-11-30,955,110
18378,2024-08-18,30,59
18379,2024-05-05,684,983
18380,2024-10-03,173,758
18381,2024-12-19,329,991
18382,2025-01-15,469,359
18383,2024-08-23,775,661
18384,2024-08-06,226,16
18385,2024-09-10,129,984
18386,2024-08-01,154,11
18387,2024-06-10,652,684
18388,2024-08-22,804,953
18389,2025-03-14,435,592
18390,2024-12-18,808,101
18391,2024-12-31,693,606
18392,2025-02-14,884,411
18393,2024-11-06,589,757
18394,2024-05-19,957,695
18395,2024-10-07,436,444
18396,2024-07-15,892,170
18397,2024-12-19,499,454
18398,2025-04-20,429,964
18399,2025-01-17,403,596
18400,2024-10-24,296,675
18401,2025-04-09,946,507
18402,2025-01-24,460,894
18403,2024-05-17,190,346
18404,2024-06-17,24,254
18405,2024-08-05,737,431
18406,2024-07-30,170,269
18407,2024-09-19,712,429
18408,2024-05-03,45,306
18409,2024-06-23,826,209
18410,2024-11-30,599,135
18411,2025-01-04,584,298
18412,2025-02-18,98,447
18413,2025-01-03,121,198
18414,2025-01-06,53,508
18415,2024-12-07,917,195
18416,2025-03-03,300,715
18417,2025-01-08,185,381
18418,2025-02-24,136,639
18419,2024-09-05,327,256
18420,2024-05-16,142,272
18421,2024-07-09,545,922
18422,2025-02-07,1,68
18423,2024-11-10,204,707
18424,2025-02-12,103,679
18425,2025-03-06,86,769
18426,2024-07-11,659,947
18427,2025-02-20,967,244
18428,2024-06-26,58,165
18429,2024-12-30,847,260
18430,2024-12-25,778,392
18431,2025-04-06,686,800
18432,2024-05-09,500,934
18433,2024-10-14,149,681
18434,2024-05-21,376,862
18435,2025-01-23,858,521
18436,2025-03-08,877,308
18437,2024-06-25,264,347
18438,2025-02-02,744,304
18439,2025-04-01,861,822
18440,2024-05-09,230,358
18441,2025-01-03,171,503
18442,2025-03-29,951,512
18443,2024-07-08,544,659
18444,2024-11-01,261,560
18445,2024-10-07,144,241
18446,2024-11-29,872,180
18447,2025-04-12,506,268
18448,2024-07-11,307,929
18449,2024-10-05,964,318
18450,2024-12-02,907,130
18451,2025-04-24,415,412
18452,2025-02-06,463,691
18453,2024-05-27,289,783
18454,2024-09-16,730,524
18455,2025-04-30,281,936
18456,2024-08-11,976,602
18457,2024-11-07,301,943
18458,2024-07-29,352,128
18459,2025-03-15,639,633
18460,2024-08-12,124,550
18461,2024-11-23,376,408
18462,2024-12-08,887,414
18463,2025-01-26,174,217
18464,2025-03-30,99,883
18465,2024-11-17,362,622
18466,2025-04-12,180,616
18467,2024-05-02,452,188
18468,2024-05-15,39,732
18469,2024-11-27,444,392
18470,2024-07-20,691,518
18471,2024-12-06,811,806
18472,2024-10-29,151,210
18473,2024-07-08,754,791
18474,2025-02-09,773,223
18475,2025-01-02,631,91
18476,2025-03-31,94,39
18477,2024-08-19,777,882
18478,2024-11-22,689,995
18479,2024-09-22,14,814
18480,2024-07-26,471,392
18481,2024-12-14,502,64
18482,2024-05-15,45,580
18483,2024-08-16,197,430
18484,2025-03-16,923,990
18485,2024-11-09,201,947
18486,2024-05-27,480,641
18487,2025-01-23,254,442
18488,2025-01-07,647,990
18489,2024-11-07,483,348
18490,2024-10-29,125,54
18491,2024-10-23,318,208
18492,2024-08-07,319,520
18493,2024-08-31,352,741
18494,2024-11-18,135,111
18495,2024-05-16,627,15
18496,2024-09-23,169,458
18497,2024-09-24,461,879
18498,2024-11-15,792,647
18499,2025-03-30,762,577
18500,2024-12-21,694,518
18501,2025-02-26,420,607
18502,2024-07-20,887,43
18503,2024-08-26,597,961
18504,2025-04-05,122,613
18505,2024-05-08,747,620
18506,2024-07-20,983,788
18507,2024-10-09,749,399
18508,2025-01-18,139,151
18509,2025-02-11,157,933
18510,2024-06-14,769,737
18511,2024-09-17,628,116
18512,2025-01-27,522,142
18513,2024-10-14,97,34
18514,2024-09-26,885,584
18515,2025-01-04,710,660
18516,2024-07-29,217,198
18517,2024-10-14,453,988
18518,2024-12-15,34,708
18519,2024-12-25,453,986
18520,2025-02-11,869,510
18521,2024-07-07,853,751
18522,2024-07-06,271,881
18523,2025-01-27,619,504
18524,2024-11-21,227,541
18525,2024-08-12,481,903
18526,2024-09-26,490,401
18527,2025-02-24,41,186
18528,2024-07-03,776,185
18529,2024-09-12,879,545
18530,2025-03-20,225,283
18531,2024-05-28,236,603
18532,2025-03-16,250,93
18533,2024-06-02,942,883
18534,2024-05-07,602,159
18535,2024-12-30,360,341
18536,2024-08-28,967,85
18537,2025-04-15,973,843
18538,2024-06-22,101,204
18539,2025-03-09,237,189
18540,2024-08-27,468,44
18541,2025-04-09,177,254
18542,2025-02-16,59,4
18543,2024-07-26,298,502
18544,2024-07-07,831,237
18545,2024-05-08,864,613
18546,2024-11-29,522,589
18547,2024-08-22,53,513
18548,2024-06-30,983,595
18549,2024-10-26,824,114
18550,2024-07-16,252,212
18551,2024-12-26,47,25
18552,2024-08-30,218,659
18553,2024-08-06,442,762
18554,2025-02-18,162,932
18555,2024-06-10,558,609
18556,2024-08-27,226,250
18557,2024-06-02,696,373
18558,2024-12-04,320,453
18559,2024-10-05,995,170
18560,2024-10-23,934,896
18561,2024-08-16,545,376
18562,2025-03-08,429,144
18563,2025-04-21,545,958
18564,2024-09-04,897,492
18565,2025-03-06,552,479
18566,2024-06-02,670,245
18567,2024-07-17,5,873
18568,2025-01-10,201,600
18569,2024-12-04,396,929
18570,2025-01-29,646,272
18571,2024-08-19,159,553
18572,2025-02-24,482,976
18573,2024-08-17,392,475
18574,2025-02-22,443,300
18575,2024-08-02,945,23
18576,2025-03-15,501,628
18577,2024-06-03,971,187
18578,2024-06-15,182,443
18579,2025-03-26,969,168
18580,2025-02-22,63,331
18581,2024-10-13,490,36
18582,2024-10-08,954,784
18583,2025-01-19,56,485
18584,2024-06-24,364,684
18585,2024-05-05,305,832
18586,2024-11-10,278,739
18587,2024-11-25,295,490
18588,2024-07-02,949,168
18589,2024-11-25,736,419
18590,2025-02-09,318,570
18591,2024-11-30,935,122
18592,2024-10-18,530,881
18593,2024-11-02,553,970
18594,2025-03-06,323,161
18595,2024-08-01,823,916
18596,2024-06-21,593,699
18597,2024-10-29,191,547
18598,2024-06-24,700,170
18599,2024-05-13,839,330
18600,2024-12-05,625,204
18601,2025-02-08,149,263
18602,2025-01-21,249,75
18603,2024-09-01,224,457
18604,2024-08-27,902,87
18605,2024-07-03,684,12
18606,2024-12-09,919,800
18607,2024-10-17,724,683
18608,2024-06-07,807,524
18609,2025-02-23,543,146
18610,2025-04-12,469,120
18611,2025-02-19,538,104
18612,2024-10-22,868,722
18613,2024-10-20,340,422
18614,2024-07-04,294,146
18615,2025-01-19,236,572
18616,2025-04-17,261,826
18617,2024-09-22,898,472
18618,2024-05-28,63,751
18619,2024-11-15,218,859
18620,2024-05-24,173,720
18621,2024-07-21,754,309
18622,2025-04-19,364,828
18623,2024-06-24,369,861
18624,2025-01-26,399,851
18625,2024-09-09,220,213
18626,2025-01-07,366,174
18627,2025-01-06,871,249
18628,2024-12-27,925,256
18629,2025-02-08,2,51
18630,2024-07-10,631,50
18631,2024-05-19,796,69
18632,2024-05-19,675,294
18633,2024-06-07,297,246
18634,2025-01-07,206,412
18635,2024-11-28,986,306
18636,2025-01-02,24,683
18637,2024-11-26,438,801
18638,2024-10-16,696,93
18639,2024-05-27,356,987
18640,2024-07-16,945,654
18641,2024-09-21,353,299
18642,2024-07-02,341,40
18643,2024-09-09,653,127
18644,2024-07-16,845,430
18645,2024-06-20,477,587
18646,2024-09-10,918,143
18647,2024-11-27,968,843
18648,2024-11-04,279,896
18649,2024-06-11,5,78
18650,2024-12-07,288,509
18651,2025-02-27,850,996
18652,2024-11-06,582,906
18653,2025-01-27,462,776
18654,2025-03-25,818,819
18655,2024-07-09,519,156
18656,2024-11-28,87,953
18657,2024-09-09,946,116
18658,2024-08-11,796,151
18659,2025-01-12,340,971
18660,2024-07-20,371,626
18661,2024-12-31,593,401
18662,2024-08-11,372,881
18663,2025-02-02,839,546
18664,2024-12-20,355,787
18665,2024-05-17,927,632
18666,2024-09-09,50,730
18667,2024-10-02,972,247
18668,2024-07-01,548,414
18669,2024-07-05,676,747
18670,2025-04-27,23,261
18671,2025-01-18,279,879
18672,2024-05-22,689,787
18673,2025-03-21,87,325
18674,2025-02-20,98,13
18675,2025-01-05,678,658
18676,2024-09-17,899,856
18677,2025-03-30,951,279
18678,2024-06-25,896,492
18679,2024-10-18,844,75
18680,2024-08-18,267,90
18681,2024-09-19,421,988
18682,2025-02-03,687,530
18683,2024-12-11,894,250
18684,2025-01-09,925,789
18685,2025-03-12,177,670
18686,2024-09-22,843,343
18687,2024-05-10,814,855
18688,2025-02-13,326,850
18689,2024-12-26,210,89
18690,2024-09-20,834,216
18691,2024-06-07,132,670
18692,2024-08-02,218,8
18693,2024-09-23,243,605
18694,2024-12-31,912,463
18695,2024-11-21,783,103
18696,2024-06-17,426,707
18697,2025-03-30,386,217
18698,2024-06-19,23,649
18699,2024-06-06,13,896
18700,2025-04-06,732,323
18701,2024-09-11,396,999
18702,2025-03-07,18,536
18703,2024-09-04,478,724
18704,2025-03-18,493,227
18705,2024-11-11,629,413
18706,2025-04-05,736,290
18707,2024-06-21,515,834
18708,2024-06-13,690,998
18709,2025-03-24,469,188
18710,2024-11-12,493,55
18711,2024-11-06,298,864
18712,2025-04-19,93,914
18713,2024-09-25,197,503
18714,2024-08-11,788,489
18715,2024-05-19,652,65
18716,2025-03-23,636,671
18717,2024-09-21,861,890
18718,2025-01-14,789,666
18719,2024-06-17,16,797
18720,2024-09-05,880,676
18721,2024-09-18,407,380
18722,2024-07-31,947,167
18723,2025-01-04,503,994
18724,2025-01-31,243,328
18725,2024-07-21,921,252
18726,2025-01-07,513,317
18727,2025-02-13,176,601
18728,2025-04-07,364,814
18729,2025-03-22,425,163
18730,2024-05-11,701,59
18731,2025-01-01,99,627
18732,2024-08-22,830,846
18733,2024-11-04,271,184
18734,2025-03-19,111,218
18735,2024-11-17,830,547
18736,2025-03-06,838,249
18737,2024-08-20,36,875
18738,2025-03-19,491,535
18739,2024-08-03,456,657
18740,2024-07-18,199,256
18741,2024-07-14,849,123
18742,2024-07-11,971,122
18743,2024-09-30,611,345
18744,2024-12-01,266,426
18745,2025-04-03,57,868
18746,2025-02-13,363,422
18747,2025-03-18,888,988
18748,2024-12-03,54,419
18749,2024-11-06,832,815
18750,2025-04-01,178,178
18751,2024-09-15,310,907
18752,2025-01-03,230,839
18753,2024-05-12,913,851
18754,2024-11-24,275,708
18755,2024-10-02,988,171
18756,2024-06-29,691,978
18757,2024-06-18,160,671
18758,2025-03-31,111,100
18759,2024-07-24,590,174
18760,2025-02-02,686,926
18761,2025-03-11,279,428
18762,2024-10-12,27,658
18763,2025-01-09,185,262
18764,2024-05-18,995,364
18765,2024-07-21,116,556
18766,2025-03-08,762,610
18767,2025-01-19,716,652
18768,2025-03-10,56,462
18769,2025-03-12,781,199
18770,2025-02-03,459,768
18771,2024-08-06,362,327
18772,2024-05-12,695,569
18773,2024-09-26,304,640
18774,2024-12-15,112,49
18775,2025-03-14,981,670
18776,2024-10-22,432,336
18777,2024-12-25,797,319
18778,2025-01-28,342,272
18779,2024-07-23,372,964
18780,2025-04-05,431,789
18781,2024-11-11,816,270
18782,2025-03-16,304,625
18783,2025-04-21,787,22
18784,2025-01-30,849,468
18785,2025-02-06,179,890
18786,2024-07-27,211,243
18787,2025-04-10,770,311
18788,2024-08-29,360,517
18789,2025-03-17,820,148
18790,2024-08-26,107,184
18791,2024-07-01,797,329
18792,2024-08-26,118,653
18793,2025-02-03,536,853
18794,2025-03-19,422,901
18795,2024-12-31,28,568
18796,2024-08-06,776,561
18797,2024-07-17,242,814
18798,2024-12-07,206,545
18799,2024-05-12,924,362
18800,2024-11-22,226,840
18801,2024-08-26,856,635
18802,2025-02-18,155,218
18803,2024-11-17,28,394
18804,2024-05-24,98,61
18805,2024-07-26,169,553
18806,2024-10-19,68,684
18807,2024-09-09,352,522
18808,2024-06-18,675,462
18809,2025-03-06,993,458
18810,2024-11-18,880,146
18811,2025-02-11,729,715
18812,2025-04-21,372,522
18813,2025-01-07,882,466
18814,2024-09-26,4,830
18815,2024-12-12,372,398
18816,2024-06-13,208,68
18817,2024-10-20,497,579
18818,2024-07-13,447,4
18819,2024-05-08,752,580
18820,2024-05-19,866,723
18821,2024-08-08,985,396
18822,2025-03-27,918,512
18823,2025-01-18,656,448
18824,2025-04-05,906,509
18825,2024-05-03,266,717
18826,2025-03-12,964,618
18827,2024-09-21,578,971
18828,2025-04-09,189,547
18829,2025-02-05,705,144
18830,2024-09-01,354,861
18831,2025-03-26,812,304
18832,2025-01-14,915,773
18833,2024-09-02,73,991
18834,2024-12-26,842,761
18835,2024-06-01,604,361
18836,2025-02-05,228,64
18837,2024-09-18,180,118
18838,2025-04-10,510,938
18839,2024-11-17,808,359
18840,2024-05-27,438,336
18841,2024-07-14,509,985
18842,2025-04-15,11,715
18843,2024-11-02,400,295
18844,2024-10-28,76,226
18845,2024-11-26,377,591
18846,2024-07-16,545,820
18847,2025-04-13,795,603
18848,2024-06-13,596,247
18849,2025-02-25,500,246
18850,2024-12-06,34,962
18851,2024-05-28,684,623
18852,2025-03-01,707,877
18853,2024-07-19,592,40
18854,2024-09-24,2,870
18855,2024-12-03,148,916
18856,2024-08-21,847,754
18857,2025-02-24,181,352
18858,2025-01-31,825,423
18859,2024-10-24,341,170
18860,2025-03-15,71,247
18861,2024-07-26,551,834
18862,2024-06-22,441,649
18863,2025-03-07,82,807
18864,2025-03-15,41,759
18865,2024-07-14,416,445
18866,2025-04-10,747,803
18867,2024-10-07,435,80
18868,2024-08-04,604,757
18869,2025-02-20,646,797
18870,2025-01-08,255,179
18871,2025-03-05,741,712
18872,2025-03-31,566,232
18873,2024-12-02,631,889
18874,2024-09-06,580,431
18875,2024-12-16,369,778
18876,2024-05-22,196,712
18877,2024-12-07,56,735
18878,2024-06-19,606,279
18879,2024-10-09,184,836
18880,2024-09-10,336,1000
18881,2024-10-19,988,319
18882,2024-06-27,621,304
18883,2024-12-18,700,962
18884,2025-03-12,878,449
18885,2024-07-20,82,42
18886,2024-08-18,190,392
18887,2025-03-21,949,345
18888,2025-01-31,611,56
18889,2024-12-15,312,473
18890,2024-11-21,732,736
18891,2024-05-22,448,367
18892,2024-06-09,360,127
18893,2024-10-16,802,889
18894,2024-11-18,534,901
18895,2025-04-30,547,787
18896,2024-06-08,590,665
18897,2025-01-20,765,104
18898,2024-06-23,813,605
18899,2024-05-15,53,930
18900,2024-10-14,695,570
18901,2024-11-29,649,773
18902,2024-07-22,80,148
18903,2024-10-30,859,830
18904,2024-11-30,21,554
18905,2025-04-11,481,523
18906,2024-09-16,257,28
18907,2024-12-20,655,498
18908,2024-08-17,213,484
18909,2024-07-21,924,836
18910,2024-10-12,988,581
18911,2024-07-29,19,261
18912,2024-07-08,477,680
18913,2025-02-20,339,927
18914,2024-11-02,766,279
18915,2024-07-04,545,706
18916,2025-03-01,810,496
18917,2025-04-24,141,293
18918,2024-05-26,89,75
18919,2024-06-15,638,417
18920,2025-01-17,237,253
18921,2024-10-09,96,390
18922,2025-03-03,246,174
18923,2024-08-18,973,435
18924,2024-10-05,991,611
18925,2024-09-30,674,665
18926,2024-12-28,7,706
18927,2024-07-28,518,641
18928,2025-03-28,669,957
18929,2024-09-28,443,424
18930,2024-09-23,197,1
18931,2025-04-24,717,207
18932,2025-03-09,525,269
18933,2025-01-26,614,432
18934,2024-10-21,206,266
18935,2025-02-03,63,326
18936,2024-05-03,795,173
18937,2024-07-10,602,204
18938,2024-10-29,883,187
18939,2024-09-19,115,190
18940,2025-02-10,146,961
18941,2024-09-19,898,183
18942,2024-07-07,415,474
18943,2025-01-22,749,384
18944,2024-05-16,322,162
18945,2024-05-07,634,609
18946,2024-09-04,387,248
18947,2025-02-28,613,100
18948,2024-11-28,495,763
18949,2024-07-31,43,247
18950,2024-09-15,157,966
18951,2025-03-22,860,112
18952,2025-02-15,435,557
18953,2024-08-09,235,724
18954,2024-07-31,100,269
18955,2024-08-11,818,890
18956,2025-02-12,780,55
18957,2024-08-07,149,905
18958,2024-09-14,778,617
18959,2025-01-11,818,979
18960,2024-11-27,290,920
18961,2024-10-28,341,701
18962,2024-09-09,86,994
18963,2025-01-27,515,84
18964,2025-01-01,361,704
18965,2024-08-09,760,443
18966,2024-05-26,189,992
18967,2024-10-25,597,58
18968,2024-05-29,958,374
18969,2024-11-14,563,549
18970,2024-11-10,817,792
18971,2024-08-02,94,519
18972,2024-08-28,581,589
18973,2024-12-16,975,226
18974,2024-10-21,335,680
18975,2024-06-06,348,281
18976,2025-03-10,14,708
18977,2024-09-28,519,172
18978,2024-09-17,835,737
18979,2024-05-23,598,79
18980,2025-03-06,92,879
18981,2024-05-11,830,969
18982,2024-10-23,639,658
18983,2024-07-29,397,814
18984,2024-09-21,809,76
18985,2024-05-23,540,735
18986,2024-11-07,276,68
18987,2024-08-18,49,350
18988,2024-09-24,569,546
18989,2024-09-07,637,488
18990,2024-11-05,510,667
18991,2025-03-29,34,390
18992,2024-07-18,300,56
18993,2024-06-10,800,171
18994,2024-12-07,391,503
18995,2024-09-28,407,109
18996,2025-03-01,970,520
18997,2025-04-16,725,675
18998,2024-08-27,940,826
18999,2024-05-08,960,876
19000,2024-06-21,959,480
19001,2024-11-02,942,221
19002,2025-02-06,183,28
19003,2024-05-26,540,652
19004,2024-07-17,498,306
19005,2025-04-03,24,656
19006,2024-10-24,15,511
19007,2024-08-17,489,207
19008,2025-02-09,192,531
19009,2024-12-03,546,658
19010,2024-06-28,957,325
19011,2024-09-08,253,99
19012,2025-04-03,311,216
19013,2024-11-28,744,189
19014,2024-09-19,780,908
19015,2024-07-06,954,848
19016,2025-01-10,251,526
19017,2024-06-18,467,647
19018,2024-12-21,867,814
19019,2024-11-15,302,692
19020,2024-12-08,937,642
19021,2024-08-05,904,284
19022,2025-01-24,902,205
19023,2024-10-03,983,895
19024,2024-06-02,748,578
19025,2025-01-18,566,294
19026,2024-09-24,336,82
19027,2025-01-04,412,415
19028,2025-04-05,162,789
19029,2024-10-08,984,370
19030,2024-08-20,99,77
19031,2024-08-19,533,890
19032,2024-08-23,207,398
19033,2024-07-24,854,32
19034,2025-03-16,910,215
19035,2025-04-10,115,324
19036,2025-02-09,954,362
19037,2025-02-09,167,183
19038,2025-01-26,714,114
19039,2024-06-25,109,175
19040,2025-03-29,452,62
19041,2025-02-08,94,243
19042,2025-04-27,205,54
19043,2024-09-11,119,870
19044,2024-05-22,249,977
19045,2024-12-24,506,509
19046,2025-04-02,536,387
19047,2024-06-19,283,323
19048,2025-03-28,932,641
19049,2024-09-02,741,881
19050,2024-12-29,109,397
19051,2024-08-10,688,560
19052,2024-12-23,332,788
19053,2024-11-09,1000,727
19054,2024-06-27,986,194
19055,2024-08-07,315,596
19056,2024-10-01,536,952
19057,2024-06-29,58,131
19058,2025-01-24,38,883
19059,2024-06-12,5,195
19060,2025-04-11,642,956
19061,2024-08-23,362,768
19062,2025-01-29,545,580
19063,2025-01-23,699,332
19064,2025-03-13,657,38
19065,2025-03-16,450,244
19066,2025-02-01,886,396
19067,2025-02-27,999,180
19068,2024-10-02,492,426
19069,2025-01-12,401,465
19070,2024-11-10,825,330
19071,2024-06-05,198,267
19072,2025-03-24,627,93
19073,2024-07-16,590,644
19074,2024-10-29,967,277
19075,2025-01-01,338,64
19076,2025-03-26,105,687
19077,2024-06-16,454,263
19078,2025-01-10,800,220
19079,2024-08-12,64,833
19080,2024-09-17,689,206
19081,2024-12-31,687,264
19082,2024-05-02,30,257
19083,2025-02-16,490,232
19084,2025-03-30,942,840
19085,2024-06-24,179,809
19086,2024-11-20,249,891
19087,2024-10-16,307,772
19088,2024-08-13,458,490
19089,2024-07-13,617,664
19090,2024-12-24,89,118
19091,2024-11-19,562,769
19092,2025-02-10,990,277
19093,2025-03-06,715,294
19094,2025-04-18,998,107
19095,2024-09-25,309,691
19096,2024-10-06,754,132
19097,2024-05-26,295,136
19098,2024-05-11,791,826
19099,2024-10-25,502,151
19100,2024-08-13,302,337
19101,2024-07-11,306,657
19102,2024-10-16,495,702
19103,2024-05-24,796,585
19104,2024-05-03,993,610
19105,2024-09-18,18,949
19106,2024-05-22,166,799
19107,2025-02-20,867,42
19108,2025-03-22,766,551
19109,2024-12-18,91,384
19110,2024-11-11,998,486
19111,2025-03-27,837,814
19112,2024-11-21,589,470
19113,2025-03-01,391,484
19114,2024-06-30,605,385
19115,2025-02-09,973,153
19116,2024-10-07,194,420
19117,2025-03-08,391,912
19118,2024-12-31,539,798
19119,2024-09-28,526,20
19120,2024-06-08,428,95
19121,2024-09-04,201,425
19122,2024-12-13,798,693
19123,2024-08-10,545,849
19124,2025-01-22,300,818
19125,2024-05-01,421,599
19126,2024-11-25,500,738
19127,2024-05-03,398,935
19128,2025-04-18,8,346
19129,2024-07-19,94,838
19130,2025-02-19,901,177
19131,2025-01-15,811,663
19132,2024-06-22,584,447
19133,2024-07-05,695,225
19134,2024-08-04,554,41
19135,2024-12-08,956,991
19136,2025-03-09,166,604
19137,2025-01-03,772,302
19138,2024-05-20,638,536
19139,2024-08-27,865,670
19140,2025-01-23,297,367
19141,2024-09-25,392,58
19142,2025-04-26,101,542
19143,2024-12-23,926,747
19144,2025-04-20,151,863
19145,2024-05-16,438,831
19146,2024-07-04,377,704
19147,2024-09-17,843,953
19148,2025-02-26,222,665
19149,2024-11-22,919,10
19150,2024-12-01,910,421
19151,2025-02-26,922,662
19152,2025-02-07,934,919
19153,2024-06-30,963,53
19154,2025-02-10,913,723
19155,2024-08-14,741,505
19156,2024-10-25,23,719
19157,2024-12-05,218,441
19158,2025-02-07,782,993
19159,2024-04-30,633,976
19160,2024-06-01,84,500
19161,2024-07-19,533,939
19162,2024-07-07,240,878
19163,2024-06-06,770,789
19164,2025-02-27,606,70
19165,2024-10-13,481,303
19166,2024-11-22,928,656
19167,2024-11-11,804,330
19168,2025-03-31,482,692
19169,2024-10-04,828,668
19170,2024-12-18,670,996
19171,2024-09-04,708,331
19172,2025-01-31,99,497
19173,2024-09-09,45,888
19174,2024-11-06,976,983
19175,2025-01-20,893,121
19176,2024-09-26,500,101
19177,2024-12-01,665,263
19178,2024-10-27,432,62
19179,2024-05-09,549,294
19180,2024-05-20,722,640
19181,2024-08-15,127,384
19182,2024-11-05,950,344
19183,2024-07-06,119,806
19184,2025-01-19,586,916
19185,2025-01-29,457,981
19186,2024-06-07,398,440
19187,2024-06-08,461,36
19188,2025-03-29,1,658
19189,2024-07-28,570,204
19190,2024-05-16,855,251
19191,2025-04-14,283,865
19192,2024-06-05,382,91
19193,2024-10-20,689,253
19194,2025-03-05,650,779
19195,2024-05-14,451,550
19196,2025-03-09,690,173
19197,2024-10-16,493,109
19198,2024-12-02,163,596
19199,2024-06-29,778,146
19200,2024-06-12,563,699
19201,2024-10-11,500,266
19202,2025-01-30,202,749
19203,2025-01-15,431,76
19204,2024-11-17,452,701
19205,2025-02-21,561,932
19206,2024-06-13,322,906
19207,2025-02-01,777,858
19208,2024-05-02,597,224
19209,2025-04-24,526,43
19210,2025-01-17,158,629
19211,2025-02-28,798,597
19212,2025-02-03,418,789
19213,2024-05-10,463,937
19214,2024-07-20,21,934
19215,2025-03-13,954,382
19216,2025-04-19,580,259
19217,2024-09-21,890,991
19218,2024-11-12,434,572
19219,2024-07-16,746,662
19220,2024-11-12,847,659
19221,2024-11-25,773,960
19222,2025-01-14,366,40
19223,2024-09-24,995,267
19224,2025-01-15,625,765
19225,2025-02-07,488,845
19226,2024-10-05,767,642
19227,2025-04-02,471,552
19228,2024-06-05,215,148
19229,2024-10-17,531,479
19230,2025-04-12,321,478
19231,2024-12-16,385,74
19232,2025-03-12,286,2
19233,2024-08-28,626,955
19234,2025-03-02,753,188
19235,2025-04-24,283,96
19236,2025-01-24,387,275
19237,2024-06-09,439,247
19238,2024-06-30,993,723
19239,2025-03-03,429,796
19240,2024-10-11,44,775
19241,2025-03-06,860,213
19242,2024-10-17,355,336
19243,2024-08-05,722,965
19244,2025-01-15,32,212
19245,2024-12-07,128,830
19246,2024-12-28,598,620
19247,2024-06-19,67,991
19248,2025-02-26,697,450
19249,2024-12-22,452,274
19250,2024-06-24,698,546
19251,2024-10-17,114,884
19252,2024-12-22,989,225
19253,2025-04-11,205,889
19254,2024-11-10,872,21
19255,2024-12-23,877,763
19256,2025-01-09,874,13
19257,2024-12-21,261,78
19258,2025-03-01,923,998
19259,2024-06-21,900,262
19260,2024-07-05,597,217
19261,2024-10-21,401,258
19262,2025-03-08,922,488
19263,2024-08-05,131,88
19264,2025-02-12,279,75
19265,2024-07-18,361,869
19266,2025-04-20,430,240
19267,2025-01-06,998,244
19268,2024-08-13,858,818
19269,2025-03-06,988,106
19270,2024-07-27,631,794
19271,2024-07-23,126,458
19272,2024-08-18,847,832
19273,2024-07-02,325,737
19274,2025-01-25,743,96
19275,2024-09-08,525,496
19276,2025-01-09,181,914
19277,2024-11-04,249,959
19278,2024-05-08,434,491
19279,2024-10-08,47,699
19280,2025-04-09,145,18
19281,2025-01-30,325,773
19282,2024-11-27,454,661
19283,2025-01-02,830,350
19284,2025-03-05,469,182
19285,2024-09-27,694,104
19286,2025-03-27,566,534
19287,2024-08-10,590,422
19288,2024-10-03,164,773
19289,2024-09-29,624,6
19290,2024-08-31,850,809
19291,2024-12-16,40,624
19292,2024-06-23,265,635
19293,2024-05-15,181,551
19294,2024-07-26,904,999
19295,2024-08-09,644,618
19296,2024-06-07,237,613
19297,2024-10-22,1,80
19298,2025-02-02,809,787
19299,2024-08-28,656,717
19300,2025-01-26,991,291
19301,2024-05-30,315,628
19302,2025-01-11,430,665
19303,2025-01-10,794,808
19304,2024-06-13,877,744
19305,2025-03-07,37,120
19306,2025-01-26,333,418
19307,2024-05-26,943,431
19308,2024-11-05,538,767
19309,2024-11-22,4,430
19310,2025-01-28,280,84
19311,2024-08-09,688,530
19312,2025-03-27,888,443
19313,2025-04-15,939,114
19314,2024-05-17,442,1000
19315,2024-11-25,455,322
19316,2025-04-12,678,679
19317,2025-04-26,85,413
19318,2024-07-06,999,28
19319,2025-04-15,337,979
19320,2024-08-07,474,759
19321,2025-02-28,188,324
19322,2025-01-18,399,692
19323,2024-12-23,270,493
19324,2024-10-18,673,391
19325,2024-11-22,461,59
19326,2024-06-12,571,861
19327,2024-10-08,994,830
19328,2024-08-02,679,20
19329,2024-12-09,389,880
19330,2025-03-16,806,181
19331,2024-07-23,671,803
19332,2025-04-08,706,616
19333,2024-09-11,852,237
19334,2025-04-04,728,525
19335,2024-07-08,472,752
19336,2024-10-02,784,151
19337,2024-11-08,125,900
19338,2024-10-07,730,589
19339,2024-05-25,745,836
19340,2024-05-11,476,725
19341,2024-05-02,489,687
19342,2024-06-18,216,659
19343,2024-12-08,539,404
19344,2024-11-12,863,386
19345,2024-09-28,656,11
19346,2024-05-07,992,662
19347,2025-01-04,482,546
19348,2025-04-29,232,478
19349,2025-02-11,404,736
19350,2024-09-21,402,489
19351,2024-07-04,455,732
19352,2024-12-21,144,119
19353,2025-01-16,797,693
19354,2024-09-21,70,468
19355,2025-01-26,725,12
19356,2025-04-07,527,857
19357,2025-04-06,818,46
19358,2024-05-27,346,666
19359,2025-01-20,323,161
19360,2025-01-18,949,364
19361,2024-05-19,427,295
19362,2025-01-28,905,679
19363,2025-01-27,565,377
19364,2024-11-29,90,187
19365,2025-04-25,103,757
19366,2024-05-29,384,970
19367,2024-09-18,232,881
19368,2024-11-21,989,24
19369,2024-05-31,647,598
19370,2025-04-27,627,957
19371,2025-03-01,243,413
19372,2024-07-24,163,642
19373,2024-09-26,212,54
19374,2024-10-14,787,900
19375,2024-05-11,535,849
19376,2024-05-19,250,656
19377,2025-04-27,572,64
19378,2024-08-03,689,691
19379,2024-05-22,319,836
19380,2024-08-15,847,39
19381,2024-07-05,956,639
19382,2025-01-29,553,103
19383,2025-02-16,186,59
19384,2024-10-21,478,124
19385,2025-02-07,323,701
19386,2024-11-05,69,554
19387,2025-03-11,214,213
19388,2024-12-25,908,82
19389,2025-03-08,920,309
19390,2025-04-06,633,425
19391,2024-07-14,124,684
19392,2025-03-15,56,611
19393,2024-11-10,21,393
19394,2024-07-24,225,300
19395,2024-05-23,606,860
19396,2024-09-22,725,328
19397,2025-03-07,507,545
19398,2024-09-10,35,877
19399,2024-12-20,588,976
19400,2025-02-28,250,753
19401,2024-12-13,851,762
19402,2025-03-06,948,640
19403,2024-07-25,439,713
19404,2024-10-14,625,380
19405,2025-01-25,329,278
19406,2024-07-31,767,860
19407,2024-11-09,445,735
19408,2024-05-01,939,738
19409,2024-08-12,358,25
19410,2024-09-18,721,71
19411,2024-10-11,606,679
19412,2025-03-27,335,439
19413,2024-09-13,884,757
19414,2025-04-09,188,657
19415,2024-10-23,557,907
19416,2025-03-02,171,411
19417,2025-04-20,981,500
19418,2024-10-22,838,762
19419,2024-10-05,687,206
19420,2024-06-03,490,155
19421,2024-08-11,260,936
19422,2024-08-29,103,185
19423,2024-06-19,424,194
19424,2025-01-12,377,144
19425,2025-03-17,834,722
19426,2024-05-12,859,601
19427,2024-12-25,459,160
19428,2024-06-06,66,642
19429,2025-02-18,689,562
19430,2024-12-28,474,139
19431,2025-01-17,767,312
19432,2024-12-18,738,413
19433,2024-09-29,351,19
19434,2024-07-03,861,648
19435,2025-04-21,114,25
19436,2025-03-18,94,686
19437,2024-11-19,196,119
19438,2024-12-27,253,249
19439,2024-09-30,67,850
19440,2025-03-10,641,295
19441,2024-06-03,822,194
19442,2024-09-09,637,916
19443,2025-03-15,976,128
19444,2024-07-05,3,280
19445,2025-04-13,421,64
19446,2024-11-14,921,120
19447,2024-06-16,211,587
19448,2024-12-18,922,341
19449,2024-08-19,41,282
19450,2024-05-02,298,400
19451,2024-05-07,573,528
19452,2024-10-06,187,953
19453,2025-04-15,704,913
19454,2024-10-06,940,56
19455,2024-05-06,969,708
19456,2025-02-09,638,4
19457,2024-12-29,456,207
19458,2025-01-11,253,140
19459,2024-11-15,116,810
19460,2025-01-21,580,441
19461,2025-04-10,839,315
19462,2024-08-12,767,600
19463,2025-04-17,968,709
19464,2024-10-10,77,735
19465,2025-01-17,315,30
19466,2024-10-23,815,716
19467,2024-08-28,819,872
19468,2024-06-07,54,998
19469,2024-10-26,356,46
19470,2024-05-19,352,81
19471,2025-03-14,433,220
19472,2025-04-21,980,736
19473,2025-04-02,836,792
19474,2024-11-16,425,412
19475,2024-11-15,261,390
19476,2024-09-23,514,713
19477,2024-09-10,152,790
19478,2024-11-17,282,305
19479,2024-07-24,283,276
19480,2025-04-11,984,266
19481,2024-06-01,895,308
19482,2024-06-05,247,126
19483,2025-03-03,483,74
19484,2024-12-12,870,711
19485,2024-07-28,157,129
19486,2025-04-23,656,149
19487,2024-06-01,30,104
19488,2025-04-08,717,54
19489,2024-10-16,545,748
19490,2024-10-21,192,373
19491,2024-05-29,232,372
19492,2024-06-26,655,978
19493,2024-11-23,784,988
19494,2024-09-09,412,552
19495,2024-08-14,824,283
19496,2024-12-31,121,304
19497,2025-01-02,976,225
19498,2024-12-23,271,231
19499,2024-05-30,65,824
19500,2025-04-05,551,681
19501,2025-03-31,803,78
19502,2024-08-14,509,228
19503,2024-10-17,996,296
19504,2024-08-28,424,549
19505,2024-07-11,941,746
19506,2025-02-18,664,35
19507,2024-11-13,144,472
19508,2024-07-02,688,306
19509,2024-07-03,410,716
19510,2025-03-27,132,296
19511,2024-06-02,680,104
19512,2024-09-17,530,949
19513,2025-04-29,460,167
19514,2024-06-04,926,16
19515,2024-09-20,680,343
19516,2024-09-04,74,943
19517,2024-11-10,399,541
19518,2025-03-24,697,55
19519,2024-06-14,592,573
19520,2025-02-26,864,812
19521,2024-07-09,432,966
19522,2024-11-10,172,558
19523,2024-08-13,124,779
19524,2024-09-23,567,598
19525,2024-11-19,212,199
19526,2024-12-09,138,52
19527,2024-06-14,889,257
19528,2024-05-18,860,654
19529,2024-09-24,50,397
19530,2024-12-02,427,108
19531,2024-10-21,296,282
19532,2024-10-16,907,432
19533,2025-04-19,23,505
19534,2025-04-11,746,424
19535,2025-01-19,521,458
19536,2024-08-23,291,3
19537,2024-12-28,977,485
19538,2025-03-08,711,526
19539,2024-07-03,985,611
19540,2024-10-24,993,37
19541,2024-12-23,884,812
19542,2024-07-24,126,861
19543,2024-07-09,270,39
19544,2024-06-14,491,773
19545,2025-02-20,669,13
19546,2025-03-27,792,225
19547,2025-04-14,81,305
19548,2024-07-13,727,618
19549,2024-06-16,955,110
19550,2024-05-21,579,947
19551,2024-08-01,693,380
19552,2024-12-27,536,957
19553,2025-04-23,165,74
19554,2024-09-11,705,140
19555,2024-12-15,356,26
19556,2024-10-02,801,176
19557,2025-04-05,467,467
19558,2024-05-24,841,442
19559,2024-07-11,925,377
19560,2025-02-25,80,585
19561,2024-12-23,93,232
19562,2024-07-07,711,8
19563,2024-08-22,822,817
19564,2024-05-06,86,674
19565,2025-03-08,351,2
19566,2024-07-12,332,770
19567,2024-12-09,201,178
19568,2024-05-22,965,824
19569,2024-08-02,695,193
19570,2024-11-02,267,298
19571,2024-11-03,785,997
19572,2024-11-16,422,776
19573,2025-02-17,305,689
19574,2024-12-19,664,832
19575,2025-01-06,477,724
19576,2024-06-18,148,446
19577,2024-10-11,862,93
19578,2025-01-28,892,809
19579,2024-08-17,894,886
19580,2025-03-16,120,883
19581,2025-04-10,380,178
19582,2024-07-27,265,115
19583,2025-03-06,537,56
19584,2024-06-06,283,963
19585,2024-12-23,254,752
19586,2025-01-30,333,368
19587,2024-11-21,885,515
19588,2025-02-08,215,247
19589,2024-12-28,848,751
19590,2024-09-25,886,484
19591,2024-11-09,604,755
19592,2024-09-22,8,390
19593,2024-07-11,127,448
19594,2025-01-29,809,685
19595,2024-07-14,333,551
19596,2024-06-15,918,392
19597,2024-11-16,198,558
19598,2024-08-10,159,778
19599,2024-08-24,197,867
19600,2024-12-21,968,846
19601,2024-11-08,536,798
19602,2024-07-14,519,222
19603,2024-06-26,521,976
19604,2025-03-05,251,181
19605,2024-11-16,398,758
19606,2025-01-29,537,178
19607,2025-04-28,693,86
19608,2024-05-03,785,79
19609,2025-02-03,70,972
19610,2024-05-13,886,187
19611,2024-05-20,92,330
19612,2025-03-24,892,192
19613,2024-12-20,328,564
19614,2025-04-21,932,503
19615,2025-04-22,498,590
19616,2024-05-30,402,969
19617,2024-07-27,668,106
19618,2024-05-02,126,645
19619,2024-10-03,861,718
19620,2024-11-18,309,560
19621,2024-05-03,844,754
19622,2025-02-05,323,571
19623,2024-11-12,853,467
19624,2025-01-04,865,592
19625,2025-04-25,183,641
19626,2025-03-20,144,223
19627,2025-03-17,523,229
19628,2024-06-12,367,361
19629,2024-10-26,548,742
19630,2024-09-05,835,347
19631,2024-10-04,6,356
19632,2025-02-14,78,513
19633,2025-01-14,894,575
19634,2024-11-04,984,939
19635,2024-05-15,494,404
19636,2025-02-12,228,875
19637,2024-09-29,337,347
19638,2024-07-17,474,663
19639,2024-12-06,174,633
19640,2024-12-02,114,541
19641,2024-10-19,542,241
19642,2025-04-27,174,113
19643,2024-11-07,266,656
19644,2024-11-12,34,747
19645,2024-09-24,946,710
19646,2025-04-25,701,309
19647,2024-10-11,775,631
19648,2024-07-10,984,922
19649,2024-08-14,330,624
19650,2025-03-08,177,985
19651,2024-10-24,624,862
19652,2025-01-26,633,168
19653,2024-10-12,215,153
19654,2024-12-23,148,58
19655,2025-04-09,990,902
19656,2024-07-30,955,689
19657,2024-07-07,714,875
19658,2024-11-08,326,447
19659,2024-11-12,72,773
19660,2025-04-08,629,47
19661,2024-12-14,162,873
19662,2024-12-23,234,905
19663,2024-06-21,579,10
19664,2024-07-16,165,290
19665,2024-10-15,693,335
19666,2024-06-06,689,522
19667,2025-01-19,161,409
19668,2024-06-01,180,958
19669,2025-01-24,397,71
19670,2024-07-22,977,358
19671,2024-08-20,316,489
19672,2024-12-23,596,236
19673,2024-09-16,877,626
19674,2024-09-28,922,901
19675,2024-05-10,411,680
19676,2024-09-17,843,103
19677,2025-04-23,777,692
19678,2024-05-05,450,832
19679,2024-08-30,424,59
19680,2024-08-07,859,706
19681,2025-04-28,94,182
19682,2024-08-17,638,808
19683,2024-06-08,939,161
19684,2024-06-16,552,631
19685,2024-12-07,66,543
19686,2025-02-07,483,789
19687,2024-06-08,139,629
19688,2024-09-03,920,722
19689,2025-01-28,781,121
19690,2024-06-13,343,708
19691,2025-01-19,689,252
19692,2025-03-20,694,513
19693,2024-07-23,195,661
19694,2024-09-12,189,120
19695,2025-01-07,375,401
19696,2024-07-19,512,985
19697,2024-09-06,825,988
19698,2024-10-11,119,868
19699,2025-01-09,700,159
19700,2024-10-03,404,337
19701,2024-10-30,203,247
19702,2024-09-21,751,999
19703,2024-08-22,579,940
19704,2024-07-04,920,584
19705,2025-01-10,843,753
19706,2024-12-22,609,673
19707,2024-11-11,144,871
19708,2024-09-15,763,200
19709,2024-12-20,202,743
19710,2024-11-25,688,674
19711,2024-08-31,715,199
19712,2025-04-30,893,793
19713,2024-10-11,736,229
19714,2025-04-20,191,124
19715,2025-03-16,866,913
19716,2024-05-10,273,203
19717,2025-04-30,529,273
19718,2025-01-04,358,671
19719,2025-02-23,494,188
19720,2024-11-24,815,218
19721,2024-07-16,179,771
19722,2024-05-27,688,5
19723,2024-09-06,670,954
19724,2024-11-19,178,183
19725,2024-05-08,541,664
19726,2024-05-18,34,972
19727,2024-08-21,549,455
19728,2024-10-28,752,3
19729,2024-06-09,34,62
19730,2024-10-27,255,359
19731,2024-09-22,291,474
19732,2024-06-26,803,737
19733,2024-12-27,918,956
19734,2024-11-16,63,302
19735,2024-08-12,365,72
19736,2024-09-16,931,359
19737,2025-01-10,204,546
19738,2025-02-21,519,380
19739,2025-03-22,670,648
19740,2025-03-06,846,137
19741,2024-11-15,229,781
19742,2025-02-22,164,51
19743,2024-10-22,479,404
19744,2025-01-04,68,845
19745,2024-08-04,994,210
19746,2025-03-13,447,595
19747,2025-02-25,551,934
19748,2024-06-29,375,356
19749,2025-04-23,445,855
19750,2024-08-05,859,592
19751,2025-04-01,828,571
19752,2025-01-09,371,118
19753,2024-10-26,769,161
19754,2024-10-25,715,135
19755,2024-05-19,59,487
19756,2025-02-24,105,920
19757,2024-05-14,721,719
19758,2024-06-23,865,673
19759,2024-12-03,965,191
19760,2024-12-25,751,317
19761,2024-07-15,505,746
19762,2024-10-01,354,89
19763,2024-11-17,747,52
19764,2024-04-30,410,781
19765,2024-09-30,312,31
19766,2025-04-22,290,870
19767,2024-12-03,923,81
19768,2025-03-13,432,15
19769,2024-10-23,150,610
19770,2024-07-30,498,39
19771,2024-12-19,865,927
19772,2024-12-19,148,890
19773,2025-04-12,512,280
19774,2024-09-16,510,324
19775,2024-11-22,313,834
19776,2025-03-25,116,195
19777,2024-10-09,212,461
19778,2024-06-18,434,795
19779,2025-02-03,490,656
19780,2024-07-22,617,168
19781,2024-05-13,824,445
19782,2024-08-14,938,936
19783,2025-01-14,95,846
19784,2024-10-12,304,666
19785,2025-01-10,856,936
19786,2024-07-01,800,944
19787,2024-10-04,596,246
19788,2024-09-23,127,471
19789,2025-01-14,194,68
19790,2024-05-09,627,983
19791,2025-04-18,909,79
19792,2024-12-02,957,890
19793,2025-01-09,10,445
19794,2024-10-04,176,35
19795,2024-12-20,624,22
19796,2024-07-26,553,627
19797,2025-02-27,403,568
19798,2024-10-14,830,883
19799,2024-08-10,819,648
19800,2024-09-25,283,853
19801,2024-10-15,948,202
19802,2025-01-20,188,840
19803,2025-01-10,56,907
19804,2025-02-12,200,851
19805,2025-02-21,61,583
19806,2025-04-09,306,525
19807,2025-02-28,57,50
19808,2025-04-25,530,839
19809,2024-10-13,715,283
19810,2025-04-03,14,968
19811,2024-05-04,658,947
19812,2024-07-17,275,831
19813,2024-06-07,626,347
19814,2025-04-06,841,801
19815,2025-01-17,697,253
19816,2025-02-25,99,326
19817,2025-04-13,841,157
19818,2024-08-09,464,400
19819,2024-11-18,489,906
19820,2024-11-21,212,149
19821,2024-12-20,619,696
19822,2025-04-09,570,449
19823,2025-02-07,893,984
19824,2025-04-28,272,594
19825,2024-05-16,910,35
19826,2024-06-17,298,456
19827,2025-01-07,829,960
19828,2024-12-31,423,36
19829,2024-07-12,930,887
19830,2025-03-22,743,841
19831,2024-09-23,939,638
19832,2024-09-04,773,152
19833,2025-01-14,4,243
19834,2025-01-13,254,531
19835,2024-09-19,748,137
19836,2024-06-06,970,532
19837,2024-06-13,51,524
19838,2024-08-29,564,851
19839,2025-01-25,11,315
19840,2024-11-30,322,668
19841,2024-08-31,640,762
19842,2025-02-15,763,775
19843,2024-10-19,805,836
19844,2024-06-28,431,646
19845,2024-10-01,454,700
19846,2025-04-30,769,50
19847,2024-11-27,122,812
19848,2024-10-25,622,382
19849,2024-07-31,329,674
19850,2025-04-02,475,929
19851,2024-12-31,350,885
19852,2024-09-25,521,984
19853,2024-08-02,999,601
19854,2025-02-07,340,179
19855,2024-08-29,52,113
19856,2024-06-05,591,843
19857,2024-10-18,865,904
19858,2025-01-02,501,594
19859,2024-09-25,90,615
19860,2024-12-24,257,580
19861,2024-11-19,392,840
19862,2024-08-13,353,574
19863,2025-03-26,801,795
19864,2024-07-31,883,279
19865,2024-06-06,942,817
19866,2024-11-04,918,365
19867,2025-02-04,777,600
19868,2024-12-27,687,790
19869,2024-11-28,451,311
19870,2024-05-15,192,375
19871,2025-02-11,739,509
19872,2024-06-21,501,955
19873,2025-02-20,815,595
19874,2024-11-26,361,947
19875,2024-08-29,210,197
19876,2025-04-13,140,259
19877,2024-05-31,189,158
19878,2025-01-28,274,606
19879,2025-02-09,35,484
19880,2024-05-03,640,355
19881,2025-01-10,795,707
19882,2024-05-12,729,450
19883,2025-02-14,58,237
19884,2024-06-19,962,964
19885,2024-11-03,171,777
19886,2024-07-26,659,143
19887,2024-12-30,525,19
19888,2024-09-16,791,782
19889,2025-04-26,416,453
19890,2024-08-16,528,961
19891,2024-09-23,274,436
19892,2024-08-12,659,88
19893,2024-08-25,259,403
19894,2024-08-04,273,197
19895,2024-08-27,858,995
19896,2024-07-26,888,419
19897,2024-09-11,274,705
19898,2024-11-06,677,876
19899,2024-05-11,734,390
19900,2024-08-06,856,909
19901,2025-01-04,576,263
19902,2024-10-02,306,384
19903,2024-07-20,606,891
19904,2024-05-14,205,652
19905,2024-06-11,414,288
19906,2025-01-20,202,627
19907,2024-07-21,198,679
19908,2025-03-06,961,732
19909,2025-01-21,200,968
19910,2024-08-09,817,361
19911,2025-01-18,582,777
19912,2024-09-08,480,131
19913,2024-12-01,132,156
19914,2025-04-18,135,842
19915,2025-04-28,529,432
19916,2024-06-25,731,261
19917,2025-01-18,537,407
19918,2024-06-15,923,21
19919,2024-05-10,906,44
19920,2025-01-27,759,734
19921,2024-06-02,727,494
19922,2025-02-14,454,11
19923,2024-12-21,998,20
19924,2024-08-07,536,407
19925,2025-03-08,11,791
19926,2024-05-05,372,818
19927,2024-10-08,269,446
19928,2024-08-27,365,518
19929,2024-08-24,178,764
19930,2024-11-16,884,500
19931,2025-02-11,148,828
19932,2024-07-20,919,626
19933,2025-04-12,611,606
19934,2024-12-27,655,735
19935,2024-08-12,957,503
19936,2024-10-25,749,737
19937,2024-11-30,619,437
19938,2025-04-23,197,333
19939,2024-10-19,308,629
19940,2025-01-19,949,794
19941,2024-09-06,665,683
19942,2024-11-03,57,835
19943,2025-04-20,294,191
19944,2024-09-09,415,660
19945,2024-07-14,781,960
19946,2024-07-07,471,568
19947,2024-10-05,391,866
19948,2025-04-02,400,603
19949,2024-12-08,79,838
19950,2025-04-16,42,771
19951,2024-11-12,50,427
19952,2024-06-16,844,403
19953,2025-02-09,540,990
19954,2024-11-28,119,750
19955,2024-09-23,993,469
19956,2024-09-17,413,974
19957,2025-03-09,578,948
19958,2024-12-20,580,705
19959,2024-10-30,420,614
19960,2024-12-02,768,495
19961,2024-06-02,33,460
19962,2025-02-07,103,9
19963,2024-05-02,973,37
19964,2025-01-20,541,64
19965,2024-12-02,372,118
19966,2024-12-02,929,856
19967,2024-10-29,19,530
19968,2025-01-08,637,642
19969,2025-03-13,809,346
19970,2024-12-19,952,799
19971,2025-02-28,341,464
19972,2024-11-08,547,753
19973,2024-08-18,65,205
19974,2024-08-30,516,285
19975,2024-07-12,902,595
19976,2024-10-25,800,223
19977,2025-03-31,991,685
19978,2025-03-09,790,300
19979,2024-09-06,220,621
19980,2025-04-06,724,875
19981,2025-02-09,934,320
19982,2024-05-01,165,244
19983,2024-12-07,583,200
19984,2024-07-11,344,32
19985,2024-05-07,889,182
19986,2025-01-28,380,681
19987,2025-01-18,390,791
19988,2024-05-31,707,112
19989,2025-02-11,893,233
19990,2025-01-28,612,45
19991,2024-07-27,373,163
19992,2024-09-19,627,782
19993,2025-02-07,218,368
19994,2024-05-01,256,413
19995,2024-05-27,106,326
19996,2024-05-25,697,83
19997,2025-04-16,244,823
19998,2025-02-28,665,464
19999,2024-05-20,593,670
20000,2024-06-18,852,368
20001,2024-11-17,46,142
20002,2024-12-25,40,214
20003,2025-02-28,598,345
20004,2025-02-03,859,555
20005,2024-10-08,161,759
20006,2024-11-06,35,382
20007,2025-02-04,69,403
20008,2024-12-08,258,246
20009,2024-11-16,793,181
20010,2024-06-25,39,352
20011,2024-08-11,643,588
20012,2024-08-12,374,376
20013,2025-02-16,28,706
20014,2024-08-11,988,14
20015,2024-05-24,201,133
20016,2024-11-27,804,450
20017,2025-01-13,927,615
20018,2024-08-31,980,166
20019,2024-05-27,17,226
20020,2024-09-13,958,701
20021,2025-04-19,405,470
20022,2024-05-28,244,546
20023,2024-09-04,673,47
20024,2024-08-28,627,199
20025,2024-06-10,805,893
20026,2025-03-15,913,281
20027,2024-12-18,929,262
20028,2024-08-21,970,61
20029,2024-11-17,970,779
20030,2025-01-21,579,61
20031,2025-01-02,653,15
20032,2024-05-06,494,88
20033,2024-06-23,510,456
20034,2024-10-03,746,840
20035,2024-06-08,850,124
20036,2024-09-23,731,144
20037,2024-12-27,985,399
20038,2024-06-02,658,172
20039,2024-06-04,313,822
20040,2024-05-21,754,523
20041,2024-09-16,128,552
20042,2024-12-06,705,787
20043,2024-05-19,82,157
20044,2025-04-21,447,863
20045,2024-12-25,320,854
20046,2024-06-11,271,135
20047,2024-10-01,818,894
20048,2025-04-09,399,736
20049,2024-12-23,529,16
20050,2024-06-08,990,130
20051,2025-03-24,765,436
20052,2025-03-07,608,802
20053,2024-07-14,109,278
20054,2024-12-05,302,391
20055,2024-07-26,117,622
20056,2024-07-23,877,550
20057,2025-03-21,683,502
20058,2024-12-03,53,212
20059,2025-02-04,253,162
20060,2024-08-08,680,450
20061,2025-01-22,605,408
20062,2024-06-20,65,424
20063,2024-12-02,405,90
20064,2025-04-12,796,148
20065,2025-01-28,697,312
20066,2024-05-30,930,824
20067,2024-10-15,192,589
20068,2024-08-11,314,692
20069,2024-05-01,881,915
20070,2024-06-24,309,388
20071,2024-07-31,423,421
20072,2024-07-24,350,925
20073,2024-11-12,540,540
20074,2024-09-03,779,181
20075,2024-05-26,17,549
20076,2024-08-14,183,26
20077,2025-01-13,290,703
20078,2024-12-30,821,727
20079,2024-11-10,689,557
20080,2024-10-15,944,350
20081,2024-05-29,91,930
20082,2024-06-15,256,65
20083,2024-06-16,684,778
20084,2024-10-25,769,810
20085,2024-09-16,320,973
20086,2024-06-23,396,198
20087,2025-01-04,250,21
20088,2024-09-13,921,67
20089,2024-09-11,465,957
20090,2025-03-24,437,679
20091,2024-07-01,600,516
20092,2024-08-20,135,89
20093,2025-04-10,142,532
20094,2024-05-12,614,828
20095,2025-04-19,600,104
20096,2024-10-29,903,157
20097,2024-11-11,497,138
20098,2024-08-12,199,674
20099,2025-02-21,929,872
20100,2024-12-23,593,911
20101,2025-02-27,756,142
20102,2025-02-24,32,898
20103,2025-01-15,48,937
20104,2024-07-14,815,818
20105,2024-10-22,998,26
20106,2025-03-27,716,233
20107,2024-06-07,493,877
20108,2025-01-06,498,825
20109,2024-08-05,868,936
20110,2024-12-13,237,849
20111,2024-12-08,282,973
20112,2024-07-06,432,615
20113,2025-03-16,592,380
20114,2025-01-28,149,927
20115,2024-09-28,828,321
20116,2024-06-28,95,469
20117,2024-08-15,828,332
20118,2025-02-08,742,687
20119,2024-08-17,405,775
20120,2025-04-23,357,685
20121,2024-07-21,45,942
20122,2024-10-23,353,178
20123,2024-08-12,415,807
20124,2025-02-26,980,242
20125,2024-05-31,168,330
20126,2024-12-07,955,870
20127,2024-05-15,826,905
20128,2024-10-02,442,631
20129,2024-10-29,496,980
20130,2024-11-08,289,699
20131,2025-02-26,294,11
20132,2024-09-09,217,407
20133,2024-11-23,643,880
20134,2024-08-06,289,282
20135,2024-08-24,94,412
20136,2024-06-09,373,448
20137,2024-07-14,674,223
20138,2024-10-29,825,18
20139,2024-08-19,322,199
20140,2024-06-24,12,328
20141,2025-02-19,182,484
20142,2024-07-02,917,732
20143,2024-07-07,612,121
20144,2025-04-21,772,254
20145,2024-05-02,35,442
20146,2024-07-16,48,250
20147,2024-12-16,963,762
20148,2024-07-29,523,578
20149,2024-09-19,498,271
20150,2025-03-04,679,791
20151,2024-11-29,529,412
20152,2025-02-28,843,689
20153,2025-03-09,351,289
20154,2024-06-26,801,966
20155,2024-07-04,989,502
20156,2025-02-16,747,175
20157,2024-07-29,467,545
20158,2024-10-03,302,519
20159,2025-02-08,248,593
20160,2024-09-03,946,16
20161,2024-12-26,333,741
20162,2024-06-03,622,397
20163,2024-12-18,94,770
20164,2024-09-03,221,300
20165,2025-04-17,313,194
20166,2024-07-14,329,70
20167,2024-07-24,770,42
20168,2025-03-07,258,216
20169,2024-08-20,322,409
20170,2024-12-18,432,84
20171,2024-09-29,363,492
20172,2025-03-10,855,535
20173,2024-10-11,95,215
20174,2025-02-11,714,254
20175,2024-11-17,912,570
20176,2025-01-22,879,971
20177,2024-12-11,735,930
20178,2024-06-01,45,939
20179,2025-03-07,679,165
20180,2024-10-09,902,688
20181,2024-09-07,246,940
20182,2025-04-25,225,521
20183,2024-05-17,339,786
20184,2024-10-30,868,781
20185,2024-05-27,789,190
20186,2024-10-07,791,286
20187,2025-04-16,499,681
20188,2024-12-31,673,77
20189,2025-01-18,970,270
20190,2025-04-10,763,850
20191,2025-02-19,442,747
20192,2024-05-22,292,903
20193,2025-03-28,969,405
20194,2024-10-24,975,10
20195,2025-02-11,750,623
20196,2024-05-28,563,844
20197,2024-12-03,587,1000
20198,2024-06-01,80,318
20199,2024-09-01,212,13
20200,2024-09-02,440,637
20201,2024-10-10,838,256
20202,2024-09-14,24,306
20203,2024-05-30,197,363
20204,2025-01-27,919,928
20205,2025-01-29,767,780
20206,2024-09-23,470,962
20207,2024-09-16,888,547
20208,2025-03-23,480,900
20209,2025-02-01,305,81
20210,2025-02-16,562,482
20211,2024-08-10,866,689
20212,2025-03-29,815,117
20213,2025-03-20,651,839
20214,2024-08-11,990,615
20215,2025-02-03,764,121
20216,2024-06-25,333,334
20217,2025-01-14,309,389
20218,2025-01-05,193,961
20219,2024-09-12,167,684
20220,2024-06-27,186,814
20221,2024-08-18,178,882
20222,2025-02-22,54,994
20223,2024-10-22,239,670
20224,2024-11-10,220,8
20225,2025-02-02,44,494
20226,2025-03-15,843,460
20227,2024-07-28,877,140
20228,2024-09-23,151,826
20229,2024-10-16,121,9
20230,2024-11-30,340,591
20231,2024-11-24,626,692
20232,2024-06-17,441,16
20233,2024-11-23,808,323
20234,2024-06-30,706,985
20235,2025-04-28,437,188
20236,2024-09-08,760,429
20237,2025-04-29,853,763
20238,2024-09-29,224,29
20239,2024-08-12,879,11
20240,2024-06-10,632,656
20241,2025-04-20,469,955
20242,2024-05-14,645,431
20243,2025-02-22,763,164
20244,2025-03-07,381,385
20245,2024-06-16,937,16
20246,2025-04-23,969,972
20247,2024-05-01,587,620
20248,2024-10-18,362,566
20249,2024-10-23,70,311
20250,2024-07-02,770,703
20251,2024-11-23,68,37
20252,2024-06-03,64,820
20253,2025-01-03,966,936
20254,2025-03-31,219,923
20255,2024-09-02,981,188
20256,2025-03-14,558,9
20257,2024-06-23,177,53
20258,2024-12-22,203,69
20259,2024-05-27,681,947
20260,2024-05-05,564,948
20261,2024-09-07,145,863
20262,2025-02-14,785,641
20263,2024-12-03,427,987
20264,2024-07-13,679,598
20265,2024-12-25,395,206
20266,2025-02-20,385,885
20267,2025-02-27,543,982
20268,2025-03-22,575,10
20269,2024-06-23,808,368
20270,2025-03-19,343,796
20271,2025-03-10,264,523
20272,2025-02-03,879,608
20273,2024-08-07,47,450
20274,2024-05-19,545,816
20275,2025-01-01,951,800
20276,2024-09-23,325,177
20277,2024-06-19,154,883
20278,2024-09-26,618,663
20279,2024-10-28,62,782
20280,2024-12-16,294,869
20281,2024-06-03,625,241
20282,2024-09-23,404,732
20283,2024-10-26,923,843
20284,2024-11-09,826,354
20285,2024-07-28,758,430
20286,2024-09-10,64,591
20287,2024-12-08,677,273
20288,2024-06-03,302,128
20289,2025-04-30,642,767
20290,2024-07-10,530,694
20291,2024-07-24,930,261
20292,2025-03-29,607,69
20293,2024-08-31,690,175
20294,2024-10-24,575,676
20295,2024-10-09,45,991
20296,2024-07-22,178,252
20297,2025-02-09,29,236
20298,2024-11-23,891,807
20299,2024-11-16,154,254
20300,2024-12-06,858,377
20301,2024-10-31,630,834
20302,2024-06-09,584,35
20303,2024-06-14,46,841
20304,2024-08-10,716,114
20305,2025-01-20,198,901
20306,2024-05-07,910,338
20307,2024-06-24,877,845
20308,2024-09-08,421,358
20309,2024-05-06,453,343
20310,2024-08-27,120,681
20311,2025-01-21,57,721
20312,2024-10-28,1000,484
20313,2025-03-04,792,648
20314,2024-10-10,397,866
20315,2024-07-19,438,988
20316,2024-12-11,713,680
20317,2024-12-04,164,150
20318,2024-07-13,780,549
20319,2024-12-16,807,586
20320,2025-01-07,370,516
20321,2024-05-05,802,610
20322,2024-06-29,231,489
20323,2024-06-28,327,867
20324,2025-04-27,967,751
20325,2024-05-09,724,374
20326,2024-08-07,249,853
20327,2024-08-11,478,41
20328,2024-11-22,412,424
20329,2024-10-16,18,478
20330,2024-08-12,865,695
20331,2024-11-07,526,932
20332,2024-12-20,48,387
20333,2024-12-09,385,743
20334,2024-09-29,660,697
20335,2025-04-28,915,468
20336,2024-10-28,189,704
20337,2025-04-22,947,308
20338,2025-01-03,362,444
20339,2025-02-13,565,929
20340,2025-03-23,990,826
20341,2025-04-09,927,673
20342,2024-06-06,796,154
20343,2025-04-10,853,180
20344,2024-08-10,775,87
20345,2024-11-22,955,780
20346,2024-07-19,555,183
20347,2025-02-12,734,191
20348,2024-05-11,706,963
20349,2024-06-05,58,705
20350,2025-04-20,926,742
20351,2024-08-08,994,999
20352,2024-10-09,6,55
20353,2024-05-16,41,480
20354,2025-02-09,317,162
20355,2024-12-27,119,574
20356,2025-01-01,457,212
20357,2024-05-21,946,585
20358,2024-06-06,470,656
20359,2024-12-17,245,130
20360,2024-07-12,689,178
20361,2025-03-15,507,176
20362,2024-07-31,903,298
20363,2024-10-09,691,698
20364,2024-06-08,774,669
20365,2025-01-24,267,752
20366,2025-03-07,348,994
20367,2024-09-17,261,712
20368,2024-10-27,784,700
20369,2025-04-06,33,644
20370,2024-11-07,632,890
20371,2024-07-30,400,18
20372,2025-04-20,328,694
20373,2024-07-16,797,993
20374,2024-07-10,893,951
20375,2025-04-17,133,78
20376,2024-05-06,221,975
20377,2025-01-25,564,472
20378,2024-10-31,325,657
20379,2025-01-21,323,177
20380,2025-03-02,340,140
20381,2024-08-05,427,25
20382,2024-11-14,784,846
20383,2024-07-11,754,202
20384,2024-08-11,426,114
20385,2025-03-08,608,271
20386,2024-11-21,302,191
20387,2024-09-06,427,692
20388,2024-05-27,106,458
20389,2024-12-24,610,39
20390,2024-07-11,848,719
20391,2024-09-23,673,843
20392,2024-05-21,845,620
20393,2024-08-17,934,892
20394,2025-04-13,321,687
20395,2024-06-15,286,901
20396,2024-05-16,683,947
20397,2024-08-09,714,559
20398,2024-07-02,222,531
20399,2024-09-27,571,701
20400,2024-10-14,289,52
20401,2025-02-27,901,137
20402,2025-01-21,779,679
20403,2025-03-16,127,326
20404,2025-01-12,129,633
20405,2024-09-05,209,911
20406,2024-06-20,307,795
20407,2024-10-09,628,440
20408,2024-09-15,562,947
20409,2024-08-30,910,384
20410,2024-12-26,998,212
20411,2024-05-26,874,866
20412,2025-04-10,213,68
20413,2024-10-25,871,362
20414,2024-07-28,410,509
20415,2024-08-09,109,832
20416,2024-07-21,421,147
20417,2024-07-28,407,421
20418,2025-03-12,77,826
20419,2025-02-06,808,423
20420,2024-05-08,962,777
20421,2024-08-25,992,936
20422,2024-11-20,506,666
20423,2024-08-01,720,328
20424,2025-02-18,259,46
20425,2024-09-10,11,385
20426,2024-12-20,515,594
20427,2025-04-17,479,584
20428,2024-10-12,43,884
20429,2024-10-13,95,310
20430,2025-02-26,736,528
20431,2025-01-18,203,26
20432,2024-11-05,588,171
20433,2024-05-01,246,277
20434,2024-06-16,850,202
20435,2024-12-10,846,392
20436,2024-09-03,939,979
20437,2025-04-03,759,793
20438,2024-06-26,735,50
20439,2024-04-30,352,933
20440,2025-03-31,741,914
20441,2024-12-07,176,216
20442,2025-01-17,569,543
20443,2024-07-13,53,22
20444,2024-05-24,729,31
20445,2024-10-05,621,862
20446,2024-10-25,496,902
20447,2025-03-09,21,189
20448,2024-05-01,268,83
20449,2025-01-02,705,177
20450,2025-01-25,684,523
20451,2024-07-07,461,415
20452,2025-04-05,945,434
20453,2024-12-10,504,98
20454,2025-03-14,183,156
20455,2024-11-22,18,754
20456,2024-09-28,244,534
20457,2025-03-02,805,622
20458,2024-05-08,837,786
20459,2025-02-05,958,822
20460,2024-10-10,506,995
20461,2024-11-27,124,315
20462,2025-04-09,591,978
20463,2025-01-30,670,691
20464,2024-11-05,101,332
20465,2024-06-12,936,695
20466,2024-05-12,578,302
20467,2024-06-21,498,579
20468,2024-05-11,784,372
20469,2025-01-03,715,970
20470,2025-04-06,624,455
20471,2025-01-09,80,133
20472,2024-06-09,237,228
20473,2025-04-09,528,516
20474,2024-08-22,677,971
20475,2025-03-09,229,783
20476,2024-09-02,915,481
20477,2025-04-17,954,674
20478,2025-04-29,856,161
20479,2024-11-22,503,639
20480,2024-07-22,552,165
20481,2025-02-12,195,289
20482,2024-06-25,955,729
20483,2024-09-10,152,639
20484,2025-04-26,804,239
20485,2024-10-10,483,882
20486,2024-06-29,161,689
20487,2024-08-17,811,15
20488,2024-11-20,4,965
20489,2025-02-16,298,639
20490,2024-05-30,855,167
20491,2025-01-30,65,820
20492,2024-11-06,312,215
20493,2025-02-02,981,388
20494,2024-10-22,404,258
20495,2024-12-24,826,110
20496,2024-07-12,798,374
20497,2024-09-14,552,920
20498,2024-08-28,61,634
20499,2024-12-17,641,181
20500,2024-10-08,50,462
20501,2024-11-24,746,95
20502,2025-01-19,792,238
20503,2025-03-27,384,388
20504,2024-11-10,650,17
20505,2024-07-29,302,592
20506,2024-07-08,157,386
20507,2024-05-31,355,334
20508,2024-05-12,686,191
20509,2024-05-03,310,869
20510,2024-11-23,398,504
20511,2024-05-16,249,962
20512,2024-09-27,442,571
20513,2024-11-06,570,378
20514,2024-12-15,664,520
20515,2024-08-13,334,606
20516,2024-08-26,510,660
20517,2025-02-23,219,795
20518,2025-02-01,694,459
20519,2024-12-27,191,559
20520,2025-01-16,143,486
20521,2024-06-26,43,31
20522,2025-02-08,346,671
20523,2025-02-04,671,912
20524,2024-10-16,154,266
20525,2025-01-05,973,212
20526,2025-04-17,335,656
20527,2025-01-01,288,934
20528,2025-04-03,523,887
20529,2024-06-17,331,945
20530,2024-08-16,261,662
20531,2024-11-29,642,368
20532,2024-08-01,725,949
20533,2024-12-15,130,457
20534,2025-04-07,133,106
20535,2025-03-08,63,247
20536,2024-05-27,496,252
20537,2025-02-05,370,717
20538,2024-11-07,486,985
20539,2024-05-22,746,119
20540,2024-10-31,960,40
20541,2025-02-20,114,243
20542,2025-04-20,793,945
20543,2024-05-11,931,384
20544,2025-03-20,277,468
20545,2025-04-08,91,692
20546,2024-09-24,134,97
20547,2024-09-20,402,908
20548,2024-11-10,897,479
20549,2024-06-16,697,907
20550,2024-12-22,65,614
20551,2024-08-17,990,64
20552,2024-09-04,250,926
20553,2024-07-28,117,738
20554,2025-02-03,494,876
20555,2025-01-30,955,724
20556,2025-02-24,908,988
20557,2024-07-11,301,730
20558,2025-04-28,695,418
20559,2024-10-06,828,428
20560,2024-07-14,833,137
20561,2024-07-14,680,413
20562,2024-08-30,323,14
20563,2025-03-28,187,100
20564,2024-12-10,468,745
20565,2024-12-02,971,457
20566,2025-01-28,204,110
20567,2024-08-20,523,754
20568,2025-03-21,311,490
20569,2025-03-16,315,263
20570,2025-03-18,968,589
20571,2024-07-05,986,908
20572,2024-07-24,191,118
20573,2025-02-02,761,853
20574,2024-05-17,655,901
20575,2024-11-15,243,450
20576,2024-08-17,761,970
20577,2025-03-22,53,81
20578,2024-06-23,791,370
20579,2025-04-27,991,574
20580,2025-02-15,279,600
20581,2024-05-18,586,108
20582,2024-06-10,791,41
20583,2024-07-10,770,985
20584,2024-12-04,693,778
20585,2024-11-25,309,313
20586,2024-08-17,234,669
20587,2024-10-23,303,471
20588,2025-02-27,302,621
20589,2024-07-06,234,762
20590,2024-05-02,467,262
20591,2025-03-15,698,439
20592,2024-06-16,590,939
20593,2024-12-23,190,30
20594,2024-06-17,582,286
20595,2025-02-17,584,483
20596,2024-10-26,452,335
20597,2024-11-03,663,148
20598,2024-08-30,965,572
20599,2024-09-22,939,56
20600,2024-07-30,907,832
20601,2024-09-12,303,60
20602,2024-12-30,52,206
20603,2025-02-07,825,231
20604,2024-08-19,774,955
20605,2024-09-25,374,350
20606,2025-04-04,83,412
20607,2024-11-18,879,286
20608,2024-06-18,299,119
20609,2024-10-01,92,697
20610,2025-01-03,801,449
20611,2024-05-05,75,208
20612,2024-09-17,408,674
20613,2024-09-04,572,611
20614,2024-12-08,737,125
20615,2024-11-06,466,845
20616,2024-08-24,696,265
20617,2025-02-17,972,650
20618,2025-01-21,659,502
20619,2024-08-22,662,744
20620,2025-01-31,80,325
20621,2024-11-07,809,121
20622,2024-05-09,752,76
20623,2024-12-03,238,71
20624,2025-02-25,500,888
20625,2024-12-25,101,825
20626,2024-09-24,27,858
20627,2024-11-16,692,46
20628,2024-12-27,272,904
20629,2025-02-12,893,62
20630,2024-06-23,956,609
20631,2025-02-21,888,108
20632,2024-09-19,73,404
20633,2025-02-04,350,529
20634,2025-02-20,31,306
20635,2024-05-18,148,578
20636,2024-05-07,119,943
20637,2024-07-10,899,819
20638,2025-02-18,398,147
20639,2025-04-03,735,551
20640,2024-09-27,402,249
20641,2024-11-25,513,686
20642,2025-01-22,995,740
20643,2024-05-14,651,550
20644,2024-06-21,827,106
20645,2025-02-11,66,496
20646,2024-08-15,651,832
20647,2024-06-23,90,8
20648,2024-10-11,115,984
20649,2025-02-11,520,597
20650,2024-06-22,512,917
20651,2024-09-07,804,218
20652,2024-09-10,914,857
20653,2024-09-07,818,668
20654,2024-07-08,925,678
20655,2024-09-04,594,150
20656,2024-09-20,618,694
20657,2024-05-22,593,728
20658,2024-11-07,761,598
20659,2024-12-21,886,489
20660,2025-03-12,422,730
20661,2025-02-18,272,332
20662,2025-01-08,696,901
20663,2024-05-31,487,896
20664,2024-05-08,759,439
20665,2024-10-19,423,559
20666,2024-07-29,721,990
20667,2025-02-09,540,255
20668,2025-04-14,311,317
20669,2024-07-18,633,518
20670,2025-01-27,22,19
20671,2024-12-13,780,577
20672,2024-07-21,698,554
20673,2024-06-20,472,540
20674,2024-12-13,804,802
20675,2025-03-26,805,154
20676,2024-08-01,207,408
20677,2024-12-07,393,947
20678,2024-06-03,795,836
20679,2024-08-12,204,50
20680,2025-03-15,880,640
20681,2025-02-02,584,759
20682,2024-12-02,318,631
20683,2025-02-28,435,471
20684,2024-06-13,18,976
20685,2024-09-12,363,813
20686,2024-09-12,233,197
20687,2024-09-27,594,326
20688,2025-04-23,406,400
20689,2024-11-28,830,344
20690,2025-03-14,479,129
20691,2024-07-03,977,961
20692,2025-01-21,207,641
20693,2024-07-23,593,426
20694,2025-03-19,796,26
20695,2024-12-08,447,167
20696,2025-04-26,2,849
20697,2024-12-30,234,850
20698,2024-06-09,341,159
20699,2025-01-24,181,595
20700,2024-05-06,2,277
20701,2024-06-14,114,743
20702,2024-07-31,719,562
20703,2025-01-03,193,977
20704,2024-12-07,224,659
20705,2024-10-10,613,265
20706,2024-09-10,364,724
20707,2024-11-18,144,143
20708,2025-02-27,677,14
20709,2024-12-12,706,345
20710,2025-04-15,776,476
20711,2024-05-30,777,130
20712,2025-01-02,147,753
20713,2024-08-17,312,147
20714,2024-06-29,348,340
20715,2025-01-02,423,562
20716,2024-06-27,436,355
20717,2025-03-24,614,107
20718,2024-09-27,494,452
20719,2024-09-18,974,828
20720,2025-04-05,510,973
20721,2025-02-16,340,706
20722,2025-03-14,540,99
20723,2025-01-11,554,235
20724,2024-10-18,904,108
20725,2024-07-10,472,967
20726,2024-06-15,34,228
20727,2025-04-26,855,720
20728,2024-06-20,878,85
20729,2024-05-22,892,811
20730,2025-02-20,563,378
20731,2024-05-16,737,720
20732,2024-08-08,899,885
20733,2024-08-16,718,735
20734,2025-02-21,627,388
20735,2025-03-02,740,180
20736,2025-04-11,781,639
20737,2025-03-03,331,908
20738,2025-03-22,19,590
20739,2025-02-20,634,726
20740,2024-09-29,278,408
20741,2025-02-28,564,255
20742,2024-09-06,120,815
20743,2025-03-16,407,368
20744,2024-12-04,96,367
20745,2024-05-22,181,854
20746,2025-04-07,818,667
20747,2024-10-06,21,82
20748,2024-12-05,794,524
20749,2025-03-19,295,984
20750,2024-06-15,164,364
20751,2024-11-03,81,375
20752,2024-12-27,695,64
20753,2025-03-18,739,970
20754,2024-09-14,485,602
20755,2024-08-21,827,957
20756,2025-04-02,156,618
20757,2024-11-17,120,886
20758,2024-12-15,621,768
20759,2025-02-14,356,172
20760,2024-06-19,399,110
20761,2024-08-21,883,112
20762,2025-03-04,186,41
20763,2025-01-01,985,166
20764,2024-08-29,856,792
20765,2024-10-19,350,913
20766,2024-10-04,882,200
20767,2025-01-10,359,766
20768,2024-09-21,173,120
20769,2025-01-29,234,934
20770,2025-01-04,772,928
20771,2025-03-10,62,465
20772,2025-02-13,540,68
20773,2025-02-17,957,23
20774,2025-01-14,788,330
20775,2024-07-05,530,603
20776,2024-12-26,848,111
20777,2024-05-23,753,34
20778,2025-01-19,34,787
20779,2025-03-17,559,988
20780,2024-10-29,751,42
20781,2025-04-25,866,89
20782,2024-07-04,622,874
20783,2025-04-28,900,717
20784,2024-10-03,275,951
20785,2024-08-29,688,431
20786,2024-05-07,470,239
20787,2025-02-11,472,731
20788,2025-02-09,117,466
20789,2024-11-20,751,100
20790,2024-12-24,270,562
20791,2025-02-01,228,519
20792,2024-05-03,142,20
20793,2024-06-04,777,817
20794,2024-07-02,854,649
20795,2025-03-30,458,219
20796,2024-05-01,750,190
20797,2024-09-29,703,567
20798,2025-01-18,964,867
20799,2024-07-13,98,360
20800,2025-02-06,984,737
20801,2024-12-07,496,901
20802,2025-04-13,991,377
20803,2024-06-14,504,466
20804,2025-04-02,414,101
20805,2025-01-18,113,191
20806,2025-03-18,248,372
20807,2024-09-08,285,882
20808,2024-12-24,314,165
20809,2024-10-01,415,456
20810,2024-09-27,339,495
20811,2025-03-08,584,656
20812,2024-06-14,932,883
20813,2024-08-15,380,992
20814,2024-11-18,645,268
20815,2025-04-22,483,623
20816,2025-03-11,272,444
20817,2025-04-07,97,164
20818,2025-04-22,238,444
20819,2024-06-22,480,451
20820,2024-12-19,628,27
20821,2024-05-18,885,994
20822,2024-07-17,710,663
20823,2024-07-14,368,399
20824,2024-07-17,887,148
20825,2024-11-12,785,763
20826,2024-07-26,255,836
20827,2024-05-03,567,195
20828,2024-09-05,430,504
20829,2024-10-30,232,490
20830,2024-12-31,210,535
20831,2024-12-14,673,855
20832,2025-04-27,719,139
20833,2024-05-14,923,139
20834,2025-03-28,552,872
20835,2025-04-09,251,837
20836,2024-05-01,223,667
20837,2024-07-11,647,833
20838,2024-09-24,502,908
20839,2024-11-04,91,13
20840,2024-06-06,718,781
20841,2024-05-19,709,500
20842,2024-07-09,465,830
20843,2024-06-07,95,787
20844,2024-07-07,163,748
20845,2024-10-04,276,382
20846,2024-09-21,475,627
20847,2024-11-09,327,406
20848,2025-01-20,780,716
20849,2024-06-01,229,133
20850,2024-06-16,256,68
20851,2024-10-12,428,744
20852,2024-06-26,294,308
20853,2024-05-28,910,557
20854,2025-03-07,497,313
20855,2024-11-05,249,501
20856,2025-03-17,484,964
20857,2024-08-23,563,163
20858,2024-11-12,651,238
20859,2025-03-27,740,49
20860,2024-10-29,549,288
20861,2024-05-28,843,194
20862,2024-06-28,374,848
20863,2024-12-28,46,289
20864,2024-05-06,357,269
20865,2024-06-26,131,523
20866,2024-06-10,159,793
20867,2024-06-01,789,907
20868,2024-06-21,504,895
20869,2024-12-03,808,858
20870,2025-01-26,299,869
20871,2024-05-18,166,894
20872,2024-09-03,777,159
20873,2024-05-04,219,86
20874,2025-01-09,784,243
20875,2024-06-25,666,440
20876,2024-12-26,179,340
20877,2025-04-19,440,953
20878,2024-12-23,230,558
20879,2025-04-19,287,637
20880,2024-10-28,56,162
20881,2024-08-03,485,473
20882,2025-04-12,171,165
20883,2024-10-14,994,424
20884,2025-01-16,430,956
20885,2025-01-24,640,534
20886,2024-06-29,726,799
20887,2024-05-04,130,680
20888,2025-02-27,584,247
20889,2025-04-09,864,277
20890,2025-01-26,504,543
20891,2024-05-04,741,815
20892,2024-10-27,364,99
20893,2025-03-09,629,210
20894,2024-08-24,772,975
20895,2024-11-12,621,394
20896,2024-10-02,263,937
20897,2024-05-09,445,663
20898,2024-05-30,83,237
20899,2024-06-04,144,595
20900,2024-08-26,302,567
20901,2024-06-29,344,368
20902,2024-09-02,956,745
20903,2024-10-13,50,66
20904,2025-03-24,221,717
20905,2024-08-13,419,161
20906,2024-05-24,919,174
20907,2025-02-23,390,787
20908,2024-05-04,793,230
20909,2024-08-04,930,842
20910,2025-01-03,827,279
20911,2024-05-20,116,720
20912,2025-03-12,540,695
20913,2024-10-28,384,356
20914,2025-02-09,520,422
20915,2024-05-04,347,585
20916,2024-07-03,705,484
20917,2024-05-21,660,193
20918,2025-03-04,838,312
20919,2024-11-06,617,250
20920,2024-05-13,808,702
20921,2025-04-07,714,122
20922,2024-09-26,240,32
20923,2024-07-18,530,945
20924,2025-04-02,586,261
20925,2024-12-01,356,816
20926,2024-08-01,824,981
20927,2025-04-21,397,168
20928,2025-02-07,740,105
20929,2025-01-07,275,725
20930,2024-06-15,577,658
20931,2024-06-15,45,496
20932,2024-07-19,641,8
20933,2024-09-20,529,960
20934,2024-07-01,996,238
20935,2025-04-09,581,959
20936,2024-09-27,684,549
20937,2024-04-30,497,127
20938,2025-04-22,771,158
20939,2024-12-10,30,812
20940,2024-05-09,108,449
20941,2024-05-18,795,447
20942,2025-01-15,327,830
20943,2025-04-28,977,554
20944,2024-08-26,85,336
20945,2024-12-27,248,712
20946,2024-12-13,886,976
20947,2024-06-04,716,761
20948,2024-11-14,406,921
20949,2025-02-03,621,898
20950,2025-01-27,76,475
20951,2024-06-04,229,411
20952,2024-05-03,132,31
20953,2024-12-14,911,875
20954,2024-11-14,661,642
20955,2024-05-30,65,682
20956,2024-10-20,910,350
20957,2024-05-08,580,690
20958,2024-12-17,45,888
20959,2025-01-02,632,681
20960,2025-02-01,780,342
20961,2025-01-20,162,444
20962,2024-05-07,646,429
20963,2024-09-26,299,126
20964,2024-09-25,725,647
20965,2024-06-16,332,598
20966,2025-01-15,507,299
20967,2024-12-30,141,431
20968,2025-01-16,771,296
20969,2024-08-15,9,590
20970,2025-02-25,547,213
20971,2024-09-21,113,163
20972,2024-05-18,400,67
20973,2024-05-11,771,271
20974,2024-06-20,593,688
20975,2025-04-09,744,575
20976,2024-05-15,451,794
20977,2024-08-29,485,781
20978,2024-05-31,646,947
20979,2025-04-25,810,6
20980,2025-03-07,588,421
20981,2024-05-23,26,772
20982,2025-01-15,411,199
20983,2025-04-18,610,164
20984,2024-09-26,299,625
20985,2024-12-05,507,561
20986,2025-04-15,990,787
20987,2024-07-07,785,818
20988,2025-04-24,818,101
20989,2024-05-03,544,527
20990,2025-01-30,948,674
20991,2024-10-14,309,123
20992,2024-06-09,723,854
20993,2024-06-19,444,842
20994,2025-01-22,792,64
20995,2024-07-21,285,229
20996,2024-09-18,32,274
20997,2025-04-21,271,367
20998,2024-12-12,96,834
20999,2024-05-20,365,898
21000,2024-11-28,522,884
21001,2024-07-08,888,290
21002,2025-03-07,869,626
21003,2024-12-07,103,303
21004,2024-08-10,258,981
21005,2024-08-02,851,148
21006,2024-07-08,48,714
21007,2024-07-06,273,532
21008,2025-01-31,946,637
21009,2024-12-24,767,179
21010,2024-07-22,483,835
21011,2025-04-25,358,208
21012,2024-07-12,887,145
21013,2024-10-08,629,382
21014,2024-05-01,880,164
21015,2024-07-03,921,48
21016,2025-02-05,994,705
21017,2024-05-16,127,397
21018,2024-12-19,462,69
21019,2024-05-14,47,99
21020,2024-06-02,220,504
21021,2024-09-19,908,158
21022,2024-12-07,542,265
21023,2024-08-21,131,497
21024,2024-09-15,152,828
21025,2024-09-18,842,404
21026,2024-10-06,837,308
21027,2024-06-20,465,602
21028,2024-07-27,85,947
21029,2025-03-20,37,143
21030,2025-04-05,527,404
21031,2024-05-02,644,814
21032,2024-08-23,121,722
21033,2025-04-27,398,267
21034,2024-08-27,383,85
21035,2025-01-08,127,236
21036,2024-09-27,622,338
21037,2025-03-28,820,34
21038,2024-05-03,606,613
21039,2024-06-09,686,487
21040,2024-09-08,180,773
21041,2024-07-04,369,905
21042,2025-01-17,177,344
21043,2024-05-13,296,799
21044,2024-10-06,497,466
21045,2025-01-19,637,107
21046,2024-12-17,868,940
21047,2024-10-28,83,102
21048,2024-08-12,828,322
21049,2024-07-25,493,324
21050,2024-11-21,412,508
21051,2024-10-20,401,561
21052,2024-06-14,632,865
21053,2024-10-06,461,786
21054,2024-07-30,943,321
21055,2025-04-28,393,513
21056,2025-01-17,459,839
21057,2025-03-28,462,246
21058,2024-10-19,855,428
21059,2024-12-01,47,364
21060,2025-03-29,328,880
21061,2025-04-04,773,186
21062,2025-04-08,898,624
21063,2024-07-29,333,402
21064,2024-10-14,323,943
21065,2024-11-18,166,178
21066,2024-06-22,245,926
21067,2025-02-19,384,315
21068,2025-01-16,490,751
21069,2024-10-19,33,276
21070,2024-09-22,982,336
21071,2025-03-23,993,84
21072,2024-08-14,309,295
21073,2024-06-10,916,873
21074,2024-07-20,475,710
21075,2024-11-23,710,394
21076,2025-04-11,965,267
21077,2025-04-22,940,733
21078,2025-04-17,514,521
21079,2024-09-23,83,176
21080,2024-08-14,475,561
21081,2025-02-25,674,911
21082,2025-03-15,298,857
21083,2025-03-13,251,955
21084,2025-02-10,96,716
21085,2025-04-02,612,524
21086,2024-08-17,712,266
21087,2024-06-01,638,294
21088,2024-05-28,689,91
21089,2025-03-11,28,104
21090,2024-06-25,674,3
21091,2025-03-02,676,327
21092,2024-06-29,619,361
21093,2024-12-20,634,876
21094,2024-09-29,958,199
21095,2024-08-20,791,286
21096,2025-02-07,754,730
21097,2025-02-21,74,222
21098,2024-11-11,332,636
21099,2024-05-29,71,813
21100,2025-03-17,130,250
21101,2024-07-16,281,711
21102,2024-08-14,630,791
21103,2024-08-22,922,772
21104,2025-02-22,608,251
21105,2024-05-20,242,583
21106,2025-01-21,689,121
21107,2024-06-01,692,930
21108,2024-12-27,406,305
21109,2025-02-03,196,827
21110,2024-09-28,402,740
21111,2024-11-11,16,99
21112,2024-08-17,647,660
21113,2025-01-24,989,342
21114,2025-02-24,424,624
21115,2025-02-16,98,245
21116,2024-05-15,638,793
21117,2024-09-04,768,674
21118,2025-01-10,276,777
21119,2024-06-24,533,430
21120,2024-07-23,109,389
21121,2024-09-01,323,959
21122,2024-11-13,280,702
21123,2024-11-09,441,364
21124,2024-06-14,184,76
21125,2025-02-07,907,177
21126,2025-01-01,240,656
21127,2024-10-25,405,961
21128,2024-11-09,250,590
21129,2024-12-03,315,187
21130,2025-01-09,912,604
21131,2024-11-09,880,264
21132,2024-07-12,540,726
21133,2024-12-23,118,724
21134,2025-03-11,557,972
21135,2025-03-15,907,649
21136,2024-07-13,900,511
21137,2024-11-29,507,478
21138,2024-10-29,833,812
21139,2025-03-12,757,891
21140,2025-04-26,622,129
21141,2024-06-10,882,814
21142,2025-01-29,522,117
21143,2024-06-23,251,70
21144,2025-03-29,698,407
21145,2025-02-18,591,48
21146,2025-03-27,518,123
21147,2025-03-08,749,608
21148,2024-12-18,229,873
21149,2024-10-11,187,507
21150,2024-10-09,527,295
21151,2024-07-08,161,5
21152,2024-12-25,637,47
21153,2024-11-30,412,113
21154,2024-10-27,237,761
21155,2024-09-05,188,858
21156,2024-10-13,161,377
21157,2024-09-15,287,231
21158,2024-12-23,261,370
21159,2024-06-10,602,646
21160,2025-04-04,63,73
21161,2025-04-15,728,339
21162,2025-02-11,680,773
21163,2024-11-27,249,567
21164,2024-10-17,33,429
21165,2024-08-22,519,88
21166,2024-10-18,689,47
21167,2024-11-02,877,676
21168,2024-12-16,60,825
21169,2025-04-15,449,204
21170,2025-04-08,48,646
21171,2025-01-12,956,141
21172,2025-02-17,344,77
21173,2025-03-12,102,229
21174,2024-07-12,160,826
21175,2024-10-15,618,87
21176,2024-10-24,839,978
21177,2025-02-12,228,603
21178,2024-12-25,370,206
21179,2025-04-16,699,530
21180,2024-10-02,597,116
21181,2024-11-14,71,169
21182,2024-11-30,641,302
21183,2024-10-08,159,604
21184,2024-09-07,100,24
21185,2024-09-26,445,670
21186,2024-09-01,105,328
21187,2024-12-29,130,506
21188,2025-04-25,948,416
21189,2024-09-12,532,513
21190,2024-05-28,644,763
21191,2024-12-14,962,913
21192,2025-01-18,321,939
21193,2024-09-05,909,222
21194,2024-11-01,773,385
21195,2024-07-22,847,410
21196,2024-07-27,940,412
21197,2024-11-15,714,899
21198,2025-01-17,828,625
21199,2024-09-04,412,903
21200,2025-01-05,308,354
21201,2025-04-02,569,170
21202,2025-02-15,266,620
21203,2024-05-23,539,195
21204,2024-10-19,636,859
21205,2024-09-03,998,296
21206,2024-10-15,829,672
21207,2024-10-11,245,719
21208,2024-11-24,781,920
21209,2024-06-20,480,125
21210,2024-08-30,282,306
21211,2024-10-26,801,847
21212,2024-09-23,791,784
21213,2024-09-30,710,612
21214,2024-07-04,930,967
21215,2024-06-13,266,73
21216,2024-05-27,860,824
21217,2024-06-11,882,73
21218,2025-04-19,942,786
21219,2024-10-28,675,219
21220,2024-07-27,770,384
21221,2025-03-14,401,747
21222,2024-06-12,927,177
21223,2024-09-22,420,627
21224,2024-10-06,869,517
21225,2025-04-10,188,145
21226,2024-08-09,287,317
21227,2024-11-21,989,424
21228,2024-09-03,656,705
21229,2024-11-03,229,250
21230,2024-07-05,445,803
21231,2024-05-01,162,44
21232,2024-11-26,238,103
21233,2024-11-11,604,893
21234,2024-08-01,27,480
21235,2025-03-22,597,645
21236,2025-01-15,241,693
21237,2024-12-01,806,862
21238,2024-12-27,16,504
21239,2024-09-17,140,166
21240,2024-10-22,288,991
21241,2024-05-13,587,911
21242,2024-07-04,365,15
21243,2025-02-22,663,118
21244,2024-07-12,107,168
21245,2024-12-29,756,116
21246,2024-12-22,43,717
21247,2024-05-18,871,335
21248,2024-07-20,741,568
21249,2024-07-25,405,629
21250,2024-09-09,659,610
21251,2024-05-15,444,221
21252,2024-05-17,479,423
21253,2024-07-25,538,525
21254,2024-05-12,284,819
21255,2025-03-07,269,113
21256,2025-03-13,709,640
21257,2025-02-11,200,624
21258,2025-02-06,721,514
21259,2024-05-22,98,71
21260,2024-05-26,701,500
21261,2024-12-26,17,417
21262,2024-06-13,103,704
21263,2025-04-15,146,879
21264,2025-04-12,56,104
21265,2024-05-02,151,600
21266,2025-02-22,305,493
21267,2024-05-21,746,174
21268,2024-08-01,78,924
21269,2024-11-09,761,353
21270,2024-10-06,996,999
21271,2025-03-07,386,586
21272,2024-06-03,578,564
21273,2024-12-21,831,253
21274,2024-11-29,717,276
21275,2025-04-02,829,879
21276,2025-01-06,375,498
21277,2025-04-12,454,81
21278,2024-06-07,234,704
21279,2024-11-05,216,694
21280,2025-02-12,444,469
21281,2024-06-15,518,765
21282,2024-05-19,870,619
21283,2024-06-01,406,982
21284,2024-08-09,813,151
21285,2025-04-25,205,682
21286,2025-02-24,850,785
21287,2024-11-05,286,372
21288,2025-03-08,777,147
21289,2024-06-11,326,182
21290,2025-03-25,627,123
21291,2024-06-14,299,807
21292,2024-10-23,306,392
21293,2024-09-04,996,109
21294,2024-10-27,752,114
21295,2024-11-19,79,825
21296,2024-09-04,695,381
21297,2024-12-15,210,257
21298,2025-01-09,18,734
21299,2024-06-18,228,926
21300,2025-03-22,300,163
21301,2024-11-06,680,59
21302,2025-04-13,613,721
21303,2024-11-19,404,785
21304,2024-05-13,386,390
21305,2024-05-19,156,713
21306,2025-03-02,235,691
21307,2024-05-05,557,516
21308,2024-10-31,789,987
21309,2025-03-12,883,124
21310,2025-04-25,658,715
21311,2024-08-17,522,180
21312,2024-09-11,706,593
21313,2024-05-25,257,714
21314,2024-07-19,15,903
21315,2024-10-25,116,302
21316,2024-11-15,228,163
21317,2024-07-10,999,472
21318,2025-04-26,240,87
21319,2024-07-21,642,912
21320,2025-03-23,189,725
21321,2024-10-22,808,497
21322,2024-05-31,45,879
21323,2025-01-16,572,983
21324,2024-10-26,944,138
21325,2025-03-23,465,561
21326,2024-11-22,877,41
21327,2025-01-09,373,368
21328,2024-06-27,22,516
21329,2025-03-06,835,496
21330,2024-07-31,323,198
21331,2024-11-30,485,939
21332,2025-02-01,167,764
21333,2024-09-27,616,790
21334,2024-05-19,833,516
21335,2024-10-16,780,300
21336,2024-12-26,113,149
21337,2024-06-28,901,681
21338,2024-09-04,980,303
21339,2024-12-30,108,889
21340,2025-02-26,252,850
21341,2024-10-13,374,646
21342,2024-12-07,646,396
21343,2024-07-22,730,1
21344,2024-08-15,494,893
21345,2025-01-17,659,643
21346,2024-10-02,572,711
21347,2024-10-02,393,353
21348,2025-03-30,475,768
21349,2024-10-29,747,954
21350,2025-01-30,403,335
21351,2025-03-15,707,869
21352,2025-03-06,633,533
21353,2025-04-01,715,938
21354,2024-08-07,714,244
21355,2024-06-05,587,27
21356,2024-08-31,55,566
21357,2025-03-31,905,546
21358,2024-07-22,805,196
21359,2025-04-11,379,910
21360,2024-10-10,26,441
21361,2025-04-13,694,394
21362,2024-07-13,599,532
21363,2025-03-08,488,17
21364,2024-06-13,111,128
21365,2024-05-25,368,703
21366,2025-02-11,594,917
21367,2025-04-02,452,149
21368,2025-04-28,787,181
21369,2025-03-02,535,369
21370,2024-11-14,543,302
21371,2024-06-03,311,200
21372,2024-12-14,62,83
21373,2025-03-30,385,571
21374,2024-09-22,65,197
21375,2025-01-29,994,643
21376,2024-05-11,976,530
21377,2024-05-04,502,823
21378,2024-12-31,723,721
21379,2025-04-26,107,897
21380,2025-03-25,55,39
21381,2024-05-31,876,895
21382,2024-12-30,81,3
21383,2024-12-12,109,210
21384,2025-03-10,972,548
21385,2024-08-12,201,45
21386,2024-12-28,202,113
21387,2024-12-31,475,163
21388,2024-06-18,261,368
21389,2024-11-26,906,119
21390,2024-05-04,40,962
21391,2025-01-07,853,488
21392,2024-08-18,124,849
21393,2024-09-17,601,699
21394,2025-02-11,122,73
21395,2024-11-05,762,13
21396,2024-11-10,557,459
21397,2025-01-03,941,147
21398,2024-11-05,222,604
21399,2025-04-11,787,586
21400,2024-12-18,489,447
21401,2025-02-26,612,69
21402,2024-09-10,152,120
21403,2024-10-15,267,277
21404,2024-08-30,354,760
21405,2025-04-20,785,795
21406,2024-09-06,788,622
21407,2024-11-06,758,328
21408,2024-07-23,876,971
21409,2025-04-06,516,837
21410,2025-03-24,364,838
21411,2024-06-12,970,195
21412,2025-01-13,770,885
21413,2024-07-20,695,212
21414,2025-01-15,946,106
21415,2025-01-24,781,518
21416,2024-06-25,140,138
21417,2024-10-13,848,626
21418,2024-09-02,824,583
21419,2024-12-25,420,637
21420,2024-11-27,64,583
21421,2025-04-28,939,457
21422,2024-10-16,377,827
21423,2025-02-01,1,351
21424,2024-07-12,212,69
21425,2024-11-14,535,920
21426,2025-01-05,753,62
21427,2024-05-02,663,434
21428,2024-05-10,989,682
21429,2024-09-11,507,604
21430,2024-09-25,462,640
21431,2024-09-16,859,170
21432,2024-09-15,901,702
21433,2024-06-18,994,894
21434,2025-03-13,67,982
21435,2024-06-01,385,102
21436,2024-08-16,283,767
21437,2024-07-07,293,984
21438,2024-11-07,138,421
21439,2024-05-15,120,233
21440,2024-09-15,34,947
21441,2024-06-02,374,804
21442,2025-03-23,315,901
21443,2025-04-19,710,379
21444,2024-10-25,487,541
21445,2024-05-23,385,516
21446,2024-09-09,295,743
21447,2024-11-29,343,678
21448,2025-01-24,77,735
21449,2024-07-06,565,431
21450,2024-12-14,537,164
21451,2025-03-29,127,748
21452,2025-04-28,897,500
21453,2024-05-13,968,759
21454,2024-09-16,704,481
21455,2024-09-09,994,833
21456,2024-07-20,603,505
21457,2024-06-24,144,958
21458,2024-05-25,552,644
21459,2025-04-07,737,368
21460,2025-04-26,309,307
21461,2025-03-26,817,113
21462,2024-06-12,968,987
21463,2024-11-06,108,407
21464,2024-09-26,311,400
21465,2025-01-30,945,774
21466,2025-03-30,95,195
21467,2024-12-25,69,241
21468,2024-10-14,402,218
21469,2024-08-09,829,801
21470,2024-09-02,735,77
21471,2024-11-23,476,138
21472,2024-07-19,596,15
21473,2024-12-01,536,158
21474,2024-05-05,141,928
21475,2025-03-07,288,547
21476,2024-09-04,134,789
21477,2024-09-21,476,910
21478,2024-05-17,79,449
21479,2025-01-30,374,504
21480,2025-03-04,342,958
21481,2025-02-06,816,631
21482,2025-01-31,427,275
21483,2024-09-21,712,640
21484,2024-07-12,426,432
21485,2025-01-01,373,157
21486,2025-03-04,113,57
21487,2024-06-17,646,843
21488,2024-12-25,227,277
21489,2025-01-18,171,258
21490,2025-02-12,675,220
21491,2025-02-14,870,339
21492,2024-08-23,338,850
21493,2024-06-06,392,249
21494,2024-07-24,34,657
21495,2024-11-25,768,282
21496,2025-01-09,340,557
21497,2024-11-26,219,725
21498,2024-09-07,712,717
21499,2024-09-30,111,245
21500,2024-06-03,346,242
21501,2024-11-20,409,972
21502,2025-03-11,638,386
21503,2024-08-08,733,830
21504,2024-12-26,946,905
21505,2025-02-01,772,516
21506,2024-07-16,916,361
21507,2024-05-25,412,592
21508,2024-07-18,518,468
21509,2025-03-21,371,945
21510,2024-11-27,710,181
21511,2024-12-15,596,80
21512,2025-01-15,782,20
21513,2024-11-26,111,313
21514,2025-01-04,263,954
21515,2024-06-19,130,177
21516,2025-03-22,327,119
21517,2024-08-22,501,147
21518,2024-05-01,346,644
21519,2024-11-26,96,119
21520,2024-11-30,295,498
21521,2024-06-15,359,932
21522,2024-11-04,79,996
21523,2024-11-28,592,544
21524,2024-12-23,77,523
21525,2024-06-11,912,939
21526,2025-04-26,945,204
21527,2024-12-31,857,324
21528,2024-05-05,374,972
21529,2025-01-29,973,25
21530,2025-03-27,647,956
21531,2024-07-22,633,703
21532,2025-04-04,311,294
21533,2025-04-05,425,93
21534,2024-06-09,168,838
21535,2024-08-18,11,418
21536,2025-01-18,895,579
21537,2024-11-25,480,218
21538,2024-06-02,595,108
21539,2024-06-14,723,683
21540,2024-10-28,561,737
21541,2024-06-24,358,432
21542,2024-09-18,548,54
21543,2024-05-03,643,572
21544,2024-07-09,329,373
21545,2025-03-12,321,406
21546,2024-05-09,645,527
21547,2024-07-01,84,590
21548,2024-11-09,222,273
21549,2024-09-15,534,124
21550,2024-09-27,906,887
21551,2025-02-13,846,261
21552,2025-01-10,999,566
21553,2024-05-07,779,380
21554,2024-10-19,910,556
21555,2025-02-27,411,827
21556,2024-06-26,55,804
21557,2025-02-22,136,520
21558,2025-01-06,47,902
21559,2025-04-08,358,296
21560,2024-08-13,193,187
21561,2024-12-30,911,490
21562,2025-04-07,41,433
21563,2024-12-22,830,4
21564,2024-05-22,868,264
21565,2024-09-26,881,491
21566,2024-09-21,942,416
21567,2024-08-04,418,44
21568,2024-10-22,273,996
21569,2024-10-27,885,310
21570,2024-04-30,749,254
21571,2025-04-27,78,666
21572,2024-06-21,290,801
21573,2024-09-17,645,123
21574,2024-11-07,258,357
21575,2025-02-16,463,192
21576,2025-02-08,31,856
21577,2025-04-07,641,632
21578,2024-06-23,294,106
21579,2024-11-30,847,263
21580,2024-05-20,516,572
21581,2024-06-17,201,604
21582,2024-08-09,331,113
21583,2024-10-01,47,122
21584,2024-09-29,160,359
21585,2024-12-16,350,796
21586,2024-09-23,900,283
21587,2025-01-20,824,625
21588,2025-04-30,368,590
21589,2025-04-03,131,391
21590,2024-09-05,803,470
21591,2024-05-28,751,110
21592,2024-06-28,999,279
21593,2025-04-12,834,357
21594,2025-01-25,788,478
21595,2024-11-10,131,328
21596,2025-03-28,276,560
21597,2024-08-02,379,60
21598,2024-11-25,671,180
21599,2024-06-29,287,192
21600,2025-03-30,550,833
21601,2024-10-20,170,921
21602,2025-03-24,130,666
21603,2024-07-07,658,266
21604,2024-12-30,542,620
21605,2025-02-05,14,212
21606,2024-06-21,837,958
21607,2025-03-10,768,135
21608,2024-05-12,766,354
21609,2024-05-07,733,113
21610,2024-05-08,550,157
21611,2025-01-12,375,456
21612,2024-06-17,646,403
21613,2025-01-26,448,21
21614,2024-07-03,596,313
21615,2025-01-10,623,305
21616,2025-04-23,321,605
21617,2024-11-07,225,869
21618,2025-01-18,289,548
21619,2024-09-01,667,477
21620,2024-05-23,820,483
21621,2024-07-22,766,400
21622,2025-04-11,465,27
21623,2024-08-06,31,958
21624,2024-05-11,261,969
21625,2025-04-27,546,185
21626,2024-09-26,587,217
21627,2025-02-09,733,752
21628,2024-08-27,671,398
21629,2025-03-22,773,646
21630,2024-07-19,462,777
21631,2024-05-14,101,387
21632,2024-05-28,463,374
21633,2024-10-23,661,113
21634,2024-11-13,875,52
21635,2024-11-11,636,164
21636,2025-03-09,43,684
21637,2024-06-01,346,59
21638,2025-04-18,335,973
21639,2025-03-02,933,31
21640,2024-09-29,557,342
21641,2025-04-05,63,480
21642,2025-02-18,964,966
21643,2024-07-17,643,314
21644,2025-04-01,418,530
21645,2024-08-06,390,311
21646,2025-01-14,425,705
21647,2024-09-25,326,586
21648,2024-10-22,484,132
21649,2025-04-22,491,482
21650,2024-08-10,362,580
21651,2024-12-01,494,231
21652,2024-12-20,351,910
21653,2025-03-19,481,425
21654,2025-04-25,819,73
21655,2024-05-19,307,456
21656,2024-11-08,956,165
21657,2024-09-13,613,570
21658,2024-10-14,91,803
21659,2024-08-07,299,642
21660,2025-03-24,303,925
21661,2024-06-19,385,287
21662,2024-09-11,462,823
21663,2024-09-29,641,480
21664,2024-11-01,797,749
21665,2024-08-10,310,139
21666,2025-02-27,587,192
21667,2024-07-14,353,176
21668,2025-01-05,381,123
21669,2024-10-27,79,370
21670,2024-12-05,832,673
21671,2025-03-01,757,520
21672,2024-08-14,648,215
21673,2024-06-18,82,710
21674,2025-03-12,823,433
21675,2024-07-30,622,983
21676,2025-01-03,603,164
21677,2024-11-16,949,806
21678,2024-05-19,881,691
21679,2025-03-18,699,464
21680,2024-10-10,718,697
21681,2025-04-06,6,557
21682,2024-10-31,430,209
21683,2024-08-13,644,873
21684,2024-12-25,574,865
21685,2025-02-17,173,572
21686,2024-09-19,284,846
21687,2024-07-10,381,479
21688,2024-07-26,805,38
21689,2024-10-22,542,407
21690,2025-04-17,194,473
21691,2024-12-10,103,556
21692,2024-06-25,525,98
21693,2024-10-26,246,1
21694,2025-03-14,166,26
21695,2024-08-06,46,969
21696,2024-05-14,418,589
21697,2025-04-20,8,664
21698,2024-06-27,243,524
21699,2024-07-04,411,542
21700,2025-04-17,539,30
21701,2024-08-09,735,419
21702,2024-05-31,48,991
21703,2024-11-13,261,742
21704,2024-12-18,687,349
21705,2024-09-17,986,284
21706,2024-12-31,240,834
21707,2024-06-27,206,212
21708,2024-05-06,615,321
21709,2024-07-21,22,45
21710,2024-10-08,251,957
21711,2025-01-12,290,703
21712,2024-06-22,945,664
21713,2024-08-04,153,433
21714,2024-08-19,345,703
21715,2025-02-14,143,194
21716,2024-10-02,619,818
21717,2025-03-01,283,501
21718,2025-01-20,958,538
21719,2024-05-19,633,499
21720,2025-04-22,83,579
21721,2025-02-06,369,189
21722,2024-12-23,208,217
21723,2024-09-07,603,106
21724,2024-06-17,666,858
21725,2025-03-06,273,396
21726,2024-08-15,825,119
21727,2024-11-28,232,67
21728,2025-03-17,330,800
21729,2025-02-19,139,66
21730,2025-03-24,15,796
21731,2025-04-07,203,78
21732,2024-06-16,729,306
21733,2024-05-13,793,504
21734,2024-08-07,30,623
21735,2024-10-25,116,407
21736,2025-03-15,376,479
21737,2024-11-21,584,28
21738,2024-10-05,954,746
21739,2025-01-18,699,799
21740,2025-02-24,276,898
21741,2024-06-23,318,466
21742,2024-06-03,736,345
21743,2024-11-12,240,44
21744,2025-03-25,875,489
21745,2024-06-07,287,515
21746,2024-05-20,903,593
21747,2024-08-31,444,256
21748,2025-02-27,987,204
21749,2024-05-01,142,692
21750,2025-01-29,214,486
21751,2024-11-06,297,774
21752,2025-01-10,701,790
21753,2024-11-11,247,131
21754,2025-01-19,893,598
21755,2025-04-13,42,498
21756,2024-07-27,543,520
21757,2025-01-21,453,195
21758,2024-06-06,982,227
21759,2024-06-05,421,8
21760,2025-03-19,167,729
21761,2024-08-26,264,326
21762,2024-06-27,487,137
21763,2025-01-28,337,845
21764,2024-12-19,890,608
21765,2024-11-26,739,701
21766,2024-11-25,939,948
21767,2025-01-27,400,297
21768,2024-07-10,612,536
21769,2024-05-09,131,664
21770,2025-02-03,994,517
21771,2024-12-27,874,75
21772,2024-07-12,859,116
21773,2024-11-21,121,630
21774,2024-06-07,43,347
21775,2024-09-05,351,879
21776,2025-03-15,25,390
21777,2024-09-03,872,363
21778,2024-07-19,275,372
21779,2024-07-10,484,295
21780,2025-04-07,696,524
21781,2024-08-31,150,952
21782,2024-11-30,697,818
21783,2024-08-22,870,535
21784,2025-02-19,360,879
21785,2025-01-17,1000,296
21786,2024-05-27,160,145
21787,2024-12-07,504,482
21788,2024-09-19,562,70
21789,2024-08-25,725,746
21790,2024-07-11,86,72
21791,2025-04-16,539,45
21792,2024-10-23,571,87
21793,2024-08-25,753,89
21794,2025-02-01,243,561
21795,2024-07-15,313,76
21796,2024-08-18,915,498
21797,2024-07-29,982,305
21798,2024-05-30,149,147
21799,2024-07-22,407,97
21800,2024-04-30,811,640
21801,2024-12-20,175,830
21802,2024-05-05,117,17
21803,2024-06-10,938,268
21804,2025-03-06,96,656
21805,2024-05-26,156,820
21806,2025-03-18,805,261
21807,2024-10-21,441,111
21808,2024-08-28,106,500
21809,2024-09-01,993,10
21810,2025-03-05,135,405
21811,2025-04-28,678,749
21812,2024-12-10,377,997
21813,2024-12-08,873,833
21814,2024-07-30,556,469
21815,2024-11-03,3,669
21816,2025-02-15,17,47
21817,2024-11-04,792,454
21818,2024-09-19,513,483
21819,2024-05-06,604,127
21820,2024-09-10,390,199
21821,2025-01-03,336,785
21822,2024-08-04,189,137
21823,2024-11-30,847,238
21824,2024-08-07,660,978
21825,2024-12-21,651,907
21826,2024-07-01,14,316
21827,2024-12-14,612,671
21828,2024-08-25,842,470
21829,2025-03-20,949,611
21830,2024-08-24,268,138
21831,2024-05-07,402,485
21832,2024-08-28,239,554
21833,2024-12-17,931,525
21834,2024-12-02,902,499
21835,2024-10-03,812,990
21836,2024-09-09,51,707
21837,2024-05-09,949,383
21838,2025-04-26,193,179
21839,2024-07-20,577,297
21840,2024-11-21,449,424
21841,2024-07-03,319,647
21842,2024-05-25,350,274
21843,2024-10-10,174,16
21844,2024-11-21,821,522
21845,2025-02-04,765,317
21846,2024-05-25,182,508
21847,2025-03-25,32,465
21848,2024-07-25,763,35
21849,2024-06-27,246,300
21850,2025-02-08,769,791
21851,2024-12-16,602,233
21852,2025-03-10,835,946
21853,2024-06-14,693,222
21854,2025-02-24,895,971
21855,2024-05-26,275,578
21856,2025-02-24,912,193
21857,2024-11-06,208,450
21858,2024-12-10,307,328
21859,2024-09-17,742,215
21860,2025-03-01,239,767
21861,2024-09-14,735,366
21862,2024-09-13,24,526
21863,2024-06-08,390,998
21864,2024-12-14,886,265
21865,2025-01-26,77,848
21866,2024-07-14,24,41
21867,2024-11-03,164,684
21868,2024-06-08,156,894
21869,2025-04-21,491,95
21870,2025-04-15,236,109
21871,2025-02-12,291,632
21872,2024-05-21,711,775
21873,2024-08-05,236,626
21874,2024-09-11,548,34
21875,2024-07-29,826,970
21876,2024-08-17,773,65
21877,2025-04-08,206,799
21878,2024-05-16,764,149
21879,2024-06-12,330,378
21880,2024-05-21,418,449
21881,2025-01-24,394,361
21882,2024-11-26,579,560
21883,2024-07-29,484,99
21884,2024-06-14,751,455
21885,2025-01-15,428,54
21886,2024-08-30,246,183
21887,2025-04-04,519,340
21888,2024-06-01,153,320
21889,2025-01-19,990,606
21890,2024-11-17,244,487
21891,2025-01-26,85,537
21892,2024-10-18,804,642
21893,2025-04-22,220,584
21894,2024-07-12,710,794
21895,2024-08-31,851,985
21896,2024-09-23,834,742
21897,2024-05-29,92,695
21898,2024-07-06,633,121
21899,2025-02-22,882,883
21900,2025-02-10,465,280
21901,2024-07-20,14,524
21902,2024-08-24,210,176
21903,2024-08-06,631,735
21904,2025-03-24,612,291
21905,2024-12-17,232,268
21906,2025-04-22,119,206
21907,2024-09-04,642,386
21908,2024-09-18,672,836
21909,2024-11-01,776,106
21910,2024-07-06,32,753
21911,2025-03-04,763,245
21912,2024-10-04,357,450
21913,2024-09-01,261,874
21914,2024-06-01,936,997
21915,2024-08-07,839,331
21916,2024-08-12,328,753
21917,2024-12-28,882,808
21918,2024-07-16,598,227
21919,2024-12-12,739,830
21920,2024-11-11,818,626
21921,2025-01-15,253,306
21922,2024-05-22,289,209
21923,2024-12-14,482,999
21924,2024-08-04,26,852
21925,2025-04-12,419,844
21926,2024-10-04,585,32
21927,2024-12-20,57,84
21928,2025-02-28,137,592
21929,2024-11-16,985,49
21930,2024-05-12,65,287
21931,2024-06-27,448,981
21932,2024-09-03,257,899
21933,2024-10-28,500,769
21934,2025-02-03,255,207
21935,2024-05-10,977,947
21936,2024-12-31,430,728
21937,2025-01-28,824,42
21938,2025-03-09,795,19
21939,2024-12-08,584,710
21940,2024-05-17,610,265
21941,2025-03-18,616,485
21942,2025-03-07,882,962
21943,2025-03-27,2,664
21944,2025-02-02,373,446
21945,2024-12-27,864,991
21946,2024-10-27,309,760
21947,2024-06-03,130,918
21948,2024-08-13,668,683
21949,2025-02-26,946,249
21950,2024-11-21,552,848
21951,2024-08-18,169,634
21952,2024-12-12,935,761
21953,2024-08-26,788,501
21954,2024-05-11,257,830
21955,2024-12-25,250,894
21956,2025-01-30,501,684
21957,2024-10-21,916,321
21958,2025-02-08,469,506
21959,2024-08-23,869,397
21960,2024-06-17,756,973
21961,2025-03-21,37,274
21962,2025-02-24,139,943
21963,2024-10-14,547,552
21964,2024-05-29,378,591
21965,2024-05-19,946,986
21966,2025-01-16,520,530
21967,2025-04-29,715,174
21968,2024-05-27,912,418
21969,2025-04-23,63,722
21970,2024-09-28,193,252
21971,2025-03-31,942,157
21972,2024-12-23,287,809
21973,2025-03-03,283,409
21974,2024-07-19,440,733
21975,2024-10-24,99,773
21976,2025-01-20,277,725
21977,2024-09-19,446,202
21978,2024-12-06,186,360
21979,2024-10-18,876,105
21980,2024-10-07,103,389
21981,2024-07-27,397,578
21982,2024-06-15,649,580
21983,2024-12-10,153,925
21984,2024-06-05,315,736
21985,2024-05-03,711,835
21986,2025-01-19,471,96
21987,2025-01-10,226,425
21988,2024-11-02,289,791
21989,2024-08-03,174,940
21990,2024-06-13,786,627
21991,2024-11-03,182,962
21992,2024-11-15,135,900
21993,2025-04-19,951,893
21994,2024-12-25,436,809
21995,2025-01-29,485,841
21996,2024-05-15,861,153
21997,2024-10-25,425,118
21998,2025-02-19,574,57
21999,2025-04-14,576,745
22000,2025-01-20,847,988
22001,2024-08-06,592,623
22002,2025-04-24,609,802
22003,2024-05-12,435,990
22004,2024-10-04,942,247
22005,2024-12-25,647,503
22006,2025-03-13,391,95
22007,2024-08-30,54,683
22008,2025-01-18,524,943
22009,2024-08-26,763,734
22010,2025-03-31,682,239
22011,2025-03-10,543,554
22012,2025-01-12,369,781
22013,2024-08-26,229,694
22014,2024-10-11,416,794
22015,2024-06-02,117,757
22016,2024-05-21,569,178
22017,2024-09-09,974,547
22018,2025-02-10,116,863
22019,2024-06-18,819,223
22020,2024-07-18,964,853
22021,2024-10-03,576,714
22022,2025-01-05,931,574
22023,2024-08-15,347,27
22024,2024-07-01,648,560
22025,2024-06-09,531,370
22026,2024-09-18,490,740
22027,2024-08-20,292,388
22028,2024-09-18,905,741
22029,2024-09-14,484,378
22030,2024-07-29,453,456
22031,2025-02-02,986,264
22032,2024-05-02,798,337
22033,2024-11-26,225,294
22034,2024-05-19,487,698
22035,2024-06-03,314,426
22036,2024-11-15,883,798
22037,2024-09-12,630,711
22038,2024-10-17,27,534
22039,2024-10-09,175,173
22040,2024-05-31,661,924
22041,2024-09-15,62,113
22042,2025-03-18,47,957
22043,2025-03-24,944,383
22044,2024-09-18,210,713
22045,2024-07-07,376,226
22046,2024-11-26,406,975
22047,2024-09-10,465,626
22048,2025-01-16,426,373
22049,2025-01-20,564,663
22050,2024-10-13,133,957
22051,2024-10-12,229,641
22052,2024-10-08,959,287
22053,2025-02-16,145,378
22054,2024-12-28,256,154
22055,2024-11-03,103,520
22056,2024-09-20,975,852
22057,2025-02-18,831,623
22058,2024-05-09,146,499
22059,2024-12-14,665,521
22060,2024-06-10,955,653
22061,2024-08-25,291,257
22062,2025-03-15,57,407
22063,2025-01-05,157,854
22064,2025-04-08,426,621
22065,2025-03-19,880,700
22066,2024-05-04,144,626
22067,2024-06-09,845,383
22068,2025-01-18,731,245
22069,2024-10-22,627,658
22070,2024-08-18,571,352
22071,2024-07-05,56,48
22072,2025-02-19,306,416
22073,2024-05-21,903,262
22074,2024-04-30,264,972
22075,2025-02-05,23,92
22076,2024-10-04,367,201
22077,2025-04-18,854,681
22078,2025-04-15,726,669
22079,2025-03-10,104,736
22080,2024-12-15,755,228
22081,2024-11-05,498,536
22082,2024-08-10,850,552
22083,2024-11-14,61,778
22084,2025-04-29,106,365
22085,2024-09-15,686,70
22086,2025-01-06,733,58
22087,2025-02-20,193,611
22088,2024-06-10,230,507
22089,2024-12-25,530,924
22090,2024-11-11,435,432
22091,2024-12-21,200,705
22092,2024-06-10,753,590
22093,2025-02-02,141,772
22094,2024-12-25,248,799
22095,2025-01-22,87,530
22096,2024-11-11,706,867
22097,2025-04-28,812,234
22098,2025-02-24,853,411
22099,2025-01-16,987,370
22100,2024-11-23,746,249
22101,2025-04-13,627,486
22102,2025-03-26,628,272
22103,2024-06-01,26,699
22104,2024-08-07,119,115
22105,2024-05-30,71,758
22106,2024-10-15,840,676
22107,2025-02-06,654,29
22108,2024-07-21,787,131
22109,2024-10-23,303,494
22110,2024-11-14,25,353
22111,2024-11-30,539,486
22112,2024-07-22,942,568
22113,2024-07-21,63,714
22114,2025-04-08,982,930
22115,2024-08-11,16,593
22116,2025-02-09,219,652
22117,2025-03-02,91,887
22118,2024-05-21,261,883
22119,2024-11-11,246,692
22120,2024-12-12,411,13
22121,2024-09-15,920,724
22122,2024-11-09,942,241
22123,2025-01-16,408,162
22124,2025-03-11,423,432
22125,2025-01-24,932,695
22126,2024-11-20,531,513
22127,2024-09-30,91,108
22128,2025-03-10,323,297
22129,2025-03-27,443,106
22130,2024-07-05,635,966
22131,2024-09-01,428,107
22132,2025-02-11,848,215
22133,2024-11-12,584,759
22134,2024-08-30,897,838
22135,2025-03-22,512,912
22136,2024-07-01,980,171
22137,2025-04-08,369,672
22138,2024-12-03,438,730
22139,2024-04-30,775,231
22140,2025-04-01,467,166
22141,2024-08-11,634,596
22142,2024-11-04,455,362
22143,2025-03-12,625,300
22144,2024-05-02,946,601
22145,2025-03-04,132,572
22146,2025-03-14,593,761
22147,2025-02-20,606,653
22148,2024-11-12,322,472
22149,2024-09-22,682,894
22150,2024-08-19,98,937
22151,2025-04-07,382,690
22152,2025-04-29,892,157
22153,2024-09-07,650,548
22154,2024-11-25,105,854
22155,2025-01-31,829,137
22156,2024-09-03,679,595
22157,2024-07-14,908,566
22158,2024-12-13,51,115
22159,2024-08-16,421,760
22160,2024-06-11,311,571
22161,2025-04-06,424,534
22162,2025-02-23,349,656
22163,2025-01-27,573,954
22164,2025-02-12,961,534
22165,2024-06-25,836,566
22166,2025-03-09,200,527
22167,2024-12-24,453,619
22168,2024-08-09,670,608
22169,2024-12-16,297,263
22170,2024-09-25,232,60
22171,2025-04-08,382,941
22172,2024-06-22,180,832
22173,2024-12-21,423,652
22174,2024-11-03,87,22
22175,2024-06-18,9,484
22176,2024-07-13,872,328
22177,2025-03-17,384,360
22178,2024-07-17,808,500
22179,2024-08-02,383,224
22180,2024-11-14,770,634
22181,2025-04-22,70,585
22182,2024-05-26,104,791
22183,2024-10-16,424,376
22184,2025-01-04,747,560
22185,2025-03-06,324,455
22186,2025-03-13,164,859
22187,2024-07-12,254,288
22188,2024-12-24,456,647
22189,2024-12-11,192,997
22190,2025-04-12,530,328
22191,2024-05-02,331,880
22192,2024-09-19,686,40
22193,2024-08-02,171,508
22194,2024-09-14,819,41
22195,2024-12-25,595,616
22196,2024-09-04,884,426
22197,2025-01-07,826,341
22198,2024-12-17,683,676
22199,2024-08-30,10,19
22200,2024-07-11,399,47
22201,2025-04-27,286,796
22202,2024-08-16,28,454
22203,2025-01-23,232,649
22204,2025-02-20,311,334
22205,2024-06-26,887,441
22206,2024-12-13,243,98
22207,2024-10-17,807,254
22208,2025-01-20,700,416
22209,2024-05-31,649,379
22210,2025-02-15,546,51
22211,2024-08-11,656,225
22212,2024-07-24,183,309
22213,2024-12-27,302,576
22214,2024-07-06,323,245
22215,2024-07-21,551,494
22216,2024-05-21,432,727
22217,2024-10-06,505,495
22218,2024-10-17,301,636
22219,2024-07-04,183,462
22220,2024-08-03,272,581
22221,2025-01-07,614,772
22222,2025-04-02,662,885
22223,2025-01-21,902,530
22224,2025-03-27,641,329
22225,2025-02-27,294,392
22226,2024-11-20,691,9
22227,2024-10-19,5,662
22228,2024-06-11,321,814
22229,2025-04-11,72,335
22230,2024-06-01,154,704
22231,2025-02-18,459,864
22232,2024-07-23,956,600
22233,2024-05-22,901,23
22234,2024-07-10,633,159
22235,2025-04-24,713,169
22236,2025-04-29,652,236
22237,2025-03-23,612,455
22238,2024-11-18,317,37
22239,2024-10-21,263,438
22240,2024-10-09,176,865
22241,2024-11-09,834,181
22242,2025-01-18,138,760
22243,2024-11-25,713,124
22244,2025-03-07,844,624
22245,2025-03-28,70,973
22246,2024-10-23,486,193
22247,2025-01-31,467,284
22248,2024-05-17,946,913
22249,2024-08-08,700,369
22250,2024-09-25,63,583
22251,2024-09-01,377,382
22252,2025-02-20,795,140
22253,2025-02-27,498,109
22254,2024-12-07,300,266
22255,2024-06-20,189,1
22256,2025-03-14,363,899
22257,2024-12-31,241,482
22258,2024-06-01,323,912
22259,2024-05-22,91,180
22260,2025-03-28,843,809
22261,2025-04-05,128,424
22262,2024-06-11,52,95
22263,2025-02-12,483,888
22264,2025-03-31,468,899
22265,2025-04-17,482,156
22266,2025-03-08,850,238
22267,2025-02-11,489,573
22268,2024-12-20,191,32
22269,2025-04-06,925,735
22270,2024-06-03,673,743
22271,2024-12-02,890,673
22272,2024-11-21,818,268
22273,2025-03-21,298,554
22274,2025-04-02,884,930
22275,2024-11-09,598,977
22276,2025-01-03,254,480
22277,2025-04-23,335,311
22278,2025-04-12,769,664
22279,2024-11-09,657,311
22280,2024-09-20,185,6
22281,2024-12-25,45,197
22282,2025-01-29,683,997
22283,2024-11-04,94,377
22284,2024-12-26,246,21
22285,2024-12-31,11,155
22286,2024-07-27,1000,193
22287,2024-11-29,298,739
22288,2024-09-17,963,272
22289,2024-11-07,369,332
22290,2025-03-31,559,370
22291,2024-11-18,838,312
22292,2024-08-20,122,694
22293,2024-06-18,814,815
22294,2024-05-29,747,274
22295,2024-07-20,472,490
22296,2025-03-26,332,761
22297,2025-01-15,315,404
22298,2025-02-04,781,142
22299,2025-04-08,164,923
22300,2024-09-22,234,34
22301,2025-01-18,640,472
22302,2025-02-13,211,867
22303,2025-03-28,232,176
22304,2024-09-13,440,270
22305,2024-06-18,822,588
22306,2025-02-24,749,474
22307,2024-10-15,534,809
22308,2024-12-19,62,985
22309,2025-02-10,467,271
22310,2025-01-10,444,118
22311,2024-10-05,180,865
22312,2025-04-16,815,994
22313,2024-06-27,281,553
22314,2024-07-16,954,726
22315,2024-07-08,988,111
22316,2025-02-12,271,710
22317,2024-08-19,105,742
22318,2024-06-21,249,755
22319,2024-12-07,962,296
22320,2024-11-17,766,618
22321,2025-03-31,692,396
22322,2024-07-09,619,430
22323,2024-09-17,609,683
22324,2025-01-18,229,525
22325,2025-01-15,713,951
22326,2025-02-11,34,485
22327,2024-06-09,809,886
22328,2025-02-10,160,39
22329,2024-06-19,120,665
22330,2025-01-02,110,753
22331,2025-01-10,30,745
22332,2024-08-28,405,879
22333,2024-06-23,745,740
22334,2024-08-25,772,50
22335,2025-03-28,223,541
22336,2024-12-21,796,810
22337,2025-02-28,188,112
22338,2024-08-03,226,426
22339,2024-07-02,41,679
22340,2025-03-03,845,946
22341,2025-03-08,820,96
22342,2024-12-22,345,85
22343,2025-02-09,7,513
22344,2024-11-14,649,839
22345,2025-03-14,220,966
22346,2025-04-13,155,882
22347,2025-02-27,611,491
22348,2024-05-20,390,545
22349,2025-01-24,425,105
22350,2024-11-22,709,375
22351,2024-06-09,711,806
22352,2024-06-10,62,975
22353,2024-05-15,696,302
22354,2025-04-09,57,264
22355,2024-11-09,7,276
22356,2025-04-07,181,611
22357,2024-05-15,510,973
22358,2025-02-19,46,582
22359,2025-01-13,947,928
22360,2025-02-26,805,424
22361,2024-09-19,475,786
22362,2025-04-16,108,800
22363,2024-09-25,37,140
22364,2024-10-26,550,906
22365,2025-01-29,702,401
22366,2024-11-25,665,240
22367,2024-05-25,208,632
22368,2025-01-25,169,32
22369,2025-04-04,83,798
22370,2025-04-08,418,587
22371,2025-04-09,35,365
22372,2025-04-15,347,846
22373,2024-08-17,501,642
22374,2024-11-08,99,735
22375,2024-12-09,305,140
22376,2024-10-19,170,896
22377,2025-03-15,121,233
22378,2024-08-01,670,231
22379,2025-02-11,76,902
22380,2025-04-11,825,579
22381,2024-11-09,542,417
22382,2024-10-17,890,187
22383,2024-07-01,422,168
22384,2024-09-04,79,82
22385,2025-04-01,110,898
22386,2025-01-17,883,928
22387,2024-06-09,79,942
22388,2024-08-01,545,437
22389,2024-07-01,463,923
22390,2025-04-19,774,342
22391,2024-07-18,253,125
22392,2025-01-13,733,855
22393,2024-12-19,163,251
22394,2024-09-19,13,331
22395,2024-07-24,762,996
22396,2024-07-11,167,676
22397,2025-02-05,703,826
22398,2024-09-24,52,884
22399,2025-03-11,184,503
22400,2025-03-07,591,683
22401,2024-07-14,64,408
22402,2025-03-31,558,391
22403,2025-03-22,149,137
22404,2024-07-18,214,194
22405,2024-09-01,500,557
22406,2024-09-06,633,35
22407,2024-06-13,212,208
22408,2024-11-15,404,306
22409,2025-03-02,134,783
22410,2025-01-02,903,364
22411,2024-09-01,234,629
22412,2024-10-04,609,12
22413,2024-07-10,600,285
22414,2024-11-24,549,62
22415,2025-03-30,520,649
22416,2024-06-23,905,478
22417,2024-11-13,398,181
22418,2025-02-02,564,463
22419,2024-05-21,591,375
22420,2024-05-14,165,147
22421,2024-08-31,131,895
22422,2024-11-16,532,412
22423,2024-09-16,385,713
22424,2025-04-14,405,831
22425,2025-01-13,474,339
22426,2024-08-31,619,939
22427,2025-02-01,526,928
22428,2024-10-22,676,445
22429,2024-12-20,699,122
22430,2024-12-06,198,361
22431,2024-12-15,564,655
22432,2024-10-18,681,531
22433,2024-08-19,322,391
22434,2025-03-04,180,859
22435,2024-07-21,578,144
22436,2024-10-24,719,156
22437,2024-12-29,288,433
22438,2025-04-25,871,696
22439,2024-09-09,499,94
22440,2025-04-20,925,449
22441,2025-02-01,873,784
22442,2024-06-11,881,754
22443,2024-05-05,748,85
22444,2024-10-03,746,47
22445,2024-07-24,792,385
22446,2024-11-21,722,687
22447,2024-09-20,85,921
22448,2024-11-06,959,128
22449,2025-03-27,406,370
22450,2024-08-26,941,580
22451,2024-10-15,792,928
22452,2025-04-22,949,772
22453,2025-01-03,208,236
22454,2024-05-26,939,630
22455,2024-05-14,862,130
22456,2024-05-22,448,214
22457,2024-12-29,26,52
22458,2024-05-19,384,51
22459,2025-02-15,791,813
22460,2024-11-29,360,740
22461,2025-01-26,107,748
22462,2025-02-08,854,202
22463,2024-05-12,447,532
22464,2025-03-11,640,223
22465,2025-04-17,695,197
22466,2025-03-31,973,120
22467,2024-06-21,625,376
22468,2025-03-31,661,933
22469,2024-06-04,453,948
22470,2024-10-14,654,959
22471,2025-04-28,233,511
22472,2025-03-03,426,145
22473,2024-10-09,750,415
22474,2024-11-20,881,174
22475,2025-04-21,672,647
22476,2024-11-24,430,686
22477,2024-11-11,389,940
22478,2024-07-06,580,730
22479,2025-01-10,959,304
22480,2024-06-29,630,918
22481,2025-02-27,519,365
22482,2025-01-18,551,639
22483,2024-07-31,276,739
22484,2024-07-17,196,369
22485,2024-08-26,683,311
22486,2025-01-14,633,625
22487,2025-02-07,503,858
22488,2024-12-09,148,49
22489,2024-06-26,720,543
22490,2024-11-19,319,473
22491,2024-09-28,798,808
22492,2024-05-22,338,872
22493,2024-10-04,696,942
22494,2025-02-01,108,23
22495,2024-07-07,762,928
22496,2024-10-31,328,370
22497,2025-03-09,862,396
22498,2024-09-11,1,827
22499,2024-05-21,689,952
22500,2024-10-29,383,187
22501,2024-07-17,957,594
22502,2024-05-17,970,578
22503,2024-11-27,23,654
22504,2025-02-19,832,778
22505,2025-02-12,879,161
22506,2024-06-15,544,336
22507,2024-12-12,129,696
22508,2025-01-24,930,755
22509,2025-02-14,565,197
22510,2025-02-02,660,77
22511,2024-07-23,83,892
22512,2024-11-06,10,416
22513,2024-06-15,435,65
22514,2024-07-12,245,193
22515,2024-10-26,897,54
22516,2024-06-05,890,401
22517,2024-12-13,252,774
22518,2024-09-12,261,477
22519,2024-10-19,659,346
22520,2025-04-08,40,201
22521,2025-01-23,768,459
22522,2024-12-06,482,815
22523,2025-04-07,450,489
22524,2025-01-20,513,325
22525,2025-01-27,485,569
22526,2024-06-19,952,375
22527,2024-05-23,767,782
22528,2024-12-28,263,560
22529,2024-09-15,687,868
22530,2025-03-11,134,624
22531,2025-04-21,968,370
22532,2025-02-21,488,980
22533,2024-05-11,530,850
22534,2025-02-23,333,284
22535,2025-01-19,873,325
22536,2025-01-06,462,446
22537,2025-04-13,759,622
22538,2024-06-07,453,787
22539,2024-10-05,709,787
22540,2024-10-06,856,326
22541,2025-03-31,74,18
22542,2024-05-15,479,467
22543,2024-10-23,303,807
22544,2024-06-18,22,32
22545,2024-08-21,321,652
22546,2024-08-25,936,627
22547,2024-12-21,324,56
22548,2025-04-01,838,143
22549,2024-07-19,541,920
22550,2025-04-24,600,804
22551,2024-10-07,112,863
22552,2024-07-07,793,989
22553,2025-02-02,727,615
22554,2024-07-28,203,278
22555,2025-04-27,69,630
22556,2024-11-03,486,248
22557,2025-03-01,702,407
22558,2025-03-27,755,671
22559,2024-12-31,441,877
22560,2024-08-31,274,374
22561,2024-12-24,297,473
22562,2024-07-20,986,179
22563,2024-11-07,151,484
22564,2024-06-18,335,378
22565,2024-07-19,893,595
22566,2024-07-18,555,777
22567,2024-10-24,15,932
22568,2024-12-25,426,807
22569,2025-03-06,614,65
22570,2024-08-06,565,673
22571,2024-06-11,937,257
22572,2024-11-25,458,606
22573,2024-05-04,723,526
22574,2024-10-19,445,269
22575,2025-03-06,703,503
22576,2024-12-07,220,387
22577,2025-03-22,28,997
22578,2024-09-24,202,595
22579,2025-02-11,758,775
22580,2024-10-18,178,363
22581,2024-05-19,933,518
22582,2024-05-03,578,578
22583,2025-04-17,997,200
22584,2024-08-28,337,856
22585,2025-03-11,804,568
22586,2024-04-30,261,850
22587,2025-01-15,502,880
22588,2024-10-17,481,643
22589,2024-10-03,549,127
22590,2024-08-31,552,165
22591,2024-12-08,804,406
22592,2025-01-20,849,806
22593,2024-07-20,101,357
22594,2024-10-20,95,792
22595,2024-06-22,745,941
22596,2024-09-10,852,11
22597,2024-08-18,392,685
22598,2024-12-23,898,219
22599,2024-05-09,832,8
22600,2024-09-12,241,898
22601,2024-10-02,306,415
22602,2024-09-03,890,104
22603,2024-06-10,131,163
22604,2025-04-07,248,681
22605,2025-01-30,100,869
22606,2025-01-04,438,952
22607,2024-05-17,743,447
22608,2024-11-06,559,487
22609,2025-04-24,991,37
22610,2024-05-27,963,745
22611,2025-03-20,783,997
22612,2024-12-05,131,396
22613,2025-04-04,454,68
22614,2024-08-14,205,172
22615,2024-06-03,557,364
22616,2025-01-22,538,535
22617,2024-09-19,638,929
22618,2025-02-18,243,148
22619,2024-09-05,326,271
22620,2025-04-24,454,193
22621,2024-12-15,166,950
22622,2025-03-23,787,36
22623,2025-03-09,566,969
22624,2025-04-23,21,756
22625,2024-08-08,874,733
22626,2024-08-25,86,323
22627,2024-09-10,657,518
22628,2024-11-11,59,346
22629,2024-09-02,459,32
22630,2024-08-04,279,151
22631,2024-10-10,677,327
22632,2024-06-16,819,772
22633,2025-01-08,606,572
22634,2024-10-17,991,117
22635,2024-11-30,985,526
22636,2025-01-25,48,407
22637,2024-08-27,618,978
22638,2024-10-25,791,528
22639,2024-05-26,560,606
22640,2024-12-27,308,53
22641,2025-02-15,92,326
22642,2024-11-10,374,598
22643,2025-04-25,1000,874
22644,2025-01-06,868,335
22645,2024-07-07,523,471
22646,2024-10-31,588,393
22647,2024-05-04,818,792
22648,2024-08-04,139,4
22649,2025-03-25,586,579
22650,2024-12-20,571,749
22651,2024-06-23,549,672
22652,2024-08-19,979,890
22653,2024-05-14,224,974
22654,2025-02-23,507,386
22655,2024-12-02,880,601
22656,2025-04-03,687,986
22657,2024-11-04,209,83
22658,2025-04-22,65,977
22659,2025-04-07,996,46
22660,2024-12-09,770,488
22661,2024-06-12,930,62
22662,2025-02-21,851,472
22663,2024-12-22,515,139
22664,2024-06-26,80,777
22665,2024-05-30,602,302
22666,2025-02-14,860,888
22667,2024-08-29,41,588
22668,2024-10-13,565,492
22669,2024-05-01,224,934
22670,2025-02-21,563,957
22671,2024-11-07,676,121
22672,2024-08-21,729,449
22673,2024-06-10,896,842
22674,2024-10-21,860,909
22675,2025-01-20,762,524
22676,2024-12-27,444,675
22677,2024-12-21,720,679
22678,2024-12-17,442,468
22679,2025-04-10,737,540
22680,2024-12-25,959,672
22681,2025-03-20,523,46
22682,2024-12-26,952,378
22683,2025-01-17,452,825
22684,2024-10-12,370,713
22685,2024-07-17,12,676
22686,2024-07-15,45,444
22687,2025-02-12,463,326
22688,2025-04-01,474,791
22689,2024-08-19,142,527
22690,2025-02-19,356,569
22691,2025-04-16,651,817
22692,2024-12-21,273,10
22693,2024-10-08,123,341
22694,2025-01-15,607,889
22695,2024-11-20,779,353
22696,2024-10-18,575,319
22697,2024-05-28,424,605
22698,2024-11-16,344,303
22699,2024-11-12,224,224
22700,2024-10-07,314,119
22701,2024-11-11,726,789
22702,2024-05-07,304,286
22703,2025-02-19,397,7
22704,2025-01-03,592,62
22705,2025-01-11,933,669
22706,2025-04-13,370,618
22707,2025-01-27,152,832
22708,2024-12-15,620,565
22709,2024-07-05,533,16
22710,2024-11-30,60,108
22711,2024-09-09,288,646
22712,2024-09-01,555,503
22713,2024-05-15,125,609
22714,2025-02-19,567,511
22715,2024-10-06,809,298
22716,2024-06-29,437,884
22717,2025-04-27,123,967
22718,2024-06-17,653,191
22719,2025-04-07,31,788
22720,2024-05-08,67,522
22721,2024-07-07,10,176
22722,2024-05-15,628,796
22723,2025-02-06,849,956
22724,2024-10-01,852,497
22725,2025-02-01,407,645
22726,2024-09-06,192,22
22727,2024-07-04,571,195
22728,2025-03-17,323,991
22729,2024-08-28,658,648
22730,2024-07-07,651,778
22731,2024-11-22,526,768
22732,2024-05-29,337,245
22733,2024-08-19,773,572
22734,2025-04-15,671,516
22735,2025-02-15,857,388
22736,2025-04-18,133,369
22737,2025-04-23,12,232
22738,2024-10-28,204,462
22739,2024-08-08,604,234
22740,2024-09-05,220,679
22741,2024-07-07,60,201
22742,2024-07-25,38,412
22743,2025-03-08,310,470
22744,2024-08-27,921,509
22745,2024-09-28,35,782
22746,2024-07-05,397,948
22747,2024-10-09,958,951
22748,2024-05-16,717,914
22749,2024-09-17,365,598
22750,2024-12-20,829,382
22751,2024-11-27,589,910
22752,2025-04-12,719,320
22753,2025-02-05,706,430
22754,2024-10-16,336,953
22755,2024-09-01,544,75
22756,2024-08-24,450,859
22757,2025-03-06,865,279
22758,2025-01-29,884,769
22759,2024-09-18,688,320
22760,2025-04-08,345,390
22761,2025-03-04,375,686
22762,2024-08-23,71,120
22763,2024-07-22,828,658
22764,2025-01-06,190,382
22765,2025-04-03,423,78
22766,2024-11-05,315,398
22767,2024-08-22,366,344
22768,2024-09-30,377,7
22769,2024-05-29,927,398
22770,2024-05-17,425,441
22771,2024-08-01,239,338
22772,2025-01-11,517,117
22773,2025-02-01,696,350
22774,2024-11-17,419,559
22775,2024-12-08,582,505
22776,2024-10-19,30,161
22777,2025-02-23,984,729
22778,2024-07-13,981,745
22779,2024-10-24,967,22
22780,2024-06-07,616,644
22781,2024-08-29,189,120
22782,2024-10-26,436,406
22783,2024-08-07,357,556
22784,2025-01-21,173,748
22785,2025-02-15,484,476
22786,2024-09-24,878,280
22787,2025-02-08,243,617
22788,2025-02-15,141,579
22789,2024-12-21,708,867
22790,2025-03-20,767,1000
22791,2025-01-11,576,354
22792,2024-06-27,797,521
22793,2025-03-23,33,499
22794,2024-12-19,708,521
22795,2025-01-29,355,652
22796,2025-01-22,401,460
22797,2024-04-30,783,711
22798,2024-08-28,186,76
22799,2024-08-14,405,364
22800,2024-05-19,599,73
22801,2024-10-04,956,240
22802,2024-08-10,690,153
22803,2024-09-21,989,640
22804,2025-04-11,236,640
22805,2025-03-26,975,134
22806,2024-05-13,918,132
22807,2025-02-25,746,492
22808,2025-01-21,972,208
22809,2025-01-29,26,60
22810,2024-07-05,22,181
22811,2024-10-16,725,554
22812,2025-01-24,756,188
22813,2024-07-07,751,704
22814,2024-10-29,950,3
22815,2025-03-24,423,982
22816,2025-01-30,969,771
22817,2024-10-08,464,145
22818,2025-04-21,575,963
22819,2024-07-23,984,214
22820,2024-11-15,478,773
22821,2024-06-10,732,379
22822,2024-06-12,856,7
22823,2025-02-09,192,319
22824,2025-01-11,180,212
22825,2024-11-21,269,983
22826,2025-01-14,743,653
22827,2024-10-07,472,811
22828,2025-01-21,26,737
22829,2024-05-21,206,471
22830,2025-04-16,985,228
22831,2024-08-13,153,703
22832,2025-04-06,343,412
22833,2024-08-21,664,95
22834,2025-04-18,342,307
22835,2025-03-14,929,828
22836,2024-09-24,144,804
22837,2024-11-25,125,311
22838,2024-12-03,313,616
22839,2025-01-25,923,102
22840,2024-07-18,482,613
22841,2024-08-08,770,345
22842,2025-03-16,765,408
22843,2024-11-15,336,428
22844,2024-12-27,231,448
22845,2024-05-20,892,157
22846,2024-09-17,309,34
22847,2024-09-14,521,667
22848,2025-03-10,143,424
22849,2024-11-02,716,251
22850,2024-09-24,804,152
22851,2024-08-11,180,193
22852,2025-03-08,603,32
22853,2024-09-09,853,158
22854,2024-11-06,671,14
22855,2024-08-10,602,553
22856,2024-08-29,132,14
22857,2024-08-15,457,178
22858,2024-05-25,823,238
22859,2024-12-14,245,484
22860,2025-01-16,660,868
22861,2024-09-25,270,399
22862,2024-09-16,690,287
22863,2024-11-19,713,54
22864,2024-09-27,30,389
22865,2024-10-28,658,564
22866,2024-08-27,961,187
22867,2024-12-20,923,558
22868,2025-02-08,517,446
22869,2025-01-03,591,190
22870,2025-01-23,421,130
22871,2024-09-26,374,607
22872,2024-09-17,883,866
22873,2024-08-01,1,633
22874,2024-06-21,194,697
22875,2024-05-31,536,725
22876,2025-02-02,483,655
22877,2024-08-16,862,855
22878,2025-04-11,120,420
22879,2025-01-05,248,360
22880,2024-12-29,418,801
22881,2024-10-10,801,748
22882,2025-03-24,497,234
22883,2025-01-30,230,350
22884,2025-04-18,576,69
22885,2025-03-02,685,103
22886,2024-08-07,104,982
22887,2024-09-13,691,464
22888,2025-02-08,891,61
22889,2024-09-24,190,492
22890,2024-07-27,974,789
22891,2024-05-23,568,720
22892,2025-01-27,337,928
22893,2024-06-21,140,256
22894,2024-10-08,249,875
22895,2024-06-07,415,328
22896,2025-02-13,452,158
22897,2025-01-07,776,980
22898,2024-10-30,974,446
22899,2024-12-24,982,566
22900,2024-10-22,380,987
22901,2025-04-02,543,986
22902,2024-12-10,966,545
22903,2024-10-06,262,369
22904,2025-03-28,228,294
22905,2025-03-30,92,155
22906,2025-01-08,606,481
22907,2025-03-18,424,890
22908,2024-11-28,614,379
22909,2025-02-02,325,883
22910,2024-08-26,66,367
22911,2025-04-10,515,253
22912,2024-10-23,884,543
22913,2024-11-17,734,76
22914,2025-04-06,424,731
22915,2024-08-13,591,977
22916,2025-03-07,424,149
22917,2024-05-17,30,134
22918,2024-12-19,362,457
22919,2025-01-13,557,538
22920,2025-02-24,100,995
22921,2024-06-17,787,296
22922,2025-01-11,490,567
22923,2024-05-21,978,57
22924,2024-06-02,735,522
22925,2024-08-01,923,549
22926,2025-03-17,388,14
22927,2024-08-13,97,824
22928,2024-06-04,461,582
22929,2024-12-11,889,373
22930,2024-05-17,346,14
22931,2025-01-11,85,988
22932,2024-06-10,114,130
22933,2024-11-27,133,949
22934,2024-10-04,332,354
22935,2024-06-22,799,989
22936,2024-09-30,86,970
22937,2024-08-03,429,769
22938,2025-01-30,84,538
22939,2024-05-07,46,295
22940,2024-06-03,936,482
22941,2025-04-07,775,445
22942,2024-07-26,594,650
22943,2024-12-31,736,220
22944,2024-08-20,258,373
22945,2024-09-21,292,152
22946,2024-12-31,601,566
22947,2024-07-27,140,879
22948,2024-07-21,869,586
22949,2024-05-09,598,514
22950,2024-12-27,560,673
22951,2025-02-18,9,285
22952,2024-12-28,462,713
22953,2024-06-02,25,565
22954,2025-03-12,790,841
22955,2025-02-26,72,811
22956,2024-08-11,213,320
22957,2024-07-30,303,497
22958,2024-07-29,766,884
22959,2024-07-15,896,432
22960,2024-12-20,749,220
22961,2024-09-25,444,761
22962,2025-03-07,536,24
22963,2024-08-26,320,2
22964,2024-09-17,634,903
22965,2025-04-13,951,927
22966,2024-11-29,887,728
22967,2024-11-03,460,839
22968,2025-02-24,418,71
22969,2025-01-26,748,889
22970,2024-09-02,548,263
22971,2024-10-13,22,67
22972,2024-11-11,26,250
22973,2025-04-19,484,275
22974,2024-08-07,345,124
22975,2024-06-24,14,261
22976,2024-12-25,31,94
22977,2024-11-27,312,595
22978,2024-05-06,752,669
22979,2025-02-17,298,280
22980,2024-11-12,502,420
22981,2025-01-07,169,763
22982,2024-10-01,620,400
22983,2024-07-19,702,453
22984,2024-06-23,798,924
22985,2025-01-15,197,964
22986,2024-07-16,112,68
22987,2024-07-10,825,273
22988,2025-04-26,321,689
22989,2024-10-10,591,744
22990,2025-03-16,331,603
22991,2024-11-30,660,415
22992,2024-12-22,89,901
22993,2024-05-04,33,521
22994,2024-09-27,532,233
22995,2025-02-22,597,612
22996,2025-01-01,630,423
22997,2025-01-08,308,880
22998,2024-05-06,675,397
22999,2025-01-31,518,373
23000,2024-12-09,929,959
23001,2024-09-27,898,951
23002,2024-08-07,369,436
23003,2024-05-02,833,869
23004,2024-04-30,460,250
23005,2024-06-05,304,103
23006,2024-09-12,214,461
23007,2024-07-04,643,911
23008,2024-11-14,648,795
23009,2025-04-13,586,283
23010,2025-02-23,278,899
23011,2025-02-03,474,8
23012,2025-02-03,586,250
23013,2025-04-04,784,943
23014,2025-01-04,238,405
23015,2025-04-29,335,833
23016,2024-05-27,107,885
23017,2024-04-30,603,354
23018,2024-07-19,634,26
23019,2025-01-07,156,282
23020,2025-02-06,115,340
23021,2024-09-03,479,825
23022,2024-08-28,689,317
23023,2024-08-18,202,836
23024,2025-02-14,719,37
23025,2025-04-30,225,626
23026,2024-11-23,634,895
23027,2024-07-11,149,963
23028,2024-09-17,790,80
23029,2024-08-22,437,546
23030,2025-01-23,133,948
23031,2024-09-30,103,156
23032,2025-03-27,521,644
23033,2024-09-26,360,361
23034,2025-02-12,217,842
23035,2024-07-10,486,882
23036,2025-02-18,190,904
23037,2024-12-12,442,970
23038,2025-04-20,295,463
23039,2024-12-17,360,854
23040,2024-07-28,191,564
23041,2024-11-18,948,672
23042,2025-03-06,26,507
23043,2025-02-12,833,255
23044,2024-10-24,782,981
23045,2025-03-23,324,877
23046,2024-11-06,836,853
23047,2024-09-09,75,138
23048,2024-12-13,399,156
23049,2024-08-31,537,396
23050,2025-01-21,927,155
23051,2024-08-14,694,825
23052,2025-02-28,331,977
23053,2024-07-09,946,849
23054,2024-11-10,623,357
23055,2025-02-17,395,113
23056,2025-04-02,413,71
23057,2025-01-31,510,794
23058,2025-01-10,647,300
23059,2024-08-22,183,346
23060,2024-07-22,14,484
23061,2025-01-03,239,259
23062,2024-11-25,312,244
23063,2024-06-11,592,993
23064,2025-03-22,432,825
23065,2024-12-30,923,552
23066,2024-04-30,962,523
23067,2024-08-03,969,437
23068,2024-07-11,792,688
23069,2024-11-20,107,292
23070,2024-08-16,571,167
23071,2024-12-10,659,45
23072,2024-07-30,55,345
23073,2024-12-09,554,239
23074,2024-12-12,522,114
23075,2025-03-07,149,150
23076,2025-02-21,830,935
23077,2024-08-18,414,193
23078,2025-02-23,710,130
23079,2024-07-11,859,588
23080,2024-06-12,257,533
23081,2024-12-15,881,167
23082,2025-02-06,595,730
23083,2025-01-05,312,637
23084,2024-07-22,900,498
23085,2024-05-19,378,930
23086,2024-08-06,19,642
23087,2025-03-15,737,686
23088,2024-11-15,47,720
23089,2024-11-03,492,74
23090,2024-06-23,932,913
23091,2025-04-05,596,713
23092,2024-05-04,124,912
23093,2024-10-28,756,394
23094,2024-12-28,775,486
23095,2024-05-13,477,634
23096,2025-04-08,117,57
23097,2024-11-19,99,851
23098,2024-10-18,429,509
23099,2024-06-22,668,362
23100,2024-12-18,471,414
23101,2024-08-03,456,639
23102,2024-12-27,183,991
23103,2024-08-04,141,531
23104,2024-05-04,536,597
23105,2024-06-05,450,992
23106,2025-01-31,157,23
23107,2024-08-01,182,678
23108,2025-04-09,571,130
23109,2024-09-06,546,12
23110,2024-05-07,614,299
23111,2024-07-27,542,385
23112,2024-10-12,978,815
23113,2024-12-17,207,410
23114,2025-01-08,762,120
23115,2024-05-07,556,356
23116,2024-12-12,955,491
23117,2025-03-10,275,254
23118,2024-09-17,701,599
23119,2025-04-05,863,662
23120,2024-09-10,903,50
23121,2025-01-30,815,395
23122,2024-11-01,124,964
23123,2024-07-13,403,591
23124,2025-01-13,908,722
23125,2024-06-28,619,72
23126,2025-03-08,517,74
23127,2024-12-03,269,786
23128,2025-02-12,126,781
23129,2024-07-02,936,394
23130,2024-12-19,203,441
23131,2025-03-25,198,829
23132,2024-08-10,43,256
23133,2024-07-16,383,273
23134,2024-09-21,307,146
23135,2024-10-24,977,946
23136,2024-11-26,473,984
23137,2025-01-07,275,541
23138,2024-06-20,82,361
23139,2024-09-01,511,637
23140,2024-09-28,184,70
23141,2024-12-20,168,697
23142,2024-12-10,392,721
23143,2025-02-07,190,993
23144,2024-05-21,659,456
23145,2025-02-12,605,450
23146,2024-06-20,821,22
23147,2025-02-05,287,810
23148,2024-12-02,215,24
23149,2024-09-04,750,594
23150,2025-01-19,706,913
23151,2024-06-05,476,874
23152,2024-10-31,117,453
23153,2025-04-19,661,890
23154,2024-05-25,870,777
23155,2024-08-07,582,65
23156,2024-07-10,597,855
23157,2024-12-21,118,454
23158,2024-10-29,394,729
23159,2024-07-25,114,842
23160,2025-03-12,39,894
23161,2024-12-25,259,36
23162,2024-08-27,298,616
23163,2024-12-21,557,733
23164,2024-05-04,324,541
23165,2024-07-02,514,32
23166,2024-10-19,337,667
23167,2024-06-03,819,182
23168,2024-11-07,952,235
23169,2024-10-05,776,193
23170,2024-06-03,567,138
23171,2024-07-01,353,584
23172,2024-12-19,765,811
23173,2025-02-11,885,419
23174,2024-12-22,566,66
23175,2024-08-21,422,901
23176,2024-10-14,72,430
23177,2024-10-19,417,682
23178,2025-03-15,858,440
23179,2025-02-26,436,58
23180,2025-03-25,108,478
23181,2025-01-18,939,671
23182,2024-11-02,21,232
23183,2024-09-26,467,295
23184,2024-07-24,378,775
23185,2025-02-23,514,143
23186,2024-09-09,784,713
23187,2024-11-20,187,164
23188,2025-01-24,746,321
23189,2024-11-03,473,672
23190,2024-07-01,891,263
23191,2024-05-04,128,605
23192,2025-04-01,159,388
23193,2024-06-09,701,90
23194,2024-07-13,921,627
23195,2025-01-23,702,446
23196,2025-02-27,581,751
23197,2024-08-31,282,203
23198,2024-07-24,527,557
23199,2024-10-30,596,577
23200,2024-11-07,431,645
23201,2025-03-05,247,49
23202,2024-07-24,591,552
23203,2024-09-14,378,913
23204,2024-05-29,674,719
23205,2024-11-29,741,343
23206,2024-08-01,24,345
23207,2025-03-31,583,325
23208,2024-09-03,178,157
23209,2025-04-15,909,333
23210,2024-05-06,490,393
23211,2024-10-26,163,261
23212,2024-09-19,50,388
23213,2025-04-09,135,872
23214,2024-10-24,87,518
23215,2025-04-04,801,285
23216,2024-07-10,748,785
23217,2024-06-13,589,991
23218,2024-09-30,373,787
23219,2024-06-14,484,224
23220,2025-03-20,534,428
23221,2024-11-15,612,937
23222,2024-09-01,918,593
23223,2025-02-26,663,761
23224,2025-04-02,13,380
23225,2025-04-06,206,214
23226,2024-10-02,148,781
23227,2025-04-27,884,22
23228,2024-10-11,424,218
23229,2024-07-28,664,477
23230,2025-04-20,812,60
23231,2024-07-20,774,498
23232,2024-06-30,416,162
23233,2024-09-10,592,777
23234,2025-01-30,635,608
23235,2025-02-23,665,451
23236,2024-07-02,126,326
23237,2024-05-31,578,747
23238,2025-02-21,282,309
23239,2025-04-29,110,516
23240,2024-09-18,489,740
23241,2024-08-14,617,683
23242,2025-03-25,742,6
23243,2024-06-15,500,411
23244,2024-12-16,390,928
23245,2024-06-18,644,149
23246,2025-02-21,724,421
23247,2024-07-17,855,42
23248,2024-06-06,115,435
23249,2025-01-20,248,622
23250,2024-12-31,365,856
23251,2024-10-31,465,370
23252,2024-11-25,847,124
23253,2025-01-15,566,45
23254,2024-06-03,532,875
23255,2025-01-13,482,463
23256,2025-02-22,75,908
23257,2025-01-19,811,179
23258,2025-01-12,549,292
23259,2024-10-21,367,293
23260,2024-10-22,280,207
23261,2025-04-03,183,45
23262,2024-11-27,698,560
23263,2025-01-16,731,174
23264,2024-07-21,817,214
23265,2025-03-08,462,879
23266,2024-08-15,813,582
23267,2024-12-02,824,83
23268,2024-11-15,179,874
23269,2025-01-04,726,50
23270,2024-12-09,73,141
23271,2024-12-24,256,44
23272,2025-01-07,103,760
23273,2024-06-14,224,445
23274,2024-12-23,245,940
23275,2024-08-10,916,615
23276,2024-12-13,854,841
23277,2024-06-24,748,727
23278,2024-08-26,609,92
23279,2024-09-19,680,326
23280,2024-08-18,753,256
23281,2025-02-06,183,317
23282,2024-06-08,285,376
23283,2024-09-29,388,338
23284,2024-08-29,416,62
23285,2024-06-11,133,576
23286,2024-11-06,869,559
23287,2025-03-09,773,584
23288,2024-10-17,941,906
23289,2024-11-08,897,115
23290,2024-06-04,278,305
23291,2025-04-08,296,835
23292,2024-09-01,809,905
23293,2024-12-25,774,372
23294,2024-07-18,40,560
23295,2024-07-20,963,858
23296,2025-02-25,958,869
23297,2025-02-08,749,796
23298,2024-11-05,297,204
23299,2024-12-30,519,490
23300,2024-07-24,506,534
23301,2024-06-29,984,631
23302,2024-05-25,228,595
23303,2024-05-27,531,562
23304,2024-10-29,33,733
23305,2025-04-27,209,268
23306,2024-06-07,164,390
23307,2024-07-31,245,320
23308,2024-05-21,147,803
23309,2024-09-18,758,754
23310,2024-12-27,302,497
23311,2024-09-14,828,212
23312,2024-06-25,996,690
23313,2024-11-29,728,415
23314,2024-11-22,744,866
23315,2024-07-18,503,954
23316,2024-11-01,113,694
23317,2024-09-23,309,446
23318,2024-09-14,854,508
23319,2025-02-28,640,241
23320,2024-07-15,199,542
23321,2024-10-24,813,268
23322,2025-01-12,267,540
23323,2025-04-03,951,793
23324,2025-04-23,323,566
23325,2024-09-27,669,804
23326,2024-05-03,997,550
23327,2025-01-23,698,38
23328,2024-08-06,42,383
23329,2024-09-25,211,462
23330,2025-02-09,995,410
23331,2024-09-12,39,140
23332,2025-03-01,238,687
23333,2024-08-26,977,946
23334,2025-03-12,513,885
23335,2024-11-16,243,293
23336,2025-04-17,225,734
23337,2024-05-19,205,259
23338,2025-01-11,498,650
23339,2025-01-29,910,711
23340,2024-09-24,189,615
23341,2024-10-17,82,239
23342,2025-03-26,178,927
23343,2024-08-17,753,347
23344,2025-04-30,840,93
23345,2025-02-06,572,527
23346,2025-01-10,61,164
23347,2024-12-16,621,643
23348,2025-04-14,493,240
23349,2025-01-14,709,498
23350,2024-11-13,663,875
23351,2025-02-10,631,131
23352,2024-05-04,9,547
23353,2024-06-25,677,381
23354,2024-07-07,487,377
23355,2024-12-20,655,649
23356,2024-11-23,80,806
23357,2024-10-09,638,245
23358,2024-09-25,819,282
23359,2024-09-23,708,183
23360,2024-09-01,21,830
23361,2025-02-28,840,422
23362,2024-11-29,801,290
23363,2024-05-17,401,3
23364,2025-04-01,364,410
23365,2024-10-03,71,285
23366,2025-01-30,55,933
23367,2024-05-08,924,388
23368,2025-01-05,854,957
23369,2024-05-25,429,816
23370,2024-06-16,946,439
23371,2024-06-03,76,65
23372,2024-12-08,604,133
23373,2025-03-15,875,986
23374,2025-04-21,158,306
23375,2024-07-12,32,272
23376,2024-11-14,415,793
23377,2025-02-09,881,801
23378,2024-06-18,592,42
23379,2024-12-26,634,764
23380,2024-08-23,11,47
23381,2024-11-04,369,41
23382,2024-05-14,985,98
23383,2024-11-11,387,644
23384,2024-09-19,477,557
23385,2025-03-16,295,424
23386,2025-03-01,30,649
23387,2024-10-19,935,315
23388,2024-10-15,948,347
23389,2024-06-13,50,285
23390,2024-09-30,784,539
23391,2025-03-25,189,416
23392,2025-02-05,674,178
23393,2024-08-14,746,850
23394,2025-01-25,679,378
23395,2024-09-20,281,936
23396,2024-11-24,343,846
23397,2025-02-15,16,498
23398,2024-05-28,495,667
23399,2024-11-03,88,610
23400,2024-07-28,102,279
23401,2024-12-05,317,965
23402,2025-04-23,805,100
23403,2025-02-14,90,805
23404,2025-01-17,845,120
23405,2025-04-30,422,374
23406,2024-09-06,940,653
23407,2024-08-02,53,596
23408,2024-11-05,956,663
23409,2025-02-06,979,430
23410,2024-07-28,315,919
23411,2025-02-16,917,948
23412,2024-07-15,13,629
23413,2024-06-30,555,65
23414,2024-06-22,280,445
23415,2024-07-23,341,783
23416,2024-06-13,143,464
23417,2025-01-03,472,824
23418,2024-09-08,416,917
23419,2024-09-15,867,127
23420,2025-01-12,907,554
23421,2024-12-21,108,67
23422,2024-10-26,161,997
23423,2025-01-01,161,110
23424,2024-06-26,579,911
23425,2024-12-30,921,362
23426,2024-06-11,765,282
23427,2024-10-13,810,497
23428,2024-05-11,679,246
23429,2025-02-15,263,797
23430,2025-04-11,130,378
23431,2024-08-23,146,212
23432,2025-01-12,695,689
23433,2024-08-12,894,662
23434,2024-09-18,462,265
23435,2025-02-27,318,990
23436,2024-06-05,116,249
23437,2024-06-02,996,805
23438,2024-10-08,327,145
23439,2024-05-28,905,655
23440,2024-09-29,989,121
23441,2024-10-12,963,516
23442,2024-09-02,264,297
23443,2024-12-02,222,869
23444,2024-09-21,568,84
23445,2024-11-10,918,791
23446,2025-03-26,783,995
23447,2024-05-04,966,286
23448,2024-12-07,168,534
23449,2025-03-19,553,131
23450,2024-06-05,432,60
23451,2024-10-31,580,976
23452,2025-02-07,421,90
23453,2025-04-13,251,525
23454,2024-12-05,749,479
23455,2024-12-03,561,608
23456,2024-07-04,607,613
23457,2024-07-12,192,759
23458,2024-09-02,548,699
23459,2025-02-12,741,431
23460,2024-09-02,823,229
23461,2025-01-30,452,91
23462,2024-08-21,33,233
23463,2025-04-08,660,91
23464,2024-07-31,26,279
23465,2024-12-03,383,467
23466,2024-09-14,557,579
23467,2025-02-06,974,227
23468,2025-03-22,605,391
23469,2025-02-03,850,221
23470,2024-05-29,704,352
23471,2024-10-11,125,834
23472,2024-06-01,730,396
23473,2024-10-09,229,541
23474,2024-06-06,270,467
23475,2024-08-19,363,349
23476,2025-03-27,565,589
23477,2024-06-03,765,370
23478,2024-06-11,351,274
23479,2025-04-07,838,702
23480,2024-11-18,584,519
23481,2025-03-18,768,121
23482,2024-06-23,814,583
23483,2024-12-10,561,959
23484,2024-07-25,918,310
23485,2025-03-28,261,35
23486,2025-03-25,216,396
23487,2024-11-26,584,354
23488,2025-01-18,436,106
23489,2024-12-03,480,414
23490,2024-08-06,828,728
23491,2024-08-23,302,77
23492,2024-11-07,672,798
23493,2024-09-27,415,654
23494,2024-12-30,445,514
23495,2025-01-13,68,537
23496,2025-02-08,580,263
23497,2024-08-21,671,132
23498,2024-10-19,233,498
23499,2024-06-29,872,497
23500,2025-01-10,499,845
23501,2025-01-27,394,471
23502,2024-07-28,301,188
23503,2024-05-07,219,419
23504,2024-12-01,597,98
23505,2024-10-29,703,839
23506,2024-05-19,689,915
23507,2025-01-31,14,695
23508,2024-10-11,432,203
23509,2024-08-30,499,912
23510,2024-11-04,322,27
23511,2025-02-27,838,929
23512,2024-07-16,195,726
23513,2025-02-05,351,397
23514,2025-03-07,642,555
23515,2024-08-05,185,109
23516,2024-07-31,330,672
23517,2025-01-17,688,783
23518,2024-08-27,945,382
23519,2025-01-31,308,325
23520,2025-02-14,646,606
23521,2025-03-04,115,778
23522,2025-04-30,353,298
23523,2024-08-19,307,66
23524,2025-04-16,48,705
23525,2024-08-12,356,83
23526,2025-03-15,476,241
23527,2025-01-21,367,70
23528,2024-07-02,321,193
23529,2024-06-12,4,491
23530,2025-03-14,364,1
23531,2024-07-17,987,268
23532,2025-03-23,340,525
23533,2025-01-12,442,443
23534,2024-11-02,19,906
23535,2024-12-02,792,226
23536,2024-06-13,389,817
23537,2024-05-19,235,25
23538,2025-02-24,415,108
23539,2024-06-09,260,925
23540,2025-04-19,324,471
23541,2025-01-22,306,298
23542,2025-02-11,650,775
23543,2024-11-01,890,643
23544,2024-10-14,165,95
23545,2025-02-14,192,83
23546,2024-12-18,75,377
23547,2024-11-13,453,106
23548,2024-12-08,830,75
23549,2025-02-06,524,388
23550,2024-09-20,311,661
23551,2024-05-17,336,298
23552,2025-01-10,622,267
23553,2024-10-13,430,530
23554,2024-10-19,699,274
23555,2024-08-11,791,150
23556,2025-04-15,789,530
23557,2024-12-30,88,636
23558,2024-06-23,681,434
23559,2025-03-24,232,833
23560,2024-06-07,503,794
23561,2025-01-07,157,701
23562,2025-03-01,565,910
23563,2024-10-02,802,892
23564,2024-08-17,193,283
23565,2025-01-20,981,783
23566,2025-04-08,846,859
23567,2024-06-14,658,267
23568,2024-11-10,393,269
23569,2024-12-21,544,538
23570,2025-02-02,194,641
23571,2024-10-23,811,336
23572,2025-04-12,822,108
23573,2024-07-30,978,869
23574,2025-03-22,132,776
23575,2024-09-09,467,356
23576,2024-06-07,983,296
23577,2025-01-26,674,360
23578,2025-03-17,752,969
23579,2024-09-10,339,584
23580,2024-06-22,278,36
23581,2024-07-20,930,407
23582,2024-10-13,632,611
23583,2024-08-11,62,519
23584,2025-01-01,626,809
23585,2024-06-21,39,271
23586,2025-04-12,77,163
23587,2024-12-06,695,292
23588,2024-06-17,171,525
23589,2025-04-18,178,851
23590,2024-08-31,613,69
23591,2025-02-02,413,511
23592,2025-03-18,370,993
23593,2025-04-21,963,998
23594,2025-03-16,164,337
23595,2024-12-24,859,284
23596,2024-07-15,437,849
23597,2024-12-27,77,376
23598,2024-10-25,556,947
23599,2024-08-09,120,233
23600,2024-05-21,107,389
23601,2024-08-04,186,298
23602,2024-06-18,762,245
23603,2024-09-05,51,130
23604,2024-11-08,603,404
23605,2024-09-06,683,449
23606,2024-08-09,672,985
23607,2024-09-02,923,173
23608,2024-09-04,592,309
23609,2025-03-05,711,796
23610,2024-10-20,33,916
23611,2024-07-31,45,135
23612,2024-06-09,381,467
23613,2024-08-12,561,875
23614,2024-12-28,655,279
23615,2024-12-22,686,269
23616,2025-03-30,36,359
23617,2025-04-12,690,159
23618,2024-05-26,597,357
23619,2024-08-16,7,73
23620,2024-07-24,523,863
23621,2025-03-17,443,225
23622,2025-03-03,429,461
23623,2024-05-11,20,236
23624,2024-12-08,689,830
23625,2025-04-22,66,60
23626,2024-06-03,125,577
23627,2024-10-29,243,72
23628,2024-11-13,43,678
23629,2025-03-27,70,580
23630,2024-09-23,758,88
23631,2024-08-24,487,290
23632,2024-11-30,447,81
23633,2025-03-27,74,731
23634,2025-02-06,492,270
23635,2024-09-23,672,504
23636,2024-07-06,502,784
23637,2024-09-15,147,75
23638,2024-08-25,548,715
23639,2024-12-18,311,384
23640,2024-09-05,298,958
23641,2024-09-27,425,935
23642,2024-05-01,329,927
23643,2025-01-29,627,602
23644,2024-07-10,974,810
23645,2024-09-05,109,636
23646,2025-03-24,393,43
23647,2024-10-11,42,50
23648,2024-12-23,586,601
23649,2025-02-08,346,736
23650,2024-06-02,463,299
23651,2025-04-09,477,843
23652,2025-02-25,494,751
23653,2024-08-03,726,689
23654,2024-09-28,623,221
23655,2025-01-09,532,704
23656,2025-03-19,868,663
23657,2025-03-10,847,921
23658,2025-03-02,146,683
23659,2024-11-24,987,593
23660,2024-06-04,94,252
23661,2025-02-23,532,982
23662,2024-12-31,210,533
23663,2025-04-05,200,126
23664,2024-08-09,142,242
23665,2024-12-16,330,348
23666,2024-07-10,224,731
23667,2024-12-27,879,960
23668,2025-01-18,881,368
23669,2024-12-06,268,966
23670,2025-01-08,636,774
23671,2024-06-22,345,241
23672,2025-03-27,616,902
23673,2024-07-23,181,673
23674,2025-04-21,283,404
23675,2024-08-03,665,551
23676,2025-03-14,300,150
23677,2024-05-18,997,380
23678,2024-11-26,115,272
23679,2024-09-17,853,930
23680,2025-01-09,607,539
23681,2025-01-08,574,27
23682,2024-05-03,458,816
23683,2025-01-01,677,406
23684,2025-01-06,727,926
23685,2025-03-13,764,361
23686,2025-03-15,533,17
23687,2024-05-17,208,817
23688,2024-08-16,922,99
23689,2024-08-27,368,762
23690,2025-03-25,424,184
23691,2024-10-20,608,723
23692,2025-04-15,499,908
23693,2025-02-05,725,214
23694,2025-02-02,380,882
23695,2024-09-28,794,378
23696,2025-03-25,707,65
23697,2024-08-08,890,301
23698,2024-12-28,759,350
23699,2024-05-27,37,834
23700,2024-12-09,623,163
23701,2024-11-24,376,436
23702,2024-07-03,637,104
23703,2024-05-29,584,873
23704,2024-07-14,827,794
23705,2024-09-07,487,865
23706,2024-11-05,515,341
23707,2025-04-18,384,313
23708,2025-01-21,966,570
23709,2024-07-09,440,206
23710,2024-12-24,403,320
23711,2024-11-23,249,236
23712,2024-10-01,302,975
23713,2024-09-30,38,745
23714,2024-10-09,100,141
23715,2024-07-17,691,117
23716,2024-07-22,52,130
23717,2025-03-24,777,843
23718,2025-01-01,480,850
23719,2025-03-11,723,581
23720,2025-01-26,517,424
23721,2024-11-11,90,885
23722,2025-02-21,178,571
23723,2024-05-08,255,670
23724,2025-03-20,453,3
23725,2025-01-17,820,718
23726,2024-08-28,995,945
23727,2024-11-28,980,57
23728,2025-03-26,83,35
23729,2024-07-20,967,351
23730,2024-06-12,854,592
23731,2024-09-09,978,337
23732,2025-01-07,771,710
23733,2025-02-03,543,165
23734,2024-12-08,502,4
23735,2025-04-08,951,750
23736,2024-11-11,449,81
23737,2024-05-22,100,86
23738,2025-04-02,730,751
23739,2025-03-18,988,138
23740,2025-04-17,592,920
23741,2024-08-18,98,304
23742,2024-12-20,696,438
23743,2025-04-04,389,797
23744,2025-01-25,873,943
23745,2024-06-29,32,515
23746,2025-03-19,822,504
23747,2024-09-19,514,358
23748,2024-08-29,797,497
23749,2025-01-01,962,257
23750,2024-11-09,726,173
23751,2024-08-18,916,803
23752,2024-08-20,991,512
23753,2024-05-08,526,803
23754,2025-04-18,835,310
23755,2024-07-01,471,336
23756,2024-09-02,522,266
23757,2024-09-25,36,728
23758,2024-05-31,971,23
23759,2025-03-31,22,426
23760,2024-11-30,24,293
23761,2024-07-09,679,517
23762,2024-10-01,211,745
23763,2024-07-04,730,598
23764,2025-01-31,788,308
23765,2025-03-27,919,392
23766,2024-07-24,612,82
23767,2025-04-13,915,211
23768,2025-02-13,288,250
23769,2025-04-15,225,331
23770,2024-11-02,975,130
23771,2025-02-09,595,458
23772,2024-11-06,95,298
23773,2025-04-20,918,224
23774,2025-04-29,46,484
23775,2024-07-25,939,957
23776,2025-01-08,726,245
23777,2024-11-10,985,931
23778,2024-05-19,331,702
23779,2024-06-22,591,99
23780,2024-07-05,383,223
23781,2024-08-15,178,711
23782,2024-10-04,761,834
23783,2024-08-31,262,966
23784,2024-05-24,325,109
23785,2025-04-29,765,106
23786,2024-08-20,97,523
23787,2024-08-22,1,381
23788,2024-09-03,576,97
23789,2025-01-20,591,896
23790,2025-03-01,68,502
23791,2024-05-05,566,419
23792,2025-01-10,644,232
23793,2024-05-02,640,678
23794,2024-11-12,377,975
23795,2024-11-12,712,81
23796,2024-05-15,739,680
23797,2024-07-15,645,72
23798,2024-05-11,994,857
23799,2024-12-04,221,383
23800,2024-06-22,63,773
23801,2025-03-11,349,766
23802,2025-04-02,477,56
23803,2025-02-03,803,287
23804,2025-04-29,987,190
23805,2024-05-21,498,202
23806,2025-01-09,338,328
23807,2024-09-10,510,684
23808,2024-10-10,509,330
23809,2024-09-03,40,604
23810,2024-11-17,44,596
23811,2024-05-21,982,482
23812,2024-11-15,732,267
23813,2025-03-04,125,414
23814,2024-11-23,812,539
23815,2024-12-17,742,626
23816,2024-10-12,119,876
23817,2024-07-20,808,567
23818,2025-03-19,864,828
23819,2024-10-22,575,536
23820,2025-01-22,268,275
23821,2024-12-06,258,312
23822,2025-03-07,303,210
23823,2024-05-27,183,331
23824,2024-05-23,444,674
23825,2025-02-07,980,190
23826,2025-04-17,127,932
23827,2024-06-12,259,940
23828,2024-11-07,875,854
23829,2024-07-23,60,375
23830,2025-01-11,616,166
23831,2024-06-25,265,538
23832,2024-07-09,148,116
23833,2024-05-18,966,82
23834,2024-12-22,296,944
23835,2024-05-31,138,453
23836,2025-01-09,442,64
23837,2024-07-07,652,950
23838,2025-02-23,942,797
23839,2024-07-20,972,751
23840,2024-12-17,796,305
23841,2025-04-25,661,592
23842,2024-10-22,153,522
23843,2025-02-15,837,683
23844,2024-07-26,966,668
23845,2025-01-08,805,384
23846,2025-04-06,750,273
23847,2025-02-23,543,683
23848,2024-06-01,338,659
23849,2024-12-20,721,36
23850,2024-05-15,983,699
23851,2024-08-14,914,964
23852,2024-07-18,644,632
23853,2025-01-21,976,88
23854,2025-02-21,974,886
23855,2024-10-15,247,15
23856,2024-06-10,826,57
23857,2024-11-08,914,953
23858,2024-10-24,438,370
23859,2024-07-06,512,663
23860,2024-10-03,850,771
23861,2024-08-15,744,909
23862,2024-10-04,389,791
23863,2025-04-27,886,982
23864,2024-10-14,791,77
23865,2025-03-03,344,244
23866,2024-09-20,944,898
23867,2024-05-21,124,126
23868,2024-08-01,816,460
23869,2024-09-18,749,246
23870,2024-09-07,828,207
23871,2024-11-08,128,873
23872,2024-12-20,466,849
23873,2024-12-04,670,778
23874,2024-06-28,509,411
23875,2024-11-24,522,615
23876,2025-02-05,477,616
23877,2024-06-02,736,219
23878,2025-04-09,797,160
23879,2024-06-02,372,128
23880,2025-04-19,656,297
23881,2024-06-25,992,459
23882,2025-01-16,610,999
23883,2024-12-04,328,196
23884,2024-12-18,100,760
23885,2024-10-26,193,843
23886,2024-12-24,419,329
23887,2024-05-15,799,353
23888,2024-06-10,200,911
23889,2024-11-14,164,719
23890,2025-01-25,478,652
23891,2025-02-16,900,49
23892,2024-06-10,895,540
23893,2024-05-25,965,323
23894,2025-04-19,886,544
23895,2024-08-23,641,415
23896,2025-01-25,100,477
23897,2024-06-04,364,641
23898,2025-04-01,253,742
23899,2024-12-05,190,436
23900,2024-09-27,597,573
23901,2024-10-15,891,912
23902,2024-08-20,421,16
23903,2024-10-11,783,436
23904,2025-04-24,616,908
23905,2024-08-31,642,589
23906,2025-04-26,112,250
23907,2025-01-28,811,301
23908,2025-02-16,5,778
23909,2024-08-15,184,262
23910,2025-01-07,558,937
23911,2024-06-30,568,576
23912,2025-01-04,911,944
23913,2024-06-25,320,972
23914,2025-02-20,410,344
23915,2025-02-07,769,745
23916,2025-02-10,205,977
23917,2024-08-20,62,951
23918,2024-06-30,937,811
23919,2024-09-17,23,265
23920,2024-08-18,508,787
23921,2024-12-10,758,281
23922,2024-05-19,770,605
23923,2025-04-29,980,869
23924,2024-09-17,903,560
23925,2024-12-30,221,690
23926,2024-05-24,719,942
23927,2024-10-06,6,89
23928,2024-10-26,612,322
23929,2025-01-25,934,946
23930,2024-09-28,832,370
23931,2024-06-01,168,425
23932,2024-06-12,868,270
23933,2024-05-10,41,804
23934,2024-11-26,41,16
23935,2024-05-09,118,63
23936,2024-10-05,905,341
23937,2025-02-17,778,377
23938,2024-06-29,395,947
23939,2025-03-06,191,310
23940,2025-04-08,942,115
23941,2024-05-28,950,107
23942,2024-09-27,827,63
23943,2025-04-14,985,729
23944,2024-12-02,60,182
23945,2024-10-27,441,899
23946,2024-07-05,468,251
23947,2024-11-21,340,945
23948,2024-06-13,782,982
23949,2024-10-18,400,384
23950,2024-05-11,896,709
23951,2025-02-28,819,706
23952,2024-10-04,441,875
23953,2025-04-03,912,833
23954,2024-10-07,757,534
23955,2025-01-02,589,737
23956,2024-06-08,534,289
23957,2024-12-11,157,283
23958,2024-08-20,925,977
23959,2024-10-28,431,278
23960,2024-11-25,893,573
23961,2025-02-23,672,479
23962,2025-01-20,596,268
23963,2025-03-12,166,175
23964,2024-07-22,216,922
23965,2024-05-29,85,452
23966,2024-10-25,918,267
23967,2024-08-12,885,132
23968,2024-09-02,404,876
23969,2024-05-05,98,275
23970,2024-08-03,91,615
23971,2024-08-13,745,128
23972,2024-10-19,591,621
23973,2024-09-16,485,534
23974,2025-03-06,161,752
23975,2024-08-09,412,626
23976,2024-09-21,442,924
23977,2025-02-04,655,775
23978,2025-01-08,535,90
23979,2024-10-19,418,902
23980,2024-08-25,33,436
23981,2025-03-17,373,222
23982,2025-04-30,467,208
23983,2024-07-15,892,916
23984,2024-10-02,825,579
23985,2024-09-25,818,120
23986,2024-10-25,755,803
23987,2024-07-18,512,701
23988,2024-10-31,352,277
23989,2024-08-15,289,382
23990,2024-08-01,195,99
23991,2024-10-12,12,435
23992,2024-06-16,679,204
23993,2024-12-26,206,573
23994,2024-05-09,196,425
23995,2024-11-21,2,518
23996,2024-12-07,253,856
23997,2024-05-19,202,340
23998,2025-03-08,228,40
23999,2025-04-19,972,568
24000,2025-03-29,593,631
24001,2024-07-05,242,849
24002,2024-10-12,374,636
24003,2024-07-12,832,461
24004,2024-09-05,771,99
24005,2025-01-11,742,967
24006,2025-04-03,220,711
24007,2024-07-31,311,189
24008,2024-06-02,474,58
24009,2025-01-02,236,992
24010,2024-08-05,998,362
24011,2024-11-06,526,846
24012,2024-09-12,314,690
24013,2025-03-25,963,831
24014,2025-03-16,563,194
24015,2024-06-30,395,112
24016,2024-12-16,623,744
24017,2024-07-21,559,110
24018,2024-11-13,749,269
24019,2025-03-26,461,543
24020,2025-03-17,654,153
24021,2024-05-22,998,64
24022,2024-12-21,959,375
24023,2024-09-15,57,787
24024,2024-07-28,756,726
24025,2024-11-25,99,907
24026,2025-01-26,195,975
24027,2024-11-25,738,618
24028,2024-07-11,129,42
24029,2024-11-28,926,978
24030,2024-09-10,868,728
24031,2024-08-09,629,481
24032,2024-05-25,73,332
24033,2024-10-22,211,999
24034,2024-05-13,728,502
24035,2025-01-25,666,423
24036,2024-12-27,769,524
24037,2025-02-19,708,811
24038,2024-08-30,849,62
24039,2024-05-04,907,76
24040,2025-02-10,832,738
24041,2025-01-30,93,633
24042,2024-06-22,202,594
24043,2024-08-04,281,601
24044,2024-11-10,301,375
24045,2024-07-14,709,226
24046,2025-02-18,423,169
24047,2024-10-03,498,792
24048,2024-07-17,787,653
24049,2024-12-05,736,787
24050,2024-06-29,590,441
24051,2024-11-05,575,851
24052,2024-08-02,722,739
24053,2024-09-02,936,921
24054,2024-10-14,628,265
24055,2024-05-15,879,667
24056,2025-02-09,547,565
24057,2025-03-11,207,464
24058,2024-11-12,384,772
24059,2024-08-07,235,788
24060,2025-03-22,393,687
24061,2025-03-16,497,554
24062,2024-10-23,37,3
24063,2024-06-30,653,665
24064,2025-02-24,131,144
24065,2025-02-01,55,364
24066,2024-05-27,931,339
24067,2024-05-13,782,211
24068,2024-06-26,332,476
24069,2024-09-09,343,481
24070,2025-02-03,90,760
24071,2024-07-01,720,431
24072,2024-06-26,753,416
24073,2025-04-04,751,328
24074,2025-04-14,466,487
24075,2025-04-13,468,600
24076,2024-08-12,330,165
24077,2024-12-01,901,981
24078,2024-05-22,403,235
24079,2024-05-31,575,791
24080,2024-09-27,354,559
24081,2024-07-28,250,903
24082,2024-12-08,895,312
24083,2024-10-10,401,515
24084,2025-02-16,586,645
24085,2024-08-25,683,163
24086,2025-02-23,430,844
24087,2024-07-20,850,658
24088,2024-11-20,574,456
24089,2024-07-25,106,685
24090,2025-03-08,265,601
24091,2024-07-03,516,161
24092,2024-12-13,878,804
24093,2024-10-01,673,254
24094,2024-10-31,43,121
24095,2025-02-04,633,548
24096,2025-01-29,888,1
24097,2024-11-25,171,287
24098,2024-11-16,674,268
24099,2024-05-29,732,376
24100,2024-06-27,971,329
24101,2024-10-08,834,277
24102,2024-09-09,884,60
24103,2024-05-27,286,387
24104,2024-12-09,639,476
24105,2025-03-26,983,565
24106,2024-10-24,569,832
24107,2024-12-26,600,877
24108,2025-04-30,992,847
24109,2024-07-28,759,532
24110,2025-03-05,12,415
24111,2025-03-06,140,595
24112,2025-04-21,313,889
24113,2025-02-08,122,588
24114,2025-02-21,760,942
24115,2024-12-16,515,307
24116,2024-05-07,187,900
24117,2025-01-07,386,198
24118,2024-12-14,72,425
24119,2024-05-10,453,503
24120,2025-01-16,769,234
24121,2024-10-27,533,178
24122,2024-09-20,243,144
24123,2025-02-05,817,363
24124,2024-10-08,417,435
24125,2024-09-26,456,809
24126,2024-07-02,568,734
24127,2024-10-16,537,490
24128,2025-01-17,375,137
24129,2025-03-23,334,898
24130,2024-06-20,676,536
24131,2024-09-02,86,746
24132,2025-03-22,500,241
24133,2024-07-30,179,786
24134,2024-04-30,925,137
24135,2024-12-18,838,690
24136,2024-07-19,112,757
24137,2024-10-31,181,695
24138,2024-12-17,961,526
24139,2024-07-18,936,743
24140,2025-01-19,855,770
24141,2024-05-23,612,19
24142,2024-12-27,411,784
24143,2024-06-27,771,721
24144,2025-01-12,821,758
24145,2024-09-08,907,158
24146,2024-11-04,801,91
24147,2024-08-19,287,849
24148,2025-04-25,276,93
24149,2024-06-11,66,999
24150,2024-07-13,991,922
24151,2024-07-15,18,139
24152,2024-11-07,430,887
24153,2025-01-28,867,899
24154,2024-07-28,877,992
24155,2024-11-25,838,408
24156,2025-01-08,573,7
24157,2024-12-03,322,696
24158,2024-10-27,566,231
24159,2025-03-21,308,619
24160,2024-11-19,108,609
24161,2024-10-16,293,72
24162,2024-07-27,113,21
24163,2025-01-08,322,468
24164,2024-08-18,394,918
24165,2024-11-22,668,718
24166,2024-06-16,177,407
24167,2024-11-07,518,813
24168,2024-09-04,466,647
24169,2024-11-25,194,340
24170,2025-04-15,715,707
24171,2024-09-03,503,490
24172,2025-01-17,969,77
24173,2024-07-12,350,899
24174,2025-01-21,877,402
24175,2024-07-03,565,228
24176,2025-03-03,718,999
24177,2024-10-22,606,45
24178,2024-07-11,968,277
24179,2025-03-01,38,57
24180,2024-12-08,529,171
24181,2025-04-08,272,424
24182,2025-04-13,636,604
24183,2024-10-02,55,628
24184,2025-02-02,182,89
24185,2024-08-11,149,934
24186,2025-01-09,130,589
24187,2024-07-21,941,984
24188,2025-03-11,187,460
24189,2024-11-27,332,825
24190,2024-05-27,807,309
24191,2024-08-11,632,263
24192,2024-08-10,458,415
24193,2024-12-06,806,755
24194,2025-01-09,236,114
24195,2024-06-19,689,859
24196,2024-06-05,248,349
24197,2025-02-13,650,568
24198,2024-11-16,149,700
24199,2025-04-26,505,81
24200,2024-12-11,549,10
24201,2024-07-31,53,391
24202,2024-08-12,83,294
24203,2024-07-23,945,864
24204,2025-02-28,606,399
24205,2024-09-03,583,174
24206,2025-03-03,965,143
24207,2024-06-29,535,741
24208,2024-05-14,364,788
24209,2024-12-20,613,431
24210,2024-12-11,547,88
24211,2024-12-19,522,668
24212,2025-04-13,591,177
24213,2024-08-03,815,85
24214,2024-11-30,571,594
24215,2024-11-07,548,900
24216,2024-12-05,276,866
24217,2024-09-21,168,780
24218,2024-11-16,112,512
24219,2024-09-19,667,891
24220,2024-08-25,184,515
24221,2024-07-27,669,271
24222,2024-10-15,107,394
24223,2024-11-28,291,984
24224,2024-11-22,361,371
24225,2024-06-18,511,869
24226,2025-02-21,825,782
24227,2025-04-04,922,362
24228,2025-03-23,6,158
24229,2024-11-05,513,855
24230,2025-04-02,659,339
24231,2024-10-24,373,710
24232,2024-05-26,309,687
24233,2024-08-19,737,948
24234,2024-11-04,571,334
24235,2025-02-07,183,486
24236,2024-11-02,636,314
24237,2024-11-06,723,980
24238,2024-07-29,295,458
24239,2024-06-18,545,71
24240,2024-12-28,974,189
24241,2025-03-09,349,84
24242,2024-06-03,500,504
24243,2024-05-06,123,128
24244,2025-01-01,2,125
24245,2024-12-29,980,29
24246,2025-04-16,32,169
24247,2024-09-04,586,43
24248,2025-03-11,345,504
24249,2024-12-05,1000,337
24250,2024-09-27,16,539
24251,2024-08-26,362,75
24252,2024-11-15,872,289
24253,2024-08-24,23,330
24254,2025-04-22,692,676
24255,2024-10-05,264,244
24256,2025-01-11,996,740
24257,2024-11-10,102,918
24258,2024-05-05,720,781
24259,2024-06-11,905,228
24260,2025-02-13,920,548
24261,2024-06-18,910,123
24262,2025-03-17,711,440
24263,2024-07-07,16,978
24264,2024-05-04,741,230
24265,2024-11-11,511,11
24266,2024-12-09,725,265
24267,2024-08-27,224,538
24268,2024-07-07,735,768
24269,2024-06-03,408,985
24270,2024-10-04,376,995
24271,2024-08-19,901,611
24272,2024-07-26,718,358
24273,2024-11-08,44,231
24274,2025-04-03,905,496
24275,2024-08-14,306,691
24276,2024-09-25,121,344
24277,2024-08-15,494,692
24278,2024-05-23,582,280
24279,2025-03-19,291,492
24280,2024-06-28,199,36
24281,2024-05-08,286,717
24282,2024-11-14,460,480
24283,2024-11-12,369,563
24284,2024-07-21,623,719
24285,2024-07-22,201,171
24286,2025-02-04,341,737
24287,2025-02-23,817,951
24288,2024-05-30,913,373
24289,2025-04-06,921,3
24290,2024-12-19,747,143
24291,2024-06-23,242,268
24292,2024-07-04,884,141
24293,2025-01-10,824,850
24294,2024-06-06,388,708
24295,2025-03-02,112,266
24296,2025-02-23,47,453
24297,2024-08-24,277,520
24298,2025-04-19,699,491
24299,2024-11-24,580,779
24300,2024-11-27,241,490
24301,2025-02-22,967,619
24302,2024-11-02,906,909
24303,2024-12-23,816,717
24304,2024-09-23,442,983
24305,2024-11-10,355,587
24306,2024-07-23,780,660
24307,2024-09-15,585,142
24308,2024-06-06,236,529
24309,2024-06-27,189,217
24310,2025-01-03,383,840
24311,2024-06-19,132,62
24312,2025-01-19,876,112
24313,2025-02-22,401,256
24314,2024-10-22,746,292
24315,2024-11-11,682,26
24316,2025-03-14,837,650
24317,2024-05-25,279,436
24318,2024-12-01,680,328
24319,2024-05-22,870,24
24320,2024-10-28,955,703
24321,2024-08-17,235,669
24322,2025-04-07,445,213
24323,2024-12-10,430,90
24324,2024-05-03,868,276
24325,2024-09-17,382,718
24326,2024-05-14,808,456
24327,2024-08-17,142,746
24328,2024-05-13,390,417
24329,2024-10-26,739,482
24330,2024-11-19,392,716
24331,2024-07-13,535,79
24332,2024-11-02,332,828
24333,2024-05-02,409,551
24334,2024-09-27,886,576
24335,2024-10-12,844,42
24336,2024-11-08,610,284
24337,2025-04-16,159,908
24338,2024-05-08,245,833
24339,2024-06-22,759,390
24340,2025-01-28,878,953
24341,2024-07-05,253,358
24342,2024-12-20,761,240
24343,2024-11-14,294,211
24344,2024-09-14,956,98
24345,2024-06-04,405,157
24346,2025-04-22,154,440
24347,2024-09-30,737,130
24348,2024-12-07,157,685
24349,2025-01-05,943,448
24350,2024-11-03,9,353
24351,2024-06-07,88,157
24352,2024-10-10,756,934
24353,2024-05-22,613,850
24354,2025-04-03,574,127
24355,2024-06-26,730,860
24356,2025-03-14,939,402
24357,2024-11-04,815,982
24358,2024-09-10,70,953
24359,2025-04-12,924,499
24360,2025-02-09,963,311
24361,2024-05-27,874,840
24362,2024-06-23,893,378
24363,2025-04-29,364,843
24364,2024-05-18,919,661
24365,2025-04-02,516,997
24366,2024-06-03,717,361
24367,2024-11-14,307,933
24368,2024-07-06,984,213
24369,2025-02-19,291,253
24370,2024-07-09,877,48
24371,2025-02-22,729,304
24372,2024-10-06,531,19
24373,2024-11-24,775,405
24374,2025-04-14,144,59
24375,2025-01-19,141,103
24376,2024-06-12,105,499
24377,2025-02-06,666,726
24378,2024-07-31,65,85
24379,2024-06-24,368,687
24380,2024-05-17,878,350
24381,2024-10-17,875,626
24382,2025-03-26,958,113
24383,2025-03-29,334,333
24384,2025-02-04,50,270
24385,2025-01-12,855,642
24386,2024-08-29,950,293
24387,2024-10-15,178,203
24388,2024-07-11,599,886
24389,2025-01-15,256,748
24390,2025-02-06,425,15
24391,2024-05-23,8,469
24392,2025-02-13,310,797
24393,2024-09-14,391,624
24394,2024-12-17,332,566
24395,2024-06-11,452,798
24396,2025-02-21,858,244
24397,2024-06-02,456,155
24398,2024-05-07,60,284
24399,2025-03-26,544,50
24400,2025-04-01,858,733
24401,2025-04-27,841,356
24402,2024-05-20,369,185
24403,2025-04-01,282,579
24404,2024-11-10,267,307
24405,2024-10-24,96,243
24406,2024-06-12,962,553
24407,2024-10-18,151,341
24408,2024-11-23,748,717
24409,2025-03-20,714,363
24410,2024-11-27,328,118
24411,2024-12-26,939,369
24412,2024-11-06,115,620
24413,2025-02-02,839,226
24414,2024-08-27,814,292
24415,2025-04-09,974,270
24416,2024-10-21,910,829
24417,2025-01-27,700,3
24418,2024-08-21,338,676
24419,2024-07-24,186,5
24420,2024-08-21,382,53
24421,2024-11-07,261,251
24422,2024-05-20,30,452
24423,2024-05-12,924,480
24424,2024-05-29,267,182
24425,2025-01-26,732,91
24426,2025-03-19,795,547
24427,2024-12-15,741,849
24428,2024-05-12,34,399
24429,2025-02-12,989,305
24430,2024-09-04,571,757
24431,2024-08-11,914,687
24432,2025-03-12,368,527
24433,2024-12-13,664,334
24434,2024-07-22,478,653
24435,2024-10-08,592,717
24436,2024-08-21,753,507
24437,2025-02-26,378,615
24438,2024-09-23,470,998
24439,2024-12-08,6,551
24440,2025-01-07,456,502
24441,2024-07-14,197,337
24442,2025-01-24,524,23
24443,2024-09-25,415,998
24444,2024-11-06,375,197
24445,2024-05-16,996,43
24446,2024-12-08,436,991
24447,2024-10-01,148,896
24448,2024-09-18,923,195
24449,2025-02-10,976,346
24450,2024-11-09,191,785
24451,2024-08-08,313,1000
24452,2025-04-11,386,993
24453,2024-11-18,422,393
24454,2024-08-01,196,469
24455,2024-11-20,143,930
24456,2025-03-20,268,701
24457,2025-01-29,318,715
24458,2024-06-19,648,167
24459,2024-12-13,887,602
24460,2025-04-03,103,353
24461,2024-06-29,125,333
24462,2024-07-25,215,324
24463,2025-04-19,425,718
24464,2025-01-14,824,504
24465,2025-02-08,150,75
24466,2024-05-21,866,120
24467,2024-08-10,148,343
24468,2024-05-26,900,359
24469,2024-05-29,992,642
24470,2024-12-22,374,560
24471,2025-02-28,400,210
24472,2025-01-26,386,780
24473,2025-02-09,745,501
24474,2024-05-23,554,546
24475,2025-02-04,391,198
24476,2024-08-10,135,600
24477,2025-03-06,986,799
24478,2024-05-09,110,511
24479,2024-08-13,780,659
24480,2024-09-04,419,162
24481,2024-10-19,276,194
24482,2024-10-19,339,589
24483,2025-03-06,949,89
24484,2024-09-13,415,177
24485,2024-07-15,242,896
24486,2024-10-22,5,183
24487,2024-08-31,439,988
24488,2024-10-31,488,771
24489,2024-07-03,240,93
24490,2025-03-17,806,826
24491,2024-09-13,149,528
24492,2024-09-09,998,523
24493,2024-11-28,288,171
24494,2024-08-02,88,910
24495,2024-06-11,543,236
24496,2024-10-03,992,978
24497,2025-04-21,869,670
24498,2025-03-23,915,545
24499,2025-03-31,339,244
24500,2025-04-18,53,782
24501,2024-06-05,716,718
24502,2025-03-31,420,801
24503,2024-10-31,745,634
24504,2025-01-02,831,330
24505,2024-06-14,720,673
24506,2025-03-02,650,483
24507,2025-01-10,504,771
24508,2024-07-08,223,223
24509,2024-11-18,148,233
24510,2024-05-25,262,435
24511,2024-09-21,573,485
24512,2025-04-09,968,679
24513,2024-11-02,35,578
24514,2024-08-24,714,560
24515,2024-08-23,175,816
24516,2024-10-04,953,101
24517,2025-04-05,998,745
24518,2024-09-18,368,717
24519,2025-01-16,124,46
24520,2025-01-03,346,887
24521,2024-07-09,723,509
24522,2024-11-06,957,336
24523,2024-09-10,886,198
24524,2025-03-09,939,183
24525,2025-02-03,149,792
24526,2024-08-17,748,543
24527,2024-10-20,778,79
24528,2024-10-04,375,278
24529,2025-03-30,574,734
24530,2024-10-06,679,35
24531,2024-06-02,108,85
24532,2024-10-26,703,751
24533,2024-06-03,884,38
24534,2025-01-23,151,359
24535,2024-08-22,416,670
24536,2025-01-20,395,998
24537,2024-08-21,354,487
24538,2025-03-03,984,633
24539,2025-03-22,186,460
24540,2025-02-26,775,463
24541,2024-12-17,609,665
24542,2024-06-27,733,638
24543,2024-11-17,798,705
24544,2024-07-23,257,845
24545,2025-01-27,281,852
24546,2025-03-29,485,240
24547,2025-03-24,919,105
24548,2025-03-20,46,597
24549,2024-10-09,946,391
24550,2024-06-29,280,942
24551,2024-08-08,498,110
24552,2024-09-28,523,703
24553,2025-04-03,210,506
24554,2024-07-02,82,945
24555,2024-11-21,494,786
24556,2024-09-17,478,313
24557,2024-07-28,234,619
24558,2025-04-09,986,356
24559,2024-06-10,711,466
24560,2024-05-13,227,977
24561,2024-09-30,264,346
24562,2025-04-16,337,25
24563,2024-12-20,664,520
24564,2024-09-27,401,535
24565,2025-01-05,194,256
24566,2024-12-12,708,463
24567,2024-11-28,845,860
24568,2024-12-11,741,459
24569,2024-11-08,888,507
24570,2024-07-21,240,559
24571,2025-03-21,46,865
24572,2024-12-19,893,257
24573,2024-08-01,195,588
24574,2024-05-23,460,599
24575,2024-09-15,366,302
24576,2024-09-29,993,967
24577,2024-11-15,743,329
24578,2024-08-17,953,6
24579,2025-02-07,401,291
24580,2024-12-16,577,200
24581,2024-11-10,197,19
24582,2024-06-04,749,283
24583,2025-04-21,339,123
24584,2024-07-11,633,189
24585,2024-06-30,188,655
24586,2024-07-17,467,42
24587,2024-12-15,393,957
24588,2025-03-27,126,616
24589,2025-03-01,789,373
24590,2025-04-19,250,442
24591,2024-05-15,643,809
24592,2025-03-27,78,231
24593,2024-07-25,529,948
24594,2024-08-27,551,891
24595,2024-12-07,75,410
24596,2025-03-27,631,968
24597,2025-04-14,20,819
24598,2024-12-17,43,76
24599,2025-02-07,249,871
24600,2025-02-10,341,598
24601,2024-07-02,218,715
24602,2025-04-17,552,123
24603,2024-12-22,722,745
24604,2024-10-29,271,773
24605,2025-01-16,271,716
24606,2024-05-18,304,260
24607,2024-07-11,390,860
24608,2025-03-20,907,289
24609,2025-01-14,986,95
24610,2025-02-13,527,72
24611,2024-05-13,932,359
24612,2025-01-19,817,383
24613,2024-12-21,861,220
24614,2025-03-18,196,531
24615,2024-12-16,265,888
24616,2025-03-09,11,530
24617,2024-11-26,983,110
24618,2025-02-25,529,632
24619,2025-03-12,986,869
24620,2025-04-15,698,633
24621,2024-10-31,811,382
24622,2024-09-03,660,646
24623,2024-08-20,51,113
24624,2024-09-13,222,438
24625,2024-05-03,453,11
24626,2024-10-13,132,805
24627,2024-06-28,411,873
24628,2024-09-29,876,766
24629,2024-12-01,953,443
24630,2024-06-04,19,710
24631,2025-03-26,750,14
24632,2024-06-13,164,955
24633,2024-06-24,741,980
24634,2024-08-02,196,417
24635,2024-10-04,927,145
24636,2024-09-18,460,864
24637,2025-02-22,930,686
24638,2024-06-19,127,283
24639,2025-02-02,61,375
24640,2024-12-18,40,124
24641,2024-12-25,248,470
24642,2024-06-05,564,793
24643,2024-09-15,333,89
24644,2025-02-08,766,426
24645,2024-12-31,682,253
24646,2024-10-11,843,989
24647,2024-10-28,719,548
24648,2025-04-24,685,711
24649,2024-09-10,233,254
24650,2024-08-08,189,419
24651,2025-03-26,796,787
24652,2024-10-08,122,780
24653,2024-11-28,949,214
24654,2024-05-14,815,425
24655,2025-04-26,645,684
24656,2025-01-17,937,175
24657,2024-09-20,811,140
24658,2025-04-05,126,621
24659,2024-09-04,781,692
24660,2024-08-23,504,851
24661,2024-11-16,909,78
24662,2024-12-21,113,473
24663,2024-09-23,167,727
24664,2025-02-27,853,871
24665,2024-09-19,335,53
24666,2024-05-31,808,617
24667,2024-06-18,278,126
24668,2024-05-30,626,456
24669,2025-02-04,273,557
24670,2024-10-27,654,264
24671,2025-02-04,101,553
24672,2024-12-08,341,321
24673,2024-05-03,733,181
24674,2024-07-05,196,279
24675,2025-03-31,706,173
24676,2024-10-05,397,739
24677,2024-12-01,271,714
24678,2024-09-11,957,673
24679,2024-05-13,662,525
24680,2025-04-22,491,80
24681,2024-05-25,329,244
24682,2025-04-30,642,118
24683,2024-11-13,364,48
24684,2024-05-17,262,343
24685,2025-03-05,152,637
24686,2024-09-28,89,650
24687,2024-12-22,581,164
24688,2024-12-01,455,728
24689,2024-10-23,230,156
24690,2024-09-14,998,63
24691,2024-06-07,181,781
24692,2024-09-26,231,54
24693,2025-01-02,486,185
24694,2024-12-30,519,760
24695,2025-02-02,29,920
24696,2025-01-02,1000,93
24697,2025-01-28,327,639
24698,2024-09-09,755,611
24699,2025-03-10,976,278
24700,2024-12-19,709,838
24701,2024-08-11,890,770
24702,2024-12-27,901,188
24703,2024-10-23,511,158
24704,2024-08-03,301,108
24705,2025-04-11,579,520
24706,2024-10-22,154,649
24707,2025-02-07,10,617
24708,2024-11-03,968,464
24709,2025-03-16,145,380
24710,2024-11-05,321,410
24711,2024-12-06,48,880
24712,2024-12-24,440,948
24713,2025-04-24,863,306
24714,2025-04-24,255,278
24715,2024-11-18,817,672
24716,2024-08-24,166,476
24717,2025-01-20,390,243
24718,2025-01-12,128,934
24719,2024-07-11,205,344
24720,2024-11-02,974,603
24721,2024-05-24,193,797
24722,2025-03-18,339,463
24723,2025-03-30,741,320
24724,2025-02-22,607,901
24725,2024-07-17,191,431
24726,2025-01-24,373,651
24727,2024-05-02,807,151
24728,2024-08-18,687,357
24729,2025-04-14,144,845
24730,2024-09-27,342,445
24731,2025-01-08,774,788
24732,2024-06-06,493,599
24733,2024-08-09,236,134
24734,2024-09-29,360,575
24735,2025-03-31,860,204
24736,2025-01-13,830,639
24737,2025-02-19,187,164
24738,2024-07-10,797,466
24739,2024-09-07,475,560
24740,2024-08-11,68,446
24741,2025-04-22,71,485
24742,2024-12-03,808,53
24743,2025-01-02,797,381
24744,2025-04-04,973,908
24745,2025-04-29,718,963
24746,2025-04-26,614,996
24747,2025-03-03,291,53
24748,2025-04-30,236,493
24749,2025-04-10,819,228
24750,2024-10-30,720,583
24751,2024-05-07,904,584
24752,2025-04-02,279,133
24753,2025-02-15,890,219
24754,2024-06-28,999,763
24755,2025-01-15,408,306
24756,2024-05-22,567,980
24757,2025-02-24,486,154
24758,2024-09-14,376,866
24759,2024-11-27,950,496
24760,2025-01-15,318,221
24761,2024-11-14,731,819
24762,2025-02-10,230,433
24763,2025-03-25,493,717
24764,2024-12-26,763,104
24765,2025-03-29,686,414
24766,2024-11-14,862,127
24767,2024-05-04,430,500
24768,2025-01-21,885,269
24769,2025-02-19,378,819
24770,2025-04-12,346,616
24771,2024-07-14,286,665
24772,2024-12-11,413,590
24773,2024-11-18,345,885
24774,2025-01-27,942,274
24775,2025-03-03,880,321
24776,2024-10-03,307,663
24777,2024-12-11,854,630
24778,2024-08-22,181,906
24779,2024-12-04,200,888
24780,2025-03-02,301,681
24781,2024-10-04,524,739
24782,2024-07-21,656,26
24783,2024-08-06,585,194
24784,2024-05-08,406,854
24785,2025-01-21,189,570
24786,2024-12-15,82,243
24787,2024-11-03,347,767
24788,2024-08-06,720,847
24789,2025-02-05,722,167
24790,2025-04-30,77,954
24791,2024-07-13,443,10
24792,2024-08-20,126,831
24793,2024-12-06,398,295
24794,2025-02-24,340,736
24795,2025-02-08,16,113
24796,2024-05-03,131,783
24797,2024-08-17,520,360
24798,2025-04-26,212,627
24799,2024-07-28,296,221
24800,2024-06-15,717,766
24801,2024-09-03,124,879
24802,2024-11-15,628,264
24803,2024-07-29,190,598
24804,2024-09-08,60,860
24805,2024-05-19,720,418
24806,2025-01-31,24,500
24807,2024-05-12,534,603
24808,2025-01-22,361,427
24809,2024-05-22,562,426
24810,2024-12-26,263,70
24811,2024-12-12,766,228
24812,2025-01-16,460,586
24813,2024-08-19,825,151
24814,2024-12-29,673,198
24815,2024-11-11,789,964
24816,2024-07-07,228,942
24817,2025-01-20,885,253
24818,2024-05-16,70,991
24819,2024-10-27,941,402
24820,2025-01-22,247,285
24821,2024-05-02,609,850
24822,2024-10-24,510,862
24823,2024-12-13,920,473
24824,2025-01-07,994,673
24825,2024-06-21,852,687
24826,2024-09-22,565,339
24827,2024-09-26,773,993
24828,2025-02-07,271,106
24829,2024-09-21,900,79
24830,2024-11-08,625,755
24831,2024-06-21,369,306
24832,2024-07-05,693,737
24833,2025-01-23,268,562
24834,2024-08-20,905,405
24835,2024-07-02,944,618
24836,2024-06-30,884,392
24837,2025-01-15,601,388
24838,2025-04-26,350,82
24839,2024-08-17,574,503
24840,2025-02-06,760,755
24841,2024-08-20,773,6
24842,2024-05-06,612,593
24843,2024-07-18,243,645
24844,2025-02-26,475,273
24845,2024-09-11,395,356
24846,2024-10-03,181,637
24847,2024-10-25,820,962
24848,2024-12-30,13,2
24849,2024-10-23,999,41
24850,2025-04-04,544,966
24851,2025-04-15,192,26
24852,2024-05-24,725,787
24853,2024-10-22,704,753
24854,2024-12-01,762,4
24855,2024-06-25,385,947
24856,2024-07-25,829,89
24857,2025-02-18,604,4
24858,2024-09-16,678,936
24859,2024-07-24,313,271
24860,2024-07-15,652,270
24861,2024-07-16,526,394
24862,2024-10-29,235,485
24863,2024-12-21,138,956
24864,2025-03-10,874,486
24865,2024-11-19,529,802
24866,2025-02-02,561,793
24867,2025-02-10,897,634
24868,2024-10-31,429,701
24869,2024-08-08,851,589
24870,2024-06-09,153,438
24871,2024-08-06,599,604
24872,2024-10-18,80,548
24873,2025-04-22,380,70
24874,2024-06-14,604,121
24875,2024-12-22,96,15
24876,2024-12-04,937,546
24877,2024-08-19,328,378
24878,2025-01-06,654,926
24879,2024-05-09,61,559
24880,2024-06-10,762,190
24881,2024-11-06,659,344
24882,2024-06-22,882,688
24883,2024-07-03,230,808
24884,2025-01-18,630,223
24885,2024-05-24,52,638
24886,2025-01-09,991,829
24887,2024-05-28,99,703
24888,2024-11-14,57,352
24889,2024-06-12,846,860
24890,2024-07-09,231,757
24891,2024-12-03,640,282
24892,2024-12-31,833,632
24893,2024-12-08,344,535
24894,2024-07-08,502,893
24895,2024-08-26,381,451
24896,2024-11-11,963,686
24897,2024-09-09,313,399
24898,2025-03-31,580,319
24899,2025-01-07,39,808
24900,2025-04-08,65,297
24901,2025-03-02,67,193
24902,2025-03-01,508,204
24903,2024-07-26,397,219
24904,2024-05-19,509,383
24905,2024-12-16,346,971
24906,2024-07-30,967,72
24907,2024-08-19,554,678
24908,2025-01-13,156,617
24909,2024-12-08,73,784
24910,2024-09-01,559,915
24911,2024-11-20,970,394
24912,2024-12-31,257,704
24913,2025-03-18,472,631
24914,2024-08-14,667,574
24915,2025-03-12,985,76
24916,2024-10-14,148,132
24917,2025-02-18,911,581
24918,2024-06-28,17,595
24919,2024-10-27,345,353
24920,2025-03-09,718,344
24921,2024-12-27,468,267
24922,2024-10-31,931,392
24923,2025-04-28,375,393
24924,2024-07-04,324,762
24925,2025-04-03,669,812
24926,2025-03-31,856,521
24927,2025-03-08,813,923
24928,2025-01-01,364,732
24929,2024-10-04,788,336
24930,2024-07-06,527,56
24931,2024-05-26,199,35
24932,2024-05-14,167,162
24933,2025-04-03,274,855
24934,2025-02-24,95,389
24935,2024-10-10,767,589
24936,2024-11-20,482,443
24937,2024-08-02,106,923
24938,2024-05-25,719,29
24939,2024-08-18,624,797
24940,2025-04-04,927,296
24941,2024-07-02,270,55
24942,2025-04-18,749,861
24943,2024-05-29,42,368
24944,2024-09-11,827,749
24945,2025-04-09,68,428
24946,2024-12-16,115,576
24947,2025-03-15,697,768
24948,2025-02-07,576,828
24949,2024-10-15,512,900
24950,2024-07-16,647,721
24951,2025-03-10,789,517
24952,2025-02-01,890,849
24953,2024-09-15,771,456
24954,2024-08-18,353,337
24955,2024-10-25,542,362
24956,2024-11-08,462,916
24957,2024-08-18,109,821
24958,2025-03-27,230,503
24959,2025-03-04,30,71
24960,2024-11-24,266,576
24961,2024-09-21,631,803
24962,2024-08-30,825,270
24963,2024-06-06,706,921
24964,2025-04-02,455,675
24965,2025-01-06,131,290
24966,2025-01-24,866,337
24967,2025-04-30,691,764
24968,2024-10-11,159,706
24969,2024-05-28,107,350
24970,2025-02-22,382,815
24971,2024-05-11,969,931
24972,2024-10-06,183,754
24973,2024-10-23,38,458
24974,2024-05-17,184,679
24975,2024-05-10,980,342
24976,2024-08-11,33,943
24977,2024-11-14,964,439
24978,2024-06-09,931,209
24979,2024-08-05,692,880
24980,2025-01-16,780,672
24981,2025-04-23,672,38
24982,2024-10-19,113,959
24983,2025-02-14,423,499
24984,2024-07-26,237,272
24985,2024-07-22,730,499
24986,2024-12-01,704,370
24987,2025-01-15,548,901
24988,2024-06-16,752,28
24989,2024-10-25,931,861
24990,2024-05-29,575,92
24991,2024-06-18,334,669
24992,2025-01-12,620,936
24993,2024-05-09,516,634
24994,2024-05-06,845,141
24995,2024-07-16,542,186
24996,2025-02-01,686,115
24997,2025-01-04,77,87
24998,2024-05-24,751,91
24999,2024-12-31,45,652
25000,2025-02-15,471,291
25001,2025-02-01,137,160
25002,2024-06-10,417,724
25003,2024-09-14,71,416
25004,2024-07-06,852,328
25005,2025-02-10,898,233
25006,2024-05-10,671,94
25007,2024-07-04,446,997
25008,2024-05-28,759,529
25009,2024-06-05,20,200
25010,2024-07-30,460,527
25011,2024-10-10,578,420
25012,2024-09-24,293,276
25013,2024-05-03,360,373
25014,2025-01-09,109,78
25015,2024-11-02,973,421
25016,2025-04-08,951,71
25017,2024-09-20,82,48
25018,2024-09-02,266,77
25019,2025-01-11,609,881
25020,2024-10-13,995,60
25021,2024-12-23,289,770
25022,2025-04-01,249,362
25023,2025-02-01,910,796
25024,2024-10-02,131,686
25025,2024-11-12,177,596
25026,2024-11-01,140,566
25027,2024-09-02,101,688
25028,2025-01-04,8,575
25029,2024-10-05,188,265
25030,2025-03-11,217,34
25031,2024-06-28,840,605
25032,2025-03-12,499,118
25033,2024-09-11,964,345
25034,2025-02-12,171,441
25035,2024-05-16,164,602
25036,2024-06-02,248,628
25037,2024-05-10,357,723
25038,2025-02-20,573,54
25039,2024-10-10,202,226
25040,2024-11-26,582,984
25041,2024-12-19,638,297
25042,2024-08-06,637,905
25043,2024-12-19,503,542
25044,2024-07-29,566,604
25045,2024-11-23,517,936
25046,2024-07-12,623,439
25047,2025-02-09,608,417
25048,2025-04-10,434,868
25049,2024-12-09,779,842
25050,2024-10-22,863,335
25051,2025-01-02,389,663
25052,2024-12-18,591,948
25053,2024-07-16,41,685
25054,2024-09-03,601,608
25055,2024-11-18,712,688
25056,2024-10-07,693,769
25057,2025-04-10,560,750
25058,2024-10-09,452,116
25059,2025-02-10,662,126
25060,2024-10-10,475,858
25061,2024-12-02,908,19
25062,2024-05-08,3,13
25063,2025-03-01,403,439
25064,2024-09-18,731,231
25065,2025-01-08,331,664
25066,2025-04-15,844,26
25067,2024-09-22,971,623
25068,2024-09-12,187,440
25069,2024-07-11,800,630
25070,2025-01-25,87,725
25071,2024-06-08,721,284
25072,2025-03-31,15,649
25073,2024-11-22,552,667
25074,2024-07-05,5,688
25075,2024-07-31,841,813
25076,2025-01-18,762,722
25077,2025-02-04,195,440
25078,2025-01-16,28,969
25079,2024-12-07,742,905
25080,2025-04-19,125,644
25081,2024-11-01,84,124
25082,2024-06-17,435,681
25083,2024-06-28,203,329
25084,2024-09-13,868,537
25085,2024-07-12,239,877
25086,2024-09-03,484,147
25087,2024-12-28,356,18
25088,2024-10-02,219,717
25089,2024-10-03,786,232
25090,2024-11-09,660,593
25091,2024-09-17,909,754
25092,2024-12-20,235,352
25093,2025-04-05,612,104
25094,2024-05-02,751,892
25095,2024-07-07,36,320
25096,2024-06-08,158,620
25097,2025-03-12,456,457
25098,2024-12-12,595,546
25099,2024-11-22,419,968
25100,2025-01-04,589,509
25101,2024-05-02,771,167
25102,2025-04-01,849,580
25103,2025-01-26,845,958
25104,2024-06-26,712,492
25105,2024-07-24,353,686
25106,2025-02-26,901,33
25107,2025-04-07,160,922
25108,2024-11-05,883,804
25109,2025-04-20,38,25
25110,2024-11-07,219,722
25111,2024-07-20,96,236
25112,2024-08-22,84,664
25113,2024-11-18,252,664
25114,2024-12-21,382,260
25115,2025-03-28,987,344
25116,2024-10-19,223,620
25117,2024-09-06,39,849
25118,2025-01-15,51,48
25119,2025-01-20,387,901
25120,2024-08-30,853,477
25121,2024-09-10,364,111
25122,2024-08-05,912,950
25123,2024-05-12,260,223
25124,2024-09-01,837,881
25125,2024-04-30,277,205
25126,2024-06-10,119,775
25127,2025-02-06,241,509
25128,2024-11-03,365,220
25129,2024-10-05,362,255
25130,2024-06-15,303,728
25131,2025-04-15,898,198
25132,2024-11-21,611,13
25133,2024-07-29,175,787
25134,2024-06-18,195,262
25135,2024-11-13,878,264
25136,2024-10-03,816,340
25137,2024-11-03,538,115
25138,2024-11-04,865,806
25139,2024-05-24,722,76
25140,2025-04-01,587,99
25141,2025-01-04,520,948
25142,2024-11-06,54,706
25143,2024-07-17,666,340
25144,2024-06-27,148,230
25145,2024-10-15,432,961
25146,2024-09-26,914,818
25147,2025-03-22,938,793
25148,2024-10-24,746,547
25149,2024-06-30,945,504
25150,2025-01-29,944,946
25151,2024-10-02,996,193
25152,2025-03-17,339,232
25153,2024-11-22,905,582
25154,2024-12-03,87,126
25155,2024-08-16,730,1000
25156,2024-08-07,828,161
25157,2025-02-06,439,590
25158,2025-03-30,471,146
25159,2024-09-14,798,52
25160,2024-08-17,916,493
25161,2025-03-25,945,467
25162,2024-10-16,357,510
25163,2024-06-18,391,969
25164,2024-07-16,219,559
25165,2025-02-08,636,339
25166,2025-03-04,937,104
25167,2025-03-07,827,917
25168,2024-12-15,350,813
25169,2025-01-15,824,687
25170,2024-05-11,370,708
25171,2024-11-04,635,501
25172,2025-04-01,824,120
25173,2025-02-05,909,460
25174,2024-09-12,195,254
25175,2024-10-08,941,439
25176,2024-12-12,440,345
25177,2025-03-24,37,518
25178,2025-02-24,225,73
25179,2024-05-12,512,421
25180,2025-03-26,618,953
25181,2025-01-29,16,695
25182,2024-07-16,694,977
25183,2024-09-27,596,364
25184,2024-07-04,916,377
25185,2024-07-26,896,452
25186,2024-09-04,393,662
25187,2024-11-14,761,981
25188,2025-02-13,687,849
25189,2025-03-15,417,935
25190,2025-03-17,30,945
25191,2024-06-08,318,704
25192,2024-07-28,804,381
25193,2025-02-18,554,819
25194,2024-12-15,712,994
25195,2024-05-14,726,103
25196,2025-01-18,413,844
25197,2024-12-17,581,950
25198,2024-12-15,595,930
25199,2024-07-09,908,634
25200,2024-06-21,449,735
25201,2024-11-28,895,592
25202,2024-08-31,46,242
25203,2025-01-04,939,589
25204,2024-08-20,205,246
25205,2024-10-15,412,402
25206,2024-09-23,216,979
25207,2024-09-03,113,281
25208,2024-07-10,408,900
25209,2024-10-01,578,846
25210,2024-07-23,609,931
25211,2025-02-02,310,826
25212,2024-07-09,761,386
25213,2024-07-02,642,142
25214,2024-06-07,897,502
25215,2024-06-18,489,664
25216,2025-01-13,93,968
25217,2024-06-12,693,622
25218,2024-07-06,100,910
25219,2024-12-06,43,210
25220,2024-12-17,206,580
25221,2024-05-06,788,330
25222,2024-09-16,639,33
25223,2025-04-25,267,393
25224,2024-07-01,606,237
25225,2024-08-13,408,545
25226,2024-08-03,604,536
25227,2025-01-24,466,739
25228,2025-04-30,841,416
25229,2025-01-04,317,450
25230,2024-10-15,865,505
25231,2024-09-18,776,691
25232,2025-04-22,888,476
25233,2024-11-10,736,446
25234,2024-09-02,507,906
25235,2024-09-26,291,517
25236,2025-01-05,893,333
25237,2025-01-21,339,566
25238,2025-03-06,315,243
25239,2025-03-17,215,617
25240,2025-03-04,754,631
25241,2025-03-30,32,964
25242,2024-06-30,428,974
25243,2024-07-26,555,105
25244,2025-01-19,85,910
25245,2024-08-17,236,785
25246,2024-12-19,342,856
25247,2024-08-09,695,28
25248,2024-07-20,615,810
25249,2024-07-01,793,575
25250,2024-07-10,109,812
25251,2025-03-12,757,630
25252,2024-12-10,151,176
25253,2024-12-02,134,480
25254,2025-04-09,841,231
25255,2024-05-16,915,737
25256,2024-11-13,276,612
25257,2025-02-12,135,458
25258,2025-01-11,930,632
25259,2025-03-25,40,739
25260,2025-03-30,144,150
25261,2024-08-19,491,748
25262,2024-12-13,362,350
25263,2024-06-05,5,296
25264,2025-04-18,272,668
25265,2025-04-01,954,191
25266,2024-12-24,492,337
25267,2024-05-09,713,273
25268,2024-11-06,686,379
25269,2024-10-14,682,10
25270,2025-03-23,231,572
25271,2024-09-04,363,479
25272,2024-08-03,665,965
25273,2024-08-19,273,356
25274,2024-11-07,273,563
25275,2024-08-31,206,700
25276,2024-05-07,165,260
25277,2024-07-16,658,724
25278,2025-03-12,123,624
25279,2024-09-10,628,388
25280,2025-02-12,630,613
25281,2024-05-17,650,683
25282,2024-07-27,329,811
25283,2024-11-02,735,603
25284,2024-05-02,499,364
25285,2024-06-14,845,597
25286,2024-08-12,528,853
25287,2024-06-21,819,580
25288,2024-06-21,152,479
25289,2024-11-18,477,243
25290,2024-09-09,497,75
25291,2025-01-03,36,345
25292,2024-06-04,173,119
25293,2024-09-23,409,786
25294,2025-03-26,938,170
25295,2024-09-01,772,567
25296,2024-08-28,591,210
25297,2024-08-19,786,707
25298,2025-03-28,377,422
25299,2024-07-08,70,260
25300,2024-11-05,706,29
25301,2024-05-04,641,509
25302,2025-01-22,607,319
25303,2024-07-25,295,879
25304,2024-09-16,283,438
25305,2024-05-12,495,385
25306,2024-06-14,274,841
25307,2024-08-26,848,242
25308,2024-09-26,729,355
25309,2024-09-01,822,509
25310,2025-04-26,16,583
25311,2025-03-05,143,627
25312,2024-06-10,750,755
25313,2024-09-13,619,169
25314,2024-07-04,917,988
25315,2024-12-23,504,665
25316,2024-11-06,948,322
25317,2025-04-09,502,846
25318,2024-06-08,866,567
25319,2024-07-14,727,510
25320,2024-10-14,870,11
25321,2024-09-05,778,494
25322,2024-12-06,131,975
25323,2024-09-08,936,11
25324,2025-03-10,716,268
25325,2024-09-27,839,739
25326,2024-06-22,653,557
25327,2025-03-09,314,383
25328,2024-11-22,935,635
25329,2025-03-28,529,373
25330,2024-05-23,260,302
25331,2024-05-30,573,97
25332,2024-06-12,991,743
25333,2025-03-09,161,906
25334,2024-09-26,954,490
25335,2024-04-30,440,328
25336,2024-10-18,189,493
25337,2024-12-20,609,831
25338,2024-06-08,536,270
25339,2024-12-05,709,559
25340,2024-08-28,530,830
25341,2025-04-30,807,88
25342,2024-09-17,943,929
25343,2025-04-03,355,23
25344,2024-10-28,365,942
25345,2025-04-10,564,627
25346,2024-09-19,126,898
25347,2024-09-24,954,352
25348,2024-08-09,875,317
25349,2025-03-30,302,838
25350,2024-08-20,585,635
25351,2024-06-03,568,481
25352,2024-12-17,334,409
25353,2025-04-28,511,787
25354,2024-05-30,15,67
25355,2025-04-27,457,411
25356,2024-09-29,440,101
25357,2025-01-08,450,449
25358,2024-10-09,1000,423
25359,2024-12-19,964,712
25360,2025-03-07,867,445
25361,2024-06-15,201,795
25362,2024-06-10,843,120
25363,2025-03-10,508,353
25364,2024-08-25,234,606
25365,2024-12-13,644,262
25366,2024-10-24,533,751
25367,2025-02-14,659,632
25368,2024-11-06,365,570
25369,2025-01-21,207,979
25370,2025-03-06,458,94
25371,2025-03-09,47,311
25372,2025-03-20,563,82
25373,2025-01-24,515,562
25374,2025-04-04,646,251
25375,2024-08-01,436,190
25376,2024-05-26,494,526
25377,2024-10-26,882,614
25378,2024-10-18,601,701
25379,2024-09-24,521,566
25380,2024-10-06,218,72
25381,2024-12-03,539,939
25382,2024-06-03,356,476
25383,2024-12-28,65,254
25384,2024-11-22,955,109
25385,2024-08-14,522,303
25386,2025-02-14,340,322
25387,2024-11-08,661,134
25388,2025-04-06,497,468
25389,2025-03-04,605,300
25390,2024-08-07,550,582
25391,2024-07-11,796,737
25392,2024-09-12,959,374
25393,2024-08-20,708,81
25394,2025-01-10,153,712
25395,2024-06-05,707,889
25396,2024-07-24,858,81
25397,2025-01-26,321,955
25398,2024-05-12,893,718
25399,2024-06-07,327,571
25400,2024-12-10,995,852
25401,2025-01-15,49,200
25402,2024-12-23,429,380
25403,2024-07-20,546,686
25404,2025-04-04,805,625
25405,2024-11-16,633,819
25406,2024-10-25,899,388
25407,2024-06-26,217,516
25408,2025-04-23,31,507
25409,2024-11-06,793,658
25410,2024-08-16,711,337
25411,2024-12-18,455,638
25412,2024-08-16,482,390
25413,2024-12-06,316,226
25414,2024-07-12,506,572
25415,2025-03-06,847,31
25416,2025-02-04,441,904
25417,2024-11-23,155,356
25418,2024-10-05,792,634
25419,2025-04-19,468,70
25420,2025-02-14,950,790
25421,2024-06-16,612,507
25422,2025-04-26,55,132
25423,2025-02-19,116,439
25424,2024-06-26,395,533
25425,2024-05-29,68,523
25426,2024-08-09,282,420
25427,2025-03-13,801,469
25428,2024-07-14,768,53
25429,2025-02-06,979,659
25430,2024-06-05,95,551
25431,2025-01-22,171,382
25432,2024-05-30,115,496
25433,2024-12-27,416,359
25434,2024-05-28,329,131
25435,2025-03-25,837,642
25436,2024-04-30,444,669
25437,2024-06-01,847,316
25438,2024-11-04,945,278
25439,2025-01-18,885,721
25440,2024-10-24,586,969
25441,2024-05-03,420,732
25442,2024-08-31,474,14
25443,2025-01-23,533,577
25444,2024-10-19,114,216
25445,2024-11-08,589,333
25446,2024-08-14,861,139
25447,2024-08-19,579,247
25448,2025-01-22,717,474
25449,2025-01-27,216,938
25450,2024-06-29,359,253
25451,2025-02-12,429,928
25452,2024-05-02,692,318
25453,2025-03-17,46,809
25454,2025-02-07,90,749
25455,2024-06-13,206,871
25456,2024-05-14,693,776
25457,2025-04-20,746,842
25458,2024-05-03,67,167
25459,2024-10-22,985,196
25460,2024-08-01,88,989
25461,2025-02-09,556,636
25462,2025-01-25,793,550
25463,2024-12-28,282,120
25464,2024-08-29,901,486
25465,2025-01-23,437,936
25466,2025-04-10,945,673
25467,2024-11-04,601,648
25468,2024-08-04,13,676
25469,2024-07-27,69,783
25470,2025-04-28,80,92
25471,2024-12-11,854,742
25472,2025-03-25,379,780
25473,2024-06-06,602,421
25474,2024-09-09,68,94
25475,2024-10-18,58,48
25476,2024-06-05,861,393
25477,2024-12-01,112,456
25478,2024-11-17,373,364
25479,2025-01-16,66,930
25480,2025-04-20,535,80
25481,2024-08-27,275,248
25482,2024-12-09,862,759
25483,2024-12-07,982,584
25484,2025-02-16,7,655
25485,2024-07-02,788,210
25486,2024-08-12,886,741
25487,2025-02-04,895,121
25488,2024-07-15,832,190
25489,2024-10-26,726,652
25490,2025-01-24,294,236
25491,2025-02-22,601,262
25492,2025-02-05,120,723
25493,2024-11-01,173,149
25494,2025-04-02,437,788
25495,2025-04-28,575,995
25496,2025-02-13,197,193
25497,2025-03-25,483,339
25498,2024-10-23,195,751
25499,2025-02-14,729,536
25500,2024-08-08,190,714
25501,2024-09-15,540,646
25502,2025-04-18,347,992
25503,2024-12-10,186,217
25504,2024-10-17,818,773
25505,2025-03-14,177,829
25506,2025-03-11,539,872
25507,2025-01-09,600,659
25508,2025-03-15,507,611
25509,2024-11-09,924,405
25510,2024-10-12,873,957
25511,2024-08-01,173,316
25512,2024-05-25,714,38
25513,2024-08-08,721,552
25514,2025-01-10,461,22
25515,2024-10-10,603,271
25516,2024-10-06,505,714
25517,2024-06-05,903,674
25518,2024-10-29,903,484
25519,2024-08-24,313,712
25520,2024-05-28,689,132
25521,2024-12-20,517,463
25522,2025-03-18,176,744
25523,2024-09-18,987,826
25524,2025-02-09,103,667
25525,2024-11-20,744,194
25526,2024-04-30,255,619
25527,2025-02-25,949,336
25528,2024-12-13,622,503
25529,2024-11-18,328,713
25530,2025-03-30,413,254
25531,2025-03-14,426,852
25532,2025-03-06,106,837
25533,2024-09-11,404,470
25534,2024-08-07,761,290
25535,2024-11-07,645,639
25536,2024-09-14,18,852
25537,2024-12-18,732,924
25538,2024-07-14,375,837
25539,2024-11-08,243,426
25540,2024-12-31,245,629
25541,2025-01-08,623,929
25542,2025-02-06,525,875
25543,2024-05-02,96,419
25544,2024-10-31,451,506
25545,2024-10-09,921,146
25546,2025-04-10,578,291
25547,2024-11-29,609,691
25548,2024-09-21,240,376
25549,2025-01-07,199,521
25550,2024-11-07,591,524
25551,2024-06-28,169,731
25552,2024-05-18,769,348
25553,2024-06-29,651,508
25554,2025-02-22,416,497
25555,2024-10-20,645,688
25556,2025-03-15,388,927
25557,2025-02-07,860,673
25558,2024-09-24,916,379
25559,2024-12-10,767,291
25560,2024-10-16,557,465
25561,2024-05-01,430,771
25562,2025-01-23,560,921
25563,2024-07-13,369,616
25564,2024-08-23,152,670
25565,2024-08-21,720,630
25566,2025-01-09,185,109
25567,2024-09-22,631,298
25568,2025-03-21,437,174
25569,2025-01-03,684,66
25570,2024-06-20,566,547
25571,2024-10-03,355,407
25572,2025-04-23,790,166
25573,2025-04-29,715,755
25574,2024-12-23,392,328
25575,2025-01-15,903,19
25576,2025-02-09,582,998
25577,2024-07-17,100,866
25578,2024-05-21,916,594
25579,2024-07-25,347,370
25580,2025-02-18,341,579
25581,2024-10-13,941,894
25582,2025-04-01,368,498
25583,2024-08-08,405,596
25584,2025-01-02,442,402
25585,2024-08-17,371,982
25586,2024-11-05,429,827
25587,2024-08-29,699,914
25588,2025-01-20,694,823
25589,2024-05-02,184,221
25590,2024-09-14,480,591
25591,2024-09-25,388,429
25592,2024-09-26,754,730
25593,2025-04-09,817,958
25594,2024-08-17,630,695
25595,2024-08-06,936,721
25596,2024-11-13,588,644
25597,2024-05-05,192,265
25598,2025-01-25,660,141
25599,2024-08-15,494,947
25600,2024-05-20,796,211
25601,2024-07-22,129,810
25602,2024-10-05,949,578
25603,2025-01-07,578,121
25604,2025-01-14,31,392
25605,2025-02-16,2,267
25606,2025-04-25,877,961
25607,2024-12-05,19,788
25608,2024-12-22,632,523
25609,2025-04-17,174,441
25610,2024-07-06,346,218
25611,2024-10-17,578,26
25612,2024-07-31,44,263
25613,2024-08-29,879,387
25614,2025-03-10,435,293
25615,2024-07-21,919,611
25616,2024-09-03,709,972
25617,2024-06-06,426,565
25618,2024-08-09,682,626
25619,2024-10-28,241,315
25620,2025-03-24,69,237
25621,2024-06-18,801,615
25622,2024-11-25,241,296
25623,2024-11-14,813,498
25624,2024-08-04,543,319
25625,2024-08-14,728,580
25626,2025-04-20,430,969
25627,2024-10-14,943,612
25628,2024-07-08,17,349
25629,2025-03-26,673,384
25630,2024-10-23,987,445
25631,2025-04-24,349,983
25632,2024-10-29,9,646
25633,2025-01-09,619,363
25634,2025-04-07,394,659
25635,2024-06-10,875,189
25636,2025-04-22,694,592
25637,2025-01-20,642,646
25638,2025-04-14,345,202
25639,2024-11-16,498,713
25640,2024-08-09,260,238
25641,2024-10-29,954,192
25642,2024-08-20,313,282
25643,2025-03-06,974,805
25644,2024-07-11,314,624
25645,2025-04-16,520,588
25646,2024-11-19,310,136
25647,2025-04-10,50,320
25648,2024-08-30,434,885
25649,2024-08-02,273,215
25650,2024-07-30,606,924
25651,2024-07-28,676,685
25652,2025-04-27,875,23
25653,2024-06-13,80,849
25654,2024-11-17,559,911
25655,2024-06-18,265,24
25656,2024-08-25,894,112
25657,2024-08-22,824,723
25658,2025-03-23,529,52
25659,2024-05-20,787,427
25660,2025-04-30,49,667
25661,2025-04-05,21,893
25662,2024-09-24,443,898
25663,2024-08-13,523,35
25664,2024-08-24,212,1000
25665,2024-07-02,873,145
25666,2024-11-19,44,836
25667,2025-01-27,983,18
25668,2024-11-28,520,677
25669,2024-05-02,981,566
25670,2024-05-15,718,234
25671,2024-12-02,913,283
25672,2024-05-17,1000,575
25673,2024-10-09,100,708
25674,2024-11-10,149,815
25675,2025-03-11,994,439
25676,2024-09-10,621,381
25677,2024-05-27,839,598
25678,2024-11-30,26,142
25679,2024-05-23,655,666
25680,2024-10-07,391,478
25681,2024-12-10,950,124
25682,2024-07-29,389,280
25683,2024-07-14,217,199
25684,2024-08-25,286,755
25685,2024-08-16,144,902
25686,2025-03-22,999,590
25687,2024-11-23,415,532
25688,2024-06-15,189,530
25689,2024-04-30,844,403
25690,2025-01-05,267,319
25691,2024-06-27,909,210
25692,2024-11-06,645,774
25693,2025-03-14,281,192
25694,2025-04-10,897,697
25695,2025-02-07,279,473
25696,2025-03-11,587,467
25697,2024-08-04,153,697
25698,2025-01-22,916,927
25699,2025-03-24,983,521
25700,2025-03-11,421,421
25701,2024-11-22,919,947
25702,2025-01-19,329,81
25703,2024-12-06,382,827
25704,2024-05-21,100,992
25705,2025-01-03,261,786
25706,2024-12-03,558,416
25707,2024-12-26,520,697
25708,2025-01-10,254,296
25709,2025-01-14,441,930
25710,2025-01-19,92,324
25711,2024-06-09,131,678
25712,2024-07-02,337,5
25713,2024-11-12,623,211
25714,2024-10-04,363,652
25715,2025-04-30,981,645
25716,2024-08-21,65,242
25717,2025-04-10,974,576
25718,2024-12-25,204,141
25719,2024-08-29,607,379
25720,2024-10-30,200,938
25721,2024-12-19,718,460
25722,2024-05-01,709,242
25723,2024-08-26,529,9
25724,2024-11-15,695,163
25725,2024-06-29,314,480
25726,2025-02-11,172,748
25727,2024-05-20,651,768
25728,2024-10-19,518,428
25729,2024-08-21,667,537
25730,2025-03-23,666,624
25731,2025-04-28,921,500
25732,2025-04-14,365,214
25733,2024-07-22,29,795
25734,2024-12-21,950,490
25735,2025-03-27,74,388
25736,2024-12-29,409,404
25737,2025-01-08,613,821
25738,2025-01-17,109,103
25739,2025-01-01,352,220
25740,2024-10-14,641,283
25741,2024-07-30,256,269
25742,2024-08-01,599,101
25743,2024-07-31,560,532
25744,2024-05-07,722,113
25745,2024-08-25,483,741
25746,2024-06-29,606,562
25747,2025-01-19,735,542
25748,2024-10-13,546,358
25749,2024-07-09,641,661
25750,2024-08-10,185,708
25751,2025-04-16,815,403
25752,2024-08-15,7,833
25753,2024-07-11,175,938
25754,2024-12-14,689,89
25755,2024-08-18,718,16
25756,2024-11-22,204,871
25757,2025-01-21,116,208
25758,2024-07-10,452,207
25759,2024-05-17,692,838
25760,2024-10-05,159,147
25761,2024-08-20,978,822
25762,2024-10-27,9,860
25763,2024-09-06,536,420
25764,2024-06-10,791,87
25765,2025-04-05,272,510
25766,2025-03-27,62,176
25767,2024-09-12,10,150
25768,2024-05-30,493,246
25769,2024-10-25,882,744
25770,2024-10-29,352,980
25771,2024-06-03,579,120
25772,2024-12-06,974,163
25773,2024-06-05,280,104
25774,2024-10-25,973,786
25775,2024-12-14,705,250
25776,2024-05-22,916,405
25777,2024-09-21,507,95
25778,2024-12-01,487,279
25779,2024-11-11,547,574
25780,2025-01-15,230,812
25781,2024-10-23,167,330
25782,2024-08-04,54,309
25783,2025-04-03,807,620
25784,2024-06-29,112,583
25785,2024-11-07,338,688
25786,2024-11-30,21,924
25787,2025-02-12,458,30
25788,2025-02-19,907,47
25789,2024-10-14,824,309
25790,2024-10-01,400,534
25791,2025-03-16,252,571
25792,2025-02-01,818,627
25793,2024-09-03,951,409
25794,2025-04-24,948,826
25795,2024-07-23,226,506
25796,2025-04-11,877,626
25797,2025-04-30,84,390
25798,2025-02-15,80,594
25799,2024-05-06,963,689
25800,2025-03-18,58,210
25801,2024-07-14,349,286
25802,2025-03-02,539,887
25803,2024-05-09,18,987
25804,2024-07-15,710,293
25805,2024-05-25,408,525
25806,2024-09-08,189,335
25807,2024-08-12,303,209
25808,2024-07-29,384,580
25809,2024-09-25,732,153
25810,2025-02-17,638,933
25811,2024-05-05,549,800
25812,2024-07-19,170,534
25813,2024-12-16,320,870
25814,2024-09-25,354,911
25815,2025-01-22,370,116
25816,2024-05-16,240,790
25817,2025-04-28,555,522
25818,2024-05-06,356,851
25819,2024-07-12,867,653
25820,2024-08-18,901,932
25821,2024-10-28,301,678
25822,2025-03-29,656,317
25823,2024-11-07,28,209
25824,2024-05-10,976,349
25825,2024-07-14,548,844
25826,2025-03-09,893,175
25827,2024-12-28,981,368
25828,2025-02-12,644,362
25829,2025-03-08,567,527
25830,2025-04-22,417,228
25831,2025-03-28,549,684
25832,2024-11-20,244,729
25833,2024-05-25,289,615
25834,2025-02-23,93,616
25835,2024-10-18,436,523
25836,2024-12-16,486,923
25837,2024-06-13,472,259
25838,2024-12-02,183,298
25839,2024-11-25,491,328
25840,2024-12-27,513,708
25841,2024-07-30,824,117
25842,2024-12-26,786,461
25843,2025-02-24,788,734
25844,2024-12-17,488,765
25845,2024-06-08,266,933
25846,2024-09-03,711,934
25847,2025-03-04,762,609
25848,2024-05-18,707,902
25849,2025-01-03,144,951
25850,2024-08-17,465,871
25851,2024-06-29,47,149
25852,2024-06-14,344,323
25853,2024-05-21,112,186
25854,2024-05-19,137,714
25855,2024-08-12,518,329
25856,2024-12-11,552,254
25857,2025-01-29,258,141
25858,2024-12-08,801,191
25859,2024-08-31,653,659
25860,2024-11-21,901,189
25861,2024-05-29,911,169
25862,2024-05-05,235,336
25863,2024-10-06,360,537
25864,2024-11-20,275,587
25865,2024-08-08,320,839
25866,2024-09-20,54,262
25867,2024-05-12,201,689
25868,2024-06-15,609,357
25869,2025-02-13,126,436
25870,2024-12-06,67,74
25871,2024-08-11,958,567
25872,2024-09-25,985,556
25873,2024-08-24,889,976
25874,2025-02-22,695,811
25875,2024-12-30,542,983
25876,2024-10-20,143,115
25877,2024-12-16,643,934
25878,2024-06-22,702,600
25879,2024-08-09,602,896
25880,2024-06-10,459,789
25881,2025-03-06,762,374
25882,2024-10-08,396,233
25883,2024-05-25,749,275
25884,2024-11-16,575,507
25885,2024-06-07,669,828
25886,2024-07-02,156,549
25887,2024-07-19,657,910
25888,2024-11-13,135,498
25889,2024-06-26,307,60
25890,2024-06-01,226,800
25891,2025-01-14,870,219
25892,2024-05-15,926,775
25893,2024-05-04,245,695
25894,2024-05-03,533,391
25895,2025-01-21,397,178
25896,2025-03-12,730,566
25897,2024-09-18,159,707
25898,2024-09-09,494,118
25899,2024-07-24,750,799
25900,2024-05-02,15,586
25901,2024-10-01,45,185
25902,2024-05-28,352,641
25903,2024-12-16,519,868
25904,2024-12-13,697,73
25905,2024-12-11,617,41
25906,2024-07-02,271,212
25907,2024-08-05,634,649
25908,2024-07-18,236,218
25909,2025-03-30,325,72
25910,2024-10-19,928,624
25911,2024-08-21,271,783
25912,2025-02-12,381,419
25913,2025-01-02,645,183
25914,2024-05-09,228,951
25915,2024-05-06,666,815
25916,2024-07-27,569,160
25917,2024-06-26,272,157
25918,2024-07-08,118,764
25919,2024-05-30,51,683
25920,2024-06-11,7,829
25921,2025-02-09,781,776
25922,2024-05-08,851,616
25923,2024-06-30,479,485
25924,2025-03-08,487,681
25925,2025-02-04,310,378
25926,2024-10-30,638,381
25927,2025-03-08,800,166
25928,2025-03-16,380,626
25929,2024-07-28,10,640
25930,2025-03-05,28,919
25931,2024-10-24,488,847
25932,2024-10-04,175,196
25933,2024-05-13,136,318
25934,2024-11-27,371,300
25935,2024-11-11,555,506
25936,2025-03-28,594,901
25937,2025-04-13,912,8
25938,2024-12-13,622,645
25939,2024-08-08,90,869
25940,2025-03-07,367,688
25941,2024-08-13,773,162
25942,2024-08-21,519,829
25943,2024-08-28,33,59
25944,2024-07-29,812,931
25945,2025-03-03,237,890
25946,2024-05-24,469,837
25947,2024-09-04,658,624
25948,2024-09-05,17,422
25949,2024-09-15,768,174
25950,2024-04-30,415,293
25951,2024-07-14,587,554
25952,2024-09-14,896,859
25953,2024-10-20,958,267
25954,2024-05-14,789,754
25955,2024-10-27,644,94
25956,2024-09-28,859,546
25957,2024-09-27,175,460
25958,2025-03-13,572,2
25959,2024-06-09,446,135
25960,2024-12-05,35,206
25961,2025-01-18,765,676
25962,2025-02-13,345,364
25963,2024-07-10,815,272
25964,2025-04-21,701,343
25965,2025-02-25,942,58
25966,2025-03-18,687,983
25967,2024-12-02,349,34
25968,2024-05-09,943,59
25969,2024-08-24,72,967
25970,2024-07-15,581,578
25971,2025-04-12,941,615
25972,2024-12-29,824,528
25973,2025-03-02,928,739
25974,2024-11-02,222,250
25975,2025-03-28,39,904
25976,2024-05-11,561,963
25977,2024-06-29,28,622
25978,2025-03-10,897,278
25979,2024-07-03,189,208
25980,2024-05-23,501,972
25981,2025-04-20,227,819
25982,2025-01-30,896,601
25983,2024-10-12,752,473
25984,2024-12-23,152,74
25985,2024-05-28,859,903
25986,2025-02-10,259,97
25987,2024-11-09,218,262
25988,2025-01-10,500,180
25989,2024-08-29,487,169
25990,2024-10-21,45,694
25991,2024-08-07,971,559
25992,2024-06-28,890,878
25993,2024-05-13,5,134
25994,2025-01-27,822,400
25995,2025-01-23,237,958
25996,2024-05-21,528,189
25997,2025-03-31,201,707
25998,2024-05-05,644,929
25999,2024-08-05,566,848
26000,2025-01-10,685,783
26001,2025-03-07,420,989
26002,2024-07-23,617,804
26003,2024-08-12,697,767
26004,2025-02-24,761,262
26005,2024-10-16,687,537
26006,2025-03-08,732,336
26007,2024-09-18,26,848
26008,2025-03-28,727,709
26009,2025-01-17,843,651
26010,2025-03-25,256,291
26011,2024-09-16,889,319
26012,2024-09-19,996,850
26013,2024-12-14,665,36
26014,2024-06-28,27,605
26015,2024-11-15,615,962
26016,2024-09-23,566,194
26017,2025-01-16,814,212
26018,2024-10-06,138,715
26019,2024-10-15,80,510
26020,2024-08-17,291,74
26021,2024-05-16,156,773
26022,2024-11-07,304,379
26023,2024-07-22,183,47
26024,2025-04-25,266,968
26025,2024-09-03,83,272
26026,2024-11-19,294,286
26027,2024-07-05,432,904
26028,2024-07-25,356,779
26029,2024-09-04,945,161
26030,2025-02-13,214,369
26031,2024-07-18,458,516
26032,2025-03-21,511,600
26033,2024-04-30,621,922
26034,2024-06-03,242,871
26035,2024-06-02,284,299
26036,2024-12-16,285,678
26037,2025-01-06,174,944
26038,2024-07-17,128,239
26039,2024-05-30,4,665
26040,2024-12-17,257,583
26041,2024-09-05,122,160
26042,2024-07-21,637,869
26043,2024-07-03,101,342
26044,2024-05-11,223,147
26045,2024-11-22,626,682
26046,2024-07-27,540,570
26047,2025-04-03,804,45
26048,2024-10-25,461,379
26049,2024-05-13,761,126
26050,2024-12-30,258,873
26051,2025-02-06,875,40
26052,2025-04-11,259,179
26053,2025-02-14,8,801
26054,2024-07-20,43,559
26055,2024-11-07,230,881
26056,2025-01-02,892,274
26057,2024-09-13,601,36
26058,2025-04-04,76,112
26059,2024-07-30,237,516
26060,2025-04-01,178,403
26061,2024-11-10,655,380
26062,2024-12-21,701,869
26063,2025-02-25,321,611
26064,2024-10-10,768,726
26065,2024-05-27,886,233
26066,2024-05-11,991,438
26067,2024-12-17,787,13
26068,2024-07-04,911,543
26069,2024-08-10,642,302
26070,2025-02-03,643,859
26071,2024-06-11,582,889
26072,2025-04-04,285,482
26073,2024-12-21,608,850
26074,2024-07-02,519,645
26075,2025-02-15,173,624
26076,2024-12-18,776,159
26077,2025-04-12,226,217
26078,2024-07-05,864,474
26079,2024-09-17,773,804
26080,2025-01-02,831,7
26081,2024-10-17,754,445
26082,2025-03-12,720,976
26083,2025-03-08,496,76
26084,2025-02-28,699,440
26085,2024-12-15,202,168
26086,2024-07-13,887,913
26087,2025-02-02,433,782
26088,2024-06-08,490,517
26089,2024-07-21,21,730
26090,2024-09-20,988,8
26091,2024-07-19,900,21
26092,2024-05-20,508,178
26093,2024-11-20,205,779
26094,2024-06-02,359,427
26095,2024-09-29,810,680
26096,2025-02-12,505,329
26097,2025-02-14,34,965
26098,2024-10-22,597,967
26099,2024-11-05,316,676
26100,2024-08-07,442,442
26101,2024-07-11,625,157
26102,2024-08-27,549,125
26103,2024-10-14,907,426
26104,2025-01-28,304,566
26105,2024-09-02,476,437
26106,2024-06-14,506,575
26107,2024-08-14,148,45
26108,2024-11-01,596,43
26109,2024-08-10,794,782
26110,2024-08-01,423,934
26111,2024-12-07,175,826
26112,2025-01-06,865,456
26113,2025-03-02,842,952
26114,2024-12-09,875,808
26115,2024-09-15,437,901
26116,2025-03-04,333,459
26117,2024-06-23,389,45
26118,2024-11-28,108,91
26119,2024-09-23,760,637
26120,2025-04-20,814,759
26121,2024-07-21,603,22
26122,2025-02-08,331,600
26123,2024-12-09,826,78
26124,2025-02-20,978,620
26125,2025-01-11,246,443
26126,2024-06-18,337,432
26127,2024-12-23,823,975
26128,2024-06-10,40,225
26129,2024-11-10,517,152
26130,2025-03-27,55,292
26131,2024-10-17,517,695
26132,2025-02-16,37,321
26133,2025-03-27,216,983
26134,2024-11-13,816,987
26135,2024-12-20,779,252
26136,2024-10-22,79,594
26137,2024-12-29,940,459
26138,2025-04-25,515,673
26139,2025-03-25,468,639
26140,2025-04-01,123,822
26141,2024-06-08,709,529
26142,2025-04-28,450,374
26143,2024-08-29,162,811
26144,2025-03-24,247,145
26145,2024-12-01,708,281
26146,2025-01-26,967,173
26147,2024-10-04,82,321
26148,2025-03-12,137,872
26149,2024-11-21,449,599
26150,2024-10-05,9,239
26151,2024-11-03,368,321
26152,2025-03-10,89,650
26153,2025-01-28,95,300
26154,2024-09-15,997,463
26155,2024-05-03,718,503
26156,2024-09-26,358,465
26157,2025-02-26,732,93
26158,2024-06-28,213,360
26159,2024-10-12,240,408
26160,2024-09-27,593,984
26161,2024-05-14,629,904
26162,2024-05-29,348,222
26163,2024-06-19,734,448
26164,2024-12-07,19,911
26165,2024-06-13,611,793
26166,2024-08-30,327,287
26167,2024-12-07,335,1
26168,2025-02-01,361,998
26169,2025-02-19,556,603
26170,2024-06-08,5,829
26171,2024-07-26,51,127
26172,2024-09-25,534,714
26173,2025-03-31,280,287
26174,2025-04-21,376,162
26175,2024-07-11,388,323
26176,2024-12-17,655,38
26177,2024-09-08,43,718
26178,2024-12-03,290,155
26179,2024-06-17,446,162
26180,2024-10-22,74,182
26181,2024-08-08,777,927
26182,2025-01-10,199,853
26183,2024-05-15,684,200
26184,2025-02-27,852,608
26185,2024-08-08,791,886
26186,2024-12-11,770,80
26187,2025-02-12,410,726
26188,2024-08-09,680,954
26189,2024-07-22,403,226
26190,2024-09-21,446,436
26191,2024-05-20,930,929
26192,2024-10-24,358,979
26193,2025-03-22,924,528
26194,2025-04-15,695,325
26195,2025-03-17,663,534
26196,2024-12-25,677,943
26197,2024-09-08,655,883
26198,2025-02-02,104,287
26199,2024-10-20,138,614
26200,2024-07-04,92,306
26201,2024-05-02,114,911
26202,2024-05-14,375,438
26203,2024-11-13,40,831
26204,2025-01-11,506,229
26205,2025-01-31,122,311
26206,2025-01-10,549,820
26207,2025-02-15,66,672
26208,2025-04-26,893,138
26209,2024-10-05,698,766
26210,2024-11-28,303,888
26211,2025-02-08,455,631
26212,2024-08-22,67,639
26213,2024-07-20,347,758
26214,2025-02-04,485,371
26215,2025-04-20,797,665
26216,2024-11-13,362,587
26217,2025-01-20,544,942
26218,2025-01-17,957,331
26219,2025-03-20,831,109
26220,2025-02-15,736,709
26221,2024-11-03,304,748
26222,2024-11-09,338,444
26223,2024-07-30,332,795
26224,2024-12-09,727,10
26225,2024-07-12,579,526
26226,2025-02-03,417,299
26227,2024-08-10,770,758
26228,2024-09-26,332,345
26229,2024-05-10,459,698
26230,2024-09-01,402,185
26231,2025-04-29,66,465
26232,2025-02-09,99,762
26233,2024-09-07,697,808
26234,2024-12-13,491,601
26235,2025-02-22,434,266
26236,2024-05-23,996,357
26237,2024-08-22,607,538
26238,2024-05-02,446,793
26239,2024-08-10,81,169
26240,2024-10-01,47,447
26241,2025-02-03,261,358
26242,2025-03-21,854,441
26243,2024-10-15,993,373
26244,2025-03-16,281,360
26245,2025-03-29,536,336
26246,2024-09-09,580,473
26247,2024-07-16,486,460
26248,2024-09-28,584,703
26249,2025-03-31,988,731
26250,2025-03-26,469,404
26251,2024-07-04,405,815
26252,2024-07-08,197,28
26253,2024-10-06,595,135
26254,2024-05-16,446,950
26255,2024-10-21,961,154
26256,2025-03-10,853,891
26257,2025-03-12,2,539
26258,2024-06-24,823,804
26259,2024-07-07,532,646
26260,2024-09-02,480,321
26261,2024-05-26,566,348
26262,2024-08-23,165,184
26263,2024-09-26,423,103
26264,2025-03-28,896,539
26265,2025-02-24,479,92
26266,2024-05-16,263,923
26267,2025-04-29,554,696
26268,2025-03-02,985,87
26269,2025-03-31,127,1
26270,2024-07-07,240,458
26271,2024-12-17,822,224
26272,2024-10-07,450,594
26273,2024-09-11,420,632
26274,2024-09-29,90,365
26275,2025-02-02,705,864
26276,2024-11-19,182,215
26277,2024-10-23,755,467
26278,2025-03-06,738,335
26279,2024-05-02,526,796
26280,2025-03-20,560,700
26281,2024-09-10,153,359
26282,2025-02-22,388,382
26283,2024-09-13,710,652
26284,2025-02-02,231,240
26285,2024-10-29,254,95
26286,2024-09-11,19,891
26287,2024-08-06,165,354
26288,2024-08-31,248,643
26289,2025-01-07,471,695
26290,2025-02-18,74,261
26291,2024-09-18,905,836
26292,2024-12-16,457,380
26293,2025-01-16,166,309
26294,2025-03-28,260,828
26295,2025-01-13,21,188
26296,2025-02-27,82,183
26297,2024-07-19,207,173
26298,2024-10-11,912,922
26299,2025-04-20,659,839
26300,2024-09-24,776,740
26301,2024-06-27,453,648
26302,2024-05-28,952,987
26303,2025-03-15,315,927
26304,2025-03-02,393,419
26305,2025-02-28,637,470
26306,2024-09-09,449,962
26307,2024-12-30,349,264
26308,2024-05-18,735,516
26309,2024-05-16,961,658
26310,2025-01-21,835,872
26311,2025-02-23,904,908
26312,2024-12-14,881,161
26313,2024-07-18,243,357
26314,2024-11-23,227,779
26315,2024-12-11,115,249
26316,2024-09-28,113,730
26317,2025-03-31,786,785
26318,2025-04-23,406,681
26319,2024-07-13,885,976
26320,2025-02-18,316,318
26321,2024-07-08,851,161
26322,2024-10-26,792,742
26323,2024-11-09,345,638
26324,2024-05-28,209,730
26325,2024-09-11,875,420
26326,2024-09-25,719,60
26327,2025-01-28,245,972
26328,2025-01-19,63,872
26329,2025-01-25,605,249
26330,2024-06-02,638,348
26331,2024-12-27,336,214
26332,2025-03-08,661,708
26333,2024-11-09,369,962
26334,2024-10-20,831,839
26335,2025-04-10,76,372
26336,2024-11-06,293,293
26337,2024-08-15,533,488
26338,2024-08-10,262,252
26339,2024-11-22,198,593
26340,2024-06-17,394,313
26341,2024-12-19,183,973
26342,2025-02-21,302,757
26343,2024-12-11,786,311
26344,2024-11-08,327,649
26345,2024-08-11,372,189
26346,2024-09-02,974,986
26347,2024-10-07,840,805
26348,2024-11-20,694,989
26349,2024-09-23,371,568
26350,2025-03-19,228,176
26351,2024-10-30,628,634
26352,2024-07-31,277,515
26353,2025-03-02,805,710
26354,2024-06-02,266,694
26355,2025-02-12,230,315
26356,2024-09-22,779,434
26357,2025-02-01,477,441
26358,2025-02-25,119,604
26359,2024-06-06,820,235
26360,2024-11-01,312,521
26361,2024-10-05,726,494
26362,2024-07-16,802,729
26363,2024-05-19,625,541
26364,2024-12-31,739,427
26365,2024-12-21,945,169
26366,2024-12-14,637,616
26367,2024-10-17,850,547
26368,2024-07-07,566,525
26369,2025-03-17,921,831
26370,2024-11-28,442,695
26371,2025-02-18,811,586
26372,2025-01-09,630,312
26373,2025-03-17,683,123
26374,2024-06-19,75,344
26375,2024-10-03,305,384
26376,2024-06-24,297,999
26377,2025-01-19,763,819
26378,2025-02-07,418,188
26379,2025-02-21,703,869
26380,2025-03-16,861,335
26381,2025-02-26,931,796
26382,2024-05-25,281,455
26383,2024-08-13,11,191
26384,2025-02-02,27,622
26385,2024-06-18,724,339
26386,2024-05-12,712,776
26387,2024-09-20,605,312
26388,2024-11-04,237,788
26389,2024-12-17,539,592
26390,2024-05-30,48,141
26391,2025-03-05,893,589
26392,2024-06-14,441,629
26393,2024-05-17,937,175
26394,2025-04-08,201,968
26395,2025-01-20,565,400
26396,2025-02-26,118,566
26397,2025-04-01,4,172
26398,2024-11-30,498,664
26399,2024-08-10,511,954
26400,2024-12-30,970,467
26401,2025-04-18,322,599
26402,2025-04-02,207,959
26403,2025-04-22,147,114
26404,2024-10-18,753,59
26405,2024-12-12,867,11
26406,2024-06-05,187,222
26407,2024-06-27,95,575
26408,2024-12-27,631,525
26409,2024-09-29,139,860
26410,2025-04-04,658,727
26411,2024-11-24,969,16
26412,2024-11-30,707,22
26413,2024-05-02,681,671
26414,2024-09-08,775,366
26415,2024-05-09,833,248
26416,2024-08-22,427,903
26417,2025-03-09,421,791
26418,2025-04-14,462,924
26419,2024-07-16,381,19
26420,2024-09-23,258,314
26421,2024-12-01,513,839
26422,2024-08-11,103,789
26423,2025-01-01,949,454
26424,2024-07-17,603,340
26425,2024-04-30,413,892
26426,2025-03-27,342,533
26427,2024-12-18,754,349
26428,2025-04-12,640,316
26429,2024-06-28,499,166
26430,2025-02-12,761,310
26431,2024-08-18,336,366
26432,2025-02-25,985,846
26433,2024-10-06,520,900
26434,2024-10-03,661,550
26435,2025-03-02,244,617
26436,2024-09-26,616,170
26437,2025-01-26,80,121
26438,2024-05-09,852,723
26439,2025-04-27,250,857
26440,2024-08-22,932,488
26441,2024-09-27,407,988
26442,2024-10-16,633,802
26443,2025-03-11,778,140
26444,2024-06-20,52,155
26445,2024-07-21,280,436
26446,2025-04-09,699,373
26447,2024-06-10,462,129
26448,2024-07-06,735,944
26449,2024-07-28,292,98
26450,2024-10-14,635,733
26451,2024-11-20,245,253
26452,2024-09-10,240,176
26453,2024-07-03,845,700
26454,2024-12-28,919,313
26455,2024-07-10,72,986
26456,2024-07-26,52,256
26457,2024-11-26,663,662
26458,2025-01-14,119,989
26459,2024-11-17,443,521
26460,2024-09-12,705,448
26461,2024-09-05,767,890
26462,2024-10-23,654,949
26463,2024-08-17,203,580
26464,2025-02-02,63,313
26465,2024-12-26,938,48
26466,2025-03-16,391,604
26467,2024-10-13,509,559
26468,2024-09-02,761,377
26469,2024-05-04,954,116
26470,2024-09-29,816,368
26471,2024-10-13,84,800
26472,2024-06-30,602,669
26473,2024-06-21,679,27
26474,2025-01-14,961,56
26475,2025-01-07,531,466
26476,2024-06-29,366,628
26477,2024-05-01,667,770
26478,2024-05-18,15,465
26479,2024-06-26,313,828
26480,2025-02-05,764,394
26481,2025-01-02,330,609
26482,2024-09-30,386,332
26483,2024-10-23,654,927
26484,2024-09-12,404,782
26485,2025-03-22,277,175
26486,2024-07-21,504,898
26487,2024-05-18,260,621
26488,2024-05-17,571,672
26489,2024-07-27,69,942
26490,2025-01-03,444,230
26491,2025-02-19,725,879
26492,2024-12-10,434,194
26493,2024-08-28,347,19
26494,2024-06-12,904,692
26495,2025-01-03,646,753
26496,2024-07-09,471,230
26497,2024-10-11,698,666
26498,2024-06-11,682,821
26499,2025-03-26,894,618
26500,2025-04-22,731,199
26501,2025-01-23,7,633
26502,2024-06-30,888,505
26503,2024-10-25,406,458
26504,2024-08-29,893,211
26505,2024-12-14,467,407
26506,2024-08-19,727,453
26507,2024-11-09,518,714
26508,2025-04-04,822,249
26509,2025-04-21,797,541
26510,2025-04-23,585,222
26511,2025-02-19,259,948
26512,2024-08-05,926,299
26513,2025-03-13,756,206
26514,2025-02-05,348,294
26515,2024-08-16,294,823
26516,2024-11-16,931,917
26517,2024-08-10,959,257
26518,2024-06-06,717,956
26519,2024-06-15,46,911
26520,2024-08-19,228,181
26521,2025-01-10,762,980
26522,2025-04-06,248,251
26523,2024-10-15,229,610
26524,2025-04-22,645,422
26525,2024-09-12,714,913
26526,2024-07-30,108,912
26527,2024-12-12,259,905
26528,2024-12-28,691,212
26529,2024-10-15,653,540
26530,2024-06-02,287,194
26531,2025-02-17,606,654
26532,2025-03-29,738,471
26533,2024-10-19,22,316
26534,2025-03-25,577,917
26535,2025-03-23,914,866
26536,2024-10-08,642,916
26537,2024-05-19,46,19
26538,2024-12-23,547,143
26539,2024-05-22,75,780
26540,2024-08-07,754,894
26541,2025-01-31,462,525
26542,2024-12-29,953,158
26543,2025-04-27,175,803
26544,2025-01-13,43,529
26545,2025-02-12,371,126
26546,2024-08-13,14,478
26547,2025-01-08,431,258
26548,2025-04-22,939,757
26549,2025-04-13,346,250
26550,2024-06-14,507,880
26551,2024-06-29,535,937
26552,2024-06-05,390,983
26553,2024-07-02,819,191
26554,2024-12-20,551,700
26555,2024-12-06,971,772
26556,2024-05-15,724,319
26557,2025-01-04,76,364
26558,2025-04-10,137,642
26559,2024-05-21,352,396
26560,2024-11-06,240,727
26561,2024-05-09,708,279
26562,2025-04-21,766,896
26563,2024-07-01,872,934
26564,2024-09-08,758,924
26565,2024-10-25,230,620
26566,2024-12-29,745,185
26567,2024-05-05,769,818
26568,2024-12-12,732,502
26569,2024-10-21,303,8
26570,2024-06-22,852,501
26571,2024-07-25,515,347
26572,2025-04-05,765,427
26573,2024-12-07,563,340
26574,2024-08-13,491,494
26575,2025-02-27,257,870
26576,2025-02-05,836,578
26577,2025-04-03,837,976
26578,2024-08-28,118,5
26579,2025-04-04,398,543
26580,2024-08-27,722,348
26581,2025-01-28,354,881
26582,2024-05-04,362,515
26583,2025-02-02,600,29
26584,2024-05-03,292,778
26585,2024-08-28,922,869
26586,2024-08-16,252,828
26587,2024-10-28,449,83
26588,2024-12-21,700,410
26589,2024-08-16,748,352
26590,2024-05-01,936,657
26591,2024-08-31,784,497
26592,2024-12-11,967,846
26593,2024-07-04,899,435
26594,2024-09-12,960,175
26595,2025-01-08,144,89
26596,2025-03-01,612,995
26597,2024-10-31,796,384
26598,2024-12-31,680,964
26599,2025-04-15,216,201
26600,2024-09-24,954,335
26601,2024-07-07,376,144
26602,2025-03-15,76,1
26603,2024-08-02,470,17
26604,2024-09-08,733,961
26605,2025-02-04,950,12
26606,2024-06-23,74,185
26607,2024-12-07,710,610
26608,2024-08-13,902,304
26609,2024-07-27,989,312
26610,2025-02-04,106,77
26611,2024-08-14,290,213
26612,2025-03-20,796,395
26613,2024-12-09,543,642
26614,2024-11-25,631,489
26615,2024-08-17,863,889
26616,2025-01-18,60,876
26617,2024-05-03,465,115
26618,2025-04-03,429,178
26619,2025-03-01,56,867
26620,2024-05-04,115,907
26621,2024-08-14,382,408
26622,2025-03-17,780,289
26623,2024-11-05,362,25
26624,2024-10-26,331,287
26625,2024-10-31,598,784
26626,2024-05-21,885,62
26627,2024-06-24,657,86
26628,2025-03-25,304,848
26629,2025-03-31,309,363
26630,2025-04-10,580,892
26631,2024-07-31,272,609
26632,2024-08-14,527,903
26633,2025-01-06,625,199
26634,2024-10-09,181,799
26635,2024-07-01,382,518
26636,2024-10-23,859,800
26637,2024-10-30,185,676
26638,2024-05-27,662,576
26639,2025-03-25,355,280
26640,2024-07-18,142,517
26641,2025-01-18,813,730
26642,2024-07-15,273,537
26643,2024-12-27,92,704
26644,2024-08-23,489,408
26645,2024-12-28,223,462
26646,2024-08-27,672,825
26647,2024-07-10,192,42
26648,2024-10-18,825,323
26649,2024-10-31,424,320
26650,2024-05-18,893,707
26651,2024-08-26,634,132
26652,2024-10-08,518,744
26653,2025-04-18,642,176
26654,2025-01-31,46,381
26655,2024-09-05,221,64
26656,2024-07-22,840,867
26657,2024-08-12,633,371
26658,2024-10-18,812,154
26659,2025-02-10,472,225
26660,2025-02-22,612,364
26661,2024-09-17,75,589
26662,2024-05-14,57,386
26663,2025-01-09,487,137
26664,2025-04-11,955,315
26665,2024-12-31,635,720
26666,2024-10-22,601,199
26667,2025-04-29,883,542
26668,2024-12-17,273,263
26669,2024-12-06,901,562
26670,2024-07-30,808,816
26671,2024-07-18,125,910
26672,2024-05-23,652,52
26673,2024-06-12,916,580
26674,2025-02-01,689,84
26675,2024-10-30,459,389
26676,2024-11-13,565,18
26677,2025-02-21,942,386
26678,2024-07-29,47,963
26679,2025-03-01,811,851
26680,2024-05-01,756,569
26681,2024-06-14,853,46
26682,2024-05-24,688,104
26683,2025-01-14,187,541
26684,2025-03-25,794,859
26685,2024-06-02,613,19
26686,2024-11-18,745,287
26687,2024-12-20,466,882
26688,2025-03-11,967,185
26689,2024-11-20,547,879
26690,2025-02-08,860,650
26691,2025-02-24,692,99
26692,2024-11-27,206,571
26693,2025-03-02,651,271
26694,2024-06-26,361,892
26695,2025-02-10,941,249
26696,2024-10-15,155,841
26697,2024-09-03,617,534
26698,2025-01-17,446,129
26699,2024-11-25,479,636
26700,2025-01-03,972,38
26701,2024-08-14,362,495
26702,2024-08-06,364,184
26703,2024-11-03,440,587
26704,2024-10-13,609,679
26705,2024-08-09,996,429
26706,2024-12-24,134,397
26707,2024-11-09,898,869
26708,2024-06-23,362,106
26709,2025-03-02,955,129
26710,2024-05-31,958,172
26711,2024-05-10,743,837
26712,2024-11-05,223,692
26713,2024-11-06,146,157
26714,2025-04-27,452,107
26715,2024-08-24,19,626
26716,2024-06-07,223,783
26717,2024-11-16,700,830
26718,2024-08-06,193,135
26719,2024-05-30,394,303
26720,2024-10-10,955,649
26721,2024-09-21,838,24
26722,2025-01-13,546,604
26723,2024-10-20,390,343
26724,2024-08-04,772,232
26725,2025-01-03,567,40
26726,2024-06-20,197,521
26727,2025-03-20,948,509
26728,2025-03-17,41,721
26729,2024-09-25,538,90
26730,2024-12-04,691,104
26731,2024-10-09,240,817
26732,2024-10-04,453,452
26733,2025-02-23,407,197
26734,2024-10-26,322,757
26735,2024-08-21,930,918
26736,2024-06-26,62,288
26737,2024-08-24,988,476
26738,2025-03-17,728,703
26739,2025-03-06,890,118
26740,2025-01-09,314,825
26741,2025-01-15,468,915
26742,2024-08-19,971,725
26743,2024-06-11,930,283
26744,2024-09-06,500,3
26745,2025-04-11,788,244
26746,2025-02-01,908,211
26747,2024-08-10,448,104
26748,2025-03-02,111,774
26749,2024-11-04,932,839
26750,2024-06-22,409,923
26751,2025-02-16,336,68
26752,2025-02-12,899,344
26753,2025-01-03,985,11
26754,2024-07-20,590,12
26755,2025-01-25,909,611
26756,2024-06-07,899,820
26757,2024-07-03,701,974
26758,2024-10-06,777,145
26759,2025-02-20,737,561
26760,2024-08-27,32,81
26761,2025-01-21,706,824
26762,2024-08-06,137,371
26763,2024-05-01,755,981
26764,2024-11-16,687,310
26765,2024-05-06,304,206
26766,2025-02-16,154,834
26767,2024-10-20,302,487
26768,2024-07-19,437,934
26769,2025-03-13,612,974
26770,2024-05-06,132,171
26771,2025-02-04,978,733
26772,2025-04-14,238,652
26773,2024-10-24,903,166
26774,2025-03-15,109,136
26775,2025-02-14,309,541
26776,2025-03-13,253,220
26777,2024-08-31,905,112
26778,2024-09-23,693,760
26779,2025-03-20,344,467
26780,2024-05-09,870,912
26781,2024-12-04,967,940
26782,2025-02-17,530,618
26783,2024-07-12,279,417
26784,2024-09-19,830,195
26785,2024-09-26,662,357
26786,2024-06-07,821,130
26787,2024-08-13,522,729
26788,2024-08-14,303,353
26789,2025-02-27,676,351
26790,2025-02-19,103,529
26791,2025-02-05,943,850
26792,2024-06-04,760,390
26793,2024-05-20,294,336
26794,2024-08-31,100,105
26795,2025-04-15,502,410
26796,2025-04-17,233,140
26797,2024-09-01,572,322
26798,2024-07-06,674,832
26799,2024-07-02,998,468
26800,2024-07-31,490,460
26801,2024-08-11,128,184
26802,2025-04-16,611,487
26803,2024-05-09,321,246
26804,2024-11-18,626,103
26805,2025-01-30,576,878
26806,2025-02-03,934,377
26807,2024-10-09,449,284
26808,2024-08-01,627,145
26809,2025-01-06,135,759
26810,2025-03-09,466,497
26811,2025-02-14,307,330
26812,2024-11-13,150,726
26813,2024-05-24,759,858
26814,2025-04-23,328,213
26815,2024-12-06,585,588
26816,2024-11-27,291,136
26817,2025-04-29,106,994
26818,2024-09-01,515,169
26819,2025-04-16,62,923
26820,2024-05-14,400,646
26821,2024-05-09,223,868
26822,2024-06-06,868,619
26823,2024-09-22,676,657
26824,2024-09-20,130,968
26825,2024-08-29,40,885
26826,2024-06-12,149,782
26827,2024-07-15,173,322
26828,2024-05-05,735,384
26829,2024-12-15,35,866
26830,2025-03-22,810,112
26831,2025-01-26,850,584
26832,2024-05-20,827,302
26833,2025-03-03,617,809
26834,2024-11-27,872,169
26835,2024-06-26,731,480
26836,2025-03-24,381,254
26837,2024-06-06,72,645
26838,2024-10-03,876,908
26839,2024-05-28,574,401
26840,2024-07-12,793,468
26841,2025-02-21,674,426
26842,2025-02-21,818,681
26843,2024-05-17,552,545
26844,2024-06-09,930,595
26845,2025-01-08,1000,815
26846,2024-05-21,234,24
26847,2024-09-23,827,242
26848,2024-12-01,57,986
26849,2025-03-09,103,514
26850,2025-01-13,601,249
26851,2025-01-05,46,115
26852,2024-06-10,377,757
26853,2025-01-17,174,132
26854,2024-07-01,15,478
26855,2024-09-14,535,922
26856,2024-12-03,641,690
26857,2024-05-19,579,241
26858,2025-04-06,634,634
26859,2024-08-17,710,373
26860,2025-03-19,717,939
26861,2024-12-21,82,86
26862,2024-08-25,386,834
26863,2024-10-04,462,233
26864,2025-02-11,871,873
26865,2024-12-04,241,211
26866,2024-11-29,89,282
26867,2024-05-31,743,160
26868,2025-04-29,84,290
26869,2024-11-19,70,961
26870,2024-07-03,500,254
26871,2024-10-26,968,186
26872,2024-05-27,223,634
26873,2024-11-04,109,67
26874,2025-01-30,467,446
26875,2024-08-12,522,995
26876,2024-12-15,572,260
26877,2025-01-19,733,927
26878,2025-02-07,240,934
26879,2024-08-04,58,947
26880,2025-04-28,278,373
26881,2024-12-21,59,379
26882,2025-01-23,449,743
26883,2024-10-04,265,411
26884,2024-07-24,998,691
26885,2024-10-19,461,810
26886,2024-09-04,48,784
26887,2025-01-10,102,446
26888,2024-10-03,606,427
26889,2024-12-22,606,769
26890,2024-07-15,516,783
26891,2024-05-13,563,450
26892,2024-05-12,940,47
26893,2025-04-17,405,181
26894,2024-08-01,563,181
26895,2024-06-15,858,144
26896,2025-01-04,940,429
26897,2024-05-22,331,411
26898,2024-07-29,259,332
26899,2024-09-27,377,771
26900,2025-01-10,919,206
26901,2025-02-11,742,420
26902,2024-06-06,840,9
26903,2024-07-24,550,498
26904,2025-01-14,512,14
26905,2024-10-21,983,603
26906,2025-01-14,339,82
26907,2024-11-30,745,486
26908,2025-01-03,574,303
26909,2024-06-10,851,101
26910,2024-06-19,629,12
26911,2024-06-17,821,354
26912,2024-08-10,289,103
26913,2024-08-22,923,459
26914,2024-06-28,177,403
26915,2024-10-16,86,988
26916,2024-06-20,458,493
26917,2024-10-03,263,369
26918,2024-08-02,969,49
26919,2025-01-25,267,473
26920,2024-08-24,54,774
26921,2024-09-21,476,900
26922,2024-06-12,66,117
26923,2025-04-01,399,694
26924,2025-04-27,937,202
26925,2024-08-25,75,217
26926,2024-10-11,568,559
26927,2024-06-18,501,532
26928,2024-09-11,853,349
26929,2025-01-30,336,893
26930,2024-05-30,557,30
26931,2024-08-18,452,747
26932,2025-04-28,484,534
26933,2024-09-21,69,5
26934,2024-11-04,614,261
26935,2024-06-27,735,486
26936,2024-10-30,272,34
26937,2024-07-09,684,771
26938,2024-08-06,697,409
26939,2024-11-13,331,894
26940,2024-08-13,865,232
26941,2024-06-28,434,28
26942,2025-03-16,195,369
26943,2024-06-01,277,946
26944,2024-06-30,830,920
26945,2024-06-26,451,79
26946,2024-08-22,984,626
26947,2024-09-06,824,107
26948,2025-04-13,863,194
26949,2025-02-09,83,962
26950,2024-12-21,954,314
26951,2025-02-25,714,814
26952,2024-10-20,957,135
26953,2024-10-24,510,308
26954,2024-10-22,388,878
26955,2025-01-27,175,281
26956,2024-12-30,412,109
26957,2024-10-30,519,759
26958,2025-04-05,570,114
26959,2025-03-24,811,738
26960,2025-02-17,343,670
26961,2025-02-19,629,189
26962,2024-07-23,325,520
26963,2024-10-18,770,602
26964,2024-07-21,831,482
26965,2024-05-07,186,605
26966,2024-05-24,524,934
26967,2024-07-16,421,48
26968,2024-07-13,308,935
26969,2024-11-20,685,709
26970,2024-07-01,800,203
26971,2024-06-06,610,848
26972,2025-01-02,297,732
26973,2025-02-09,636,485
26974,2025-04-14,235,203
26975,2025-02-16,909,665
26976,2025-01-20,67,274
26977,2024-07-22,986,832
26978,2025-02-08,190,397
26979,2024-10-29,339,409
26980,2025-02-23,62,459
26981,2025-02-10,489,899
26982,2024-08-22,961,817
26983,2024-09-22,211,200
26984,2024-05-01,808,52
26985,2024-06-27,106,987
26986,2025-03-26,420,348
26987,2025-03-05,604,310
26988,2024-11-08,314,730
26989,2024-12-22,19,272
26990,2024-11-26,197,839
26991,2025-04-22,23,675
26992,2024-09-30,663,466
26993,2025-02-02,299,994
26994,2024-06-27,105,686
26995,2025-02-22,105,286
26996,2024-09-28,651,202
26997,2025-01-27,313,240
26998,2024-12-15,853,219
26999,2024-11-02,404,168
27000,2024-10-13,70,978
27001,2025-04-21,6,443
27002,2024-09-26,46,548
27003,2024-05-16,763,739
27004,2024-10-12,354,297
27005,2024-12-30,272,40
27006,2024-12-14,147,657
27007,2025-03-18,565,485
27008,2025-04-21,456,788
27009,2024-10-15,848,313
27010,2025-02-10,666,401
27011,2024-07-05,872,763
27012,2024-08-30,552,130
27013,2024-11-16,282,906
27014,2025-04-20,139,696
27015,2024-12-12,570,99
27016,2024-08-05,369,40
27017,2025-03-05,678,303
27018,2024-08-06,897,951
27019,2024-11-09,639,916
27020,2025-01-13,677,682
27021,2024-07-05,140,204
27022,2025-02-04,741,479
27023,2024-10-28,633,473
27024,2024-12-19,893,680
27025,2024-10-30,164,783
27026,2024-08-20,826,783
27027,2024-10-24,103,178
27028,2025-04-13,289,663
27029,2024-06-29,112,720
27030,2025-02-20,778,808
27031,2025-02-28,743,816
27032,2024-06-04,983,372
27033,2025-03-30,826,512
27034,2024-09-11,568,154
27035,2025-04-09,234,173
27036,2024-12-01,410,997
27037,2024-11-28,849,68
27038,2025-02-02,154,439
27039,2024-10-26,150,873
27040,2024-09-01,157,406
27041,2024-12-18,523,872
27042,2024-11-02,262,284
27043,2024-09-01,606,805
27044,2024-12-28,768,216
27045,2025-03-02,995,41
27046,2025-04-14,64,658
27047,2025-03-30,404,960
27048,2024-12-04,495,327
27049,2024-07-01,885,51
27050,2024-07-11,619,526
27051,2025-04-08,881,225
27052,2024-10-18,519,595
27053,2025-03-24,578,174
27054,2024-11-15,872,244
27055,2024-12-22,750,738
27056,2024-08-30,528,285
27057,2024-12-07,78,606
27058,2024-07-11,704,224
27059,2024-07-22,561,531
27060,2024-06-16,205,249
27061,2024-10-18,770,260
27062,2024-11-15,19,784
27063,2025-01-09,177,306
27064,2024-05-30,165,236
27065,2025-04-03,828,982
27066,2025-04-13,152,819
27067,2024-05-10,803,882
27068,2025-03-10,302,452
27069,2025-02-16,435,199
27070,2024-10-21,573,506
27071,2024-11-05,893,513
27072,2024-08-18,22,678
27073,2024-10-14,66,566
27074,2025-04-09,50,436
27075,2024-08-20,733,130
27076,2024-10-03,971,57
27077,2025-04-28,205,994
27078,2024-08-19,233,23
27079,2025-03-28,442,271
27080,2025-01-15,421,66
27081,2024-09-27,475,198
27082,2025-02-11,412,432
27083,2024-06-04,976,731
27084,2025-03-30,328,274
27085,2025-02-08,684,810
27086,2025-03-20,61,827
27087,2024-05-05,778,115
27088,2025-03-18,815,60
27089,2024-12-17,268,140
27090,2024-12-31,729,320
27091,2024-05-09,771,251
27092,2024-11-06,43,339
27093,2024-09-23,164,192
27094,2024-08-28,266,501
27095,2025-01-01,884,187
27096,2025-03-18,57,59
27097,2024-08-19,797,384
27098,2024-12-03,808,662
27099,2024-05-07,368,678
27100,2024-12-13,866,829
27101,2024-04-30,761,318
27102,2024-05-13,313,207
27103,2025-02-26,55,624
27104,2024-10-25,648,826
27105,2025-04-27,146,6
27106,2025-03-29,319,449
27107,2024-12-25,617,114
27108,2024-06-11,736,728
27109,2024-11-11,853,852
27110,2024-10-13,8,64
27111,2024-11-09,56,865
27112,2024-08-19,616,373
27113,2024-05-06,244,180
27114,2024-09-18,372,33
27115,2024-11-30,387,379
27116,2024-07-18,129,523
27117,2024-10-08,239,311
27118,2024-08-06,947,953
27119,2024-07-21,985,314
27120,2025-03-21,461,928
27121,2025-03-12,775,893
27122,2024-11-24,844,11
27123,2024-07-28,689,88
27124,2025-03-04,447,578
27125,2024-06-27,594,663
27126,2025-02-08,200,567
27127,2024-07-03,817,682
27128,2024-09-04,74,17
27129,2024-12-09,946,334
27130,2024-07-04,817,304
27131,2024-09-17,898,316
27132,2025-02-04,266,210
27133,2024-11-15,183,178
27134,2024-09-23,166,798
27135,2024-09-12,95,758
27136,2024-10-12,413,27
27137,2025-02-11,266,413
27138,2024-07-05,827,99
27139,2024-08-16,480,661
27140,2024-08-25,98,920
27141,2025-02-27,869,601
27142,2024-08-07,309,545
27143,2024-06-18,694,423
27144,2025-03-23,304,773
27145,2024-08-16,278,660
27146,2024-05-05,340,706
27147,2024-06-27,608,605
27148,2024-06-07,641,853
27149,2024-05-11,894,588
27150,2025-04-03,63,856
27151,2025-02-26,425,567
27152,2025-04-29,459,169
27153,2024-12-06,965,876
27154,2024-12-31,7,90
27155,2024-05-29,183,467
27156,2025-04-20,77,685
27157,2024-09-07,580,433
27158,2025-01-06,846,951
27159,2024-10-02,176,184
27160,2024-09-30,953,265
27161,2024-11-28,255,993
27162,2024-07-16,109,389
27163,2025-04-11,627,984
27164,2024-08-30,547,641
27165,2024-08-26,483,495
27166,2024-11-05,62,843
27167,2024-11-13,923,988
27168,2025-02-05,865,163
27169,2025-04-17,816,652
27170,2024-11-10,115,988
27171,2024-08-31,167,374
27172,2024-07-25,159,79
27173,2024-08-17,280,700
27174,2024-08-18,271,38
27175,2025-04-23,518,489
27176,2024-08-21,450,907
27177,2024-05-31,349,243
27178,2024-05-07,95,11
27179,2025-04-19,644,423
27180,2024-12-07,515,512
27181,2024-11-11,806,636
27182,2024-11-22,697,178
27183,2024-08-27,706,683
27184,2024-12-12,633,882
27185,2025-04-20,500,342
27186,2024-11-18,470,635
27187,2024-08-04,174,215
27188,2024-11-22,53,433
27189,2025-01-19,555,775
27190,2024-10-18,810,374
27191,2025-01-11,56,229
27192,2024-06-22,630,135
27193,2024-07-06,2,138
27194,2024-11-18,47,40
27195,2025-01-22,689,466
27196,2025-01-06,679,809
27197,2024-05-22,534,557
27198,2025-04-18,936,989
27199,2024-08-06,208,147
27200,2024-07-24,877,523
27201,2024-12-15,200,476
27202,2025-03-09,974,430
27203,2025-03-05,137,116
27204,2024-08-16,456,928
27205,2024-12-20,883,283
27206,2024-05-05,46,658
27207,2025-02-09,940,401
27208,2024-10-28,470,585
27209,2024-07-08,932,117
27210,2024-07-22,364,118
27211,2024-08-15,743,712
27212,2024-12-22,290,994
27213,2024-05-10,209,618
27214,2025-03-22,922,651
27215,2025-04-16,830,494
27216,2025-03-12,732,841
27217,2025-02-13,345,157
27218,2025-04-28,128,352
27219,2025-01-28,702,521
27220,2025-03-05,863,663
27221,2025-03-18,703,941
27222,2024-07-22,552,853
27223,2024-11-25,460,775
27224,2024-09-26,657,850
27225,2024-06-21,535,363
27226,2024-11-19,384,425
27227,2024-06-01,590,557
27228,2024-10-20,232,907
27229,2025-01-22,863,834
27230,2024-08-05,666,318
27231,2024-12-10,206,646
27232,2025-01-05,69,762
27233,2025-03-02,836,151
27234,2025-01-21,955,641
27235,2025-01-01,349,378
27236,2024-11-21,504,282
27237,2024-10-03,418,969
27238,2025-02-08,554,11
27239,2024-08-21,642,187
27240,2024-07-12,937,588
27241,2024-07-22,803,520
27242,2024-12-30,2,996
27243,2024-12-04,642,763
27244,2024-10-21,675,354
27245,2024-05-24,190,668
27246,2024-07-02,793,974
27247,2024-06-20,945,392
27248,2024-05-11,526,607
27249,2024-08-28,551,970
27250,2025-02-26,447,70
27251,2025-02-08,858,1
27252,2024-06-24,765,717
27253,2024-11-19,924,197
27254,2025-01-28,431,280
27255,2024-12-15,622,336
27256,2024-07-24,893,424
27257,2024-12-09,568,217
27258,2025-02-11,250,422
27259,2025-02-27,325,317
27260,2024-07-19,493,376
27261,2024-11-19,979,454
27262,2024-05-06,385,312
27263,2025-03-15,623,961
27264,2025-02-04,40,666
27265,2025-01-08,721,230
27266,2024-11-29,763,539
27267,2024-07-06,503,964
27268,2024-09-15,974,287
27269,2024-07-25,748,766
27270,2024-12-23,419,315
27271,2025-03-21,955,130
27272,2025-01-17,633,42
27273,2024-06-21,64,741
27274,2025-02-01,649,411
27275,2025-04-15,863,858
27276,2024-12-07,555,446
27277,2024-11-23,715,66
27278,2025-03-10,38,481
27279,2025-01-05,266,572
27280,2024-05-18,703,983
27281,2024-09-11,229,939
27282,2024-08-24,667,436
27283,2024-10-05,74,876
27284,2024-11-16,272,647
27285,2025-04-16,187,723
27286,2024-09-13,423,144
27287,2024-08-18,939,367
27288,2024-09-12,600,369
27289,2025-02-25,787,73
27290,2024-06-10,593,592
27291,2025-04-28,152,397
27292,2025-03-06,107,636
27293,2024-10-05,973,621
27294,2024-09-08,611,934
27295,2024-07-06,17,952
27296,2024-12-16,222,1
27297,2025-02-06,31,184
27298,2025-04-30,532,585
27299,2024-12-10,445,557
27300,2024-12-31,737,367
27301,2024-11-06,458,890
27302,2024-06-09,16,51
27303,2025-04-13,121,11
27304,2024-05-07,126,598
27305,2024-10-23,86,467
27306,2025-03-19,382,980
27307,2025-04-03,692,892
27308,2024-09-25,297,575
27309,2025-04-26,299,941
27310,2025-01-19,438,609
27311,2024-07-27,99,743
27312,2024-10-18,390,392
27313,2025-04-18,276,83
27314,2024-09-05,522,919
27315,2025-04-02,469,525
27316,2025-02-09,284,637
27317,2024-10-26,366,323
27318,2025-01-25,901,938
27319,2024-05-17,22,504
27320,2024-09-29,152,428
27321,2025-01-27,358,281
27322,2024-06-24,829,588
27323,2024-11-20,318,356
27324,2024-10-11,550,91
27325,2024-06-08,487,336
27326,2024-08-20,176,947
27327,2025-02-11,797,931
27328,2024-06-05,936,530
27329,2024-10-02,244,161
27330,2024-07-14,334,168
27331,2025-02-19,674,595
27332,2025-02-08,441,250
27333,2024-10-18,6,704
27334,2024-05-10,980,914
27335,2024-11-17,958,661
27336,2024-09-30,538,692
27337,2024-08-11,686,277
27338,2024-07-01,772,845
27339,2024-06-06,337,144
27340,2025-04-05,219,180
27341,2024-08-28,995,908
27342,2025-03-01,532,266
27343,2024-05-15,600,741
27344,2024-06-14,417,762
27345,2025-03-26,213,831
27346,2024-06-25,284,577
27347,2025-04-10,688,1
27348,2024-11-04,102,513
27349,2025-01-18,892,534
27350,2025-02-06,766,13
27351,2024-08-18,81,935
27352,2025-03-06,791,16
27353,2025-02-21,439,644
27354,2024-06-14,596,266
27355,2024-06-09,455,451
27356,2024-11-27,305,647
27357,2024-08-30,158,99
27358,2024-09-17,401,958
27359,2024-12-03,703,708
27360,2024-06-12,558,443
27361,2024-05-23,191,816
27362,2024-07-11,56,645
27363,2024-08-07,330,899
27364,2025-04-23,821,167
27365,2025-02-06,857,154
27366,2024-12-08,735,597
27367,2025-02-21,904,354
27368,2025-01-18,753,151
27369,2024-10-05,673,203
27370,2024-11-21,558,784
27371,2025-03-21,788,970
27372,2024-06-05,793,324
27373,2024-09-02,293,147
27374,2024-07-14,766,187
27375,2024-06-05,149,9
27376,2024-08-18,863,227
27377,2024-11-20,164,394
27378,2024-08-28,202,837
27379,2025-02-25,752,925
27380,2024-09-03,767,378
27381,2024-12-10,897,679
27382,2024-10-16,895,772
27383,2025-03-11,145,389
27384,2024-11-17,765,953
27385,2024-05-20,607,779
27386,2025-04-24,967,429
27387,2024-08-03,28,385
27388,2025-04-17,369,318
27389,2025-02-05,305,801
27390,2024-10-23,791,13
27391,2024-12-09,242,834
27392,2025-03-15,458,387
27393,2025-04-22,446,147
27394,2024-09-15,139,130
27395,2024-11-06,282,661
27396,2024-07-21,496,594
27397,2025-01-29,484,964
27398,2024-06-02,486,973
27399,2024-11-10,164,906
27400,2024-06-13,72,502
27401,2024-09-06,724,89
27402,2025-01-16,390,618
27403,2025-04-13,660,650
27404,2024-08-19,485,799
27405,2024-09-19,650,292
27406,2025-04-09,778,799
27407,2024-06-04,710,971
27408,2025-04-05,417,224
27409,2024-05-17,355,348
27410,2024-10-14,34,651
27411,2025-04-02,679,508
27412,2025-04-13,269,591
27413,2025-02-15,663,698
27414,2024-07-13,834,281
27415,2024-07-18,872,143
27416,2024-08-06,596,118
27417,2025-03-16,499,889
27418,2024-12-16,98,897
27419,2024-08-08,227,716
27420,2024-10-26,261,75
27421,2025-03-16,290,597
27422,2024-12-22,155,662
27423,2025-04-30,584,470
27424,2024-07-27,593,528
27425,2025-02-26,570,421
27426,2024-12-30,997,479
27427,2024-11-11,43,598
27428,2025-01-21,741,134
27429,2024-09-17,899,919
27430,2025-03-18,213,890
27431,2024-06-19,520,674
27432,2024-09-03,624,830
27433,2024-11-18,378,379
27434,2024-11-15,119,914
27435,2024-05-28,95,728
27436,2025-01-08,541,936
27437,2024-11-01,709,989
27438,2024-10-16,736,489
27439,2024-07-08,999,611
27440,2024-06-29,36,963
27441,2024-11-01,76,711
27442,2024-08-06,122,731
27443,2025-01-29,275,19
27444,2025-03-11,205,609
27445,2025-03-29,382,259
27446,2024-07-08,226,486
27447,2024-06-25,19,227
27448,2024-05-14,632,429
27449,2025-02-06,425,424
27450,2025-02-10,23,420
27451,2025-04-05,848,70
27452,2024-08-15,259,288
27453,2025-03-30,646,376
27454,2025-01-05,51,149
27455,2024-11-08,139,884
27456,2024-11-08,873,274
27457,2025-02-18,223,748
27458,2025-03-16,986,820
27459,2024-07-31,110,942
27460,2024-12-23,470,725
27461,2025-03-27,691,600
27462,2025-01-08,359,309
27463,2024-05-18,822,393
27464,2024-08-06,221,903
27465,2024-12-06,593,721
27466,2024-12-20,830,51
27467,2024-09-28,967,52
27468,2024-11-18,98,419
27469,2024-07-11,472,758
27470,2024-07-09,845,899
27471,2025-01-28,82,911
27472,2025-03-20,982,427
27473,2024-12-03,4,451
27474,2024-10-28,49,311
27475,2024-06-01,799,557
27476,2024-11-24,568,456
27477,2025-04-12,106,784
27478,2024-07-13,210,646
27479,2025-02-03,727,445
27480,2024-05-08,243,293
27481,2024-12-07,656,705
27482,2024-12-24,781,71
27483,2024-08-28,233,417
27484,2025-01-18,89,982
27485,2024-06-22,387,877
27486,2024-08-29,103,540
27487,2024-11-21,692,747
27488,2025-03-25,835,316
27489,2024-10-13,155,57
27490,2024-09-14,606,278
27491,2025-03-03,165,327
27492,2024-12-10,146,1000
27493,2024-07-02,266,153
27494,2025-04-10,780,563
27495,2025-04-22,776,593
27496,2024-08-24,14,179
27497,2024-12-23,409,701
27498,2024-08-23,597,853
27499,2025-04-03,1,591
27500,2024-05-10,710,611
27501,2024-05-21,706,352
27502,2024-09-25,640,447
27503,2025-04-18,167,796
27504,2024-06-14,182,802
27505,2025-02-21,556,521
27506,2025-03-23,369,886
27507,2024-11-10,23,359
27508,2024-08-31,657,827
27509,2025-01-07,552,314
27510,2025-01-15,275,653
27511,2025-04-09,230,998
27512,2024-11-20,71,538
27513,2025-03-12,901,324
27514,2025-04-24,767,858
27515,2024-07-18,7,462
27516,2025-01-18,912,374
27517,2024-08-17,139,475
27518,2024-09-30,968,525
27519,2024-12-12,770,347
27520,2024-06-15,858,945
27521,2024-07-07,635,148
27522,2024-05-17,583,809
27523,2024-08-31,417,344
27524,2025-02-12,607,417
27525,2024-11-09,512,141
27526,2025-01-07,551,630
27527,2025-03-07,266,195
27528,2025-03-25,781,773
27529,2025-03-14,63,357
27530,2024-07-26,515,321
27531,2025-03-12,170,571
27532,2024-11-13,714,886
27533,2025-03-19,799,600
27534,2024-12-28,580,386
27535,2024-06-16,110,938
27536,2024-10-31,296,883
27537,2024-12-27,515,528
27538,2024-12-04,975,274
27539,2024-11-06,601,435
27540,2025-04-11,485,429
27541,2024-09-08,684,787
27542,2024-06-16,534,974
27543,2024-09-25,837,663
27544,2024-12-08,546,878
27545,2024-08-07,95,830
27546,2025-04-03,799,733
27547,2024-09-08,502,385
27548,2024-11-20,320,302
27549,2024-08-07,508,633
27550,2024-05-14,755,199
27551,2024-09-04,998,682
27552,2024-12-10,100,863
27553,2024-06-12,655,704
27554,2025-02-26,6,176
27555,2025-03-07,159,510
27556,2025-03-01,571,176
27557,2024-09-20,342,60
27558,2024-08-20,504,224
27559,2025-03-09,64,235
27560,2024-08-25,890,879
27561,2024-08-25,411,766
27562,2024-08-11,86,943
27563,2024-07-04,432,392
27564,2024-09-25,620,609
27565,2024-06-22,324,949
27566,2024-05-27,781,27
27567,2024-11-15,985,136
27568,2024-09-25,713,503
27569,2024-12-18,141,324
27570,2025-02-10,179,52
27571,2024-10-14,2,867
27572,2025-01-27,408,172
27573,2024-10-31,18,538
27574,2024-10-09,642,770
27575,2024-07-18,292,43
27576,2024-05-08,865,749
27577,2025-04-27,734,838
27578,2025-02-01,533,631
27579,2024-11-04,291,985
27580,2024-08-03,617,787
27581,2025-01-21,611,9
27582,2024-06-24,933,884
27583,2025-02-12,769,505
27584,2024-06-15,8,808
27585,2024-07-08,523,521
27586,2024-10-17,667,555
27587,2025-03-14,90,263
27588,2024-06-15,795,673
27589,2024-07-24,483,937
27590,2025-03-28,614,852
27591,2025-03-12,182,902
27592,2024-11-05,240,731
27593,2024-09-11,375,672
27594,2024-10-03,146,658
27595,2025-03-30,268,352
27596,2025-04-18,803,673
27597,2025-01-13,724,687
27598,2024-12-18,943,8
27599,2025-03-16,404,871
27600,2024-12-11,503,214
27601,2024-12-10,201,425
27602,2024-11-30,397,607
27603,2024-07-08,618,104
27604,2024-06-30,704,716
27605,2025-02-04,893,522
27606,2025-04-23,233,83
27607,2025-01-22,434,701
27608,2024-12-22,62,977
27609,2024-08-28,252,937
27610,2024-10-20,564,137
27611,2024-06-25,310,443
27612,2024-07-02,355,933
27613,2024-05-11,417,674
27614,2024-09-19,815,270
27615,2024-09-05,744,369
27616,2025-03-25,816,571
27617,2025-01-02,111,827
27618,2024-06-14,59,985
27619,2024-07-02,756,235
27620,2024-09-24,863,716
27621,2024-06-06,283,138
27622,2024-08-31,851,430
27623,2025-04-15,324,716
27624,2024-07-05,5,505
27625,2025-03-08,106,889
27626,2024-08-05,156,349
27627,2025-03-05,461,282
27628,2024-11-06,189,368
27629,2025-04-18,737,132
27630,2024-11-19,157,938
27631,2024-11-11,231,780
27632,2024-10-12,743,256
27633,2025-02-19,156,631
27634,2024-08-04,672,673
27635,2025-01-22,131,502
27636,2025-02-16,263,414
27637,2024-11-06,131,525
27638,2024-08-21,492,737
27639,2024-12-08,228,617
27640,2024-09-21,673,158
27641,2024-09-02,539,49
27642,2025-03-15,732,143
27643,2024-06-26,538,145
27644,2024-07-05,691,218
27645,2024-08-11,457,581
27646,2025-01-03,146,392
27647,2024-09-25,584,460
27648,2024-08-19,631,776
27649,2025-02-02,573,998
27650,2024-07-01,92,318
27651,2025-03-09,554,591
27652,2025-02-22,414,847
27653,2024-05-01,794,660
27654,2024-10-22,457,536
27655,2024-07-17,772,176
27656,2024-11-05,452,406
27657,2024-10-22,801,480
27658,2024-08-16,926,332
27659,2024-05-14,122,592
27660,2024-12-04,12,261
27661,2024-11-01,650,191
27662,2025-02-28,117,357
27663,2025-02-24,1000,423
27664,2025-01-05,647,485
27665,2024-11-08,547,450
27666,2024-12-02,726,358
27667,2024-10-30,390,787
27668,2025-02-23,275,370
27669,2025-02-16,929,401
27670,2024-12-01,993,580
27671,2024-09-06,607,313
27672,2025-02-17,167,787
27673,2024-10-20,249,512
27674,2024-07-24,617,586
27675,2025-02-11,489,780
27676,2025-03-17,284,376
27677,2024-11-01,196,720
27678,2025-03-04,473,676
27679,2024-06-28,388,120
27680,2025-01-11,312,745
27681,2024-10-26,362,987
27682,2024-11-13,824,792
27683,2024-07-08,438,408
27684,2025-02-01,255,373
27685,2025-04-13,611,331
27686,2024-09-19,465,443
27687,2024-05-20,634,859
27688,2024-10-03,839,105
27689,2025-04-29,396,519
27690,2025-01-22,571,921
27691,2024-06-24,757,308
27692,2025-01-20,718,881
27693,2024-12-26,374,987
27694,2024-08-14,424,517
27695,2024-07-03,525,307
27696,2024-11-07,896,125
27697,2024-11-07,670,613
27698,2024-05-25,283,999
27699,2024-08-12,27,650
27700,2024-11-13,54,420
27701,2024-10-06,960,176
27702,2024-12-22,525,770
27703,2024-12-07,633,200
27704,2025-03-25,452,972
27705,2024-11-17,977,86
27706,2024-07-19,167,391
27707,2025-01-25,647,205
27708,2024-12-03,37,590
27709,2024-10-27,332,121
27710,2024-08-02,915,807
27711,2025-03-18,914,164
27712,2024-07-13,738,892
27713,2024-07-08,63,375
27714,2025-02-16,901,887
27715,2024-08-27,442,212
27716,2024-04-30,272,357
27717,2024-11-19,758,819
27718,2024-09-15,363,989
27719,2024-12-18,242,51
27720,2025-03-08,9,772
27721,2024-08-18,585,442
27722,2024-06-22,852,630
27723,2024-05-26,448,787
27724,2025-02-23,584,525
27725,2024-07-04,799,735
27726,2025-01-19,226,861
27727,2024-09-26,850,41
27728,2024-05-18,745,963
27729,2024-10-02,234,249
27730,2025-01-02,917,846
27731,2025-03-04,751,612
27732,2025-01-14,247,686
27733,2025-03-14,938,771
27734,2025-01-25,127,771
27735,2024-12-01,884,432
27736,2024-06-18,921,166
27737,2024-05-30,577,448
27738,2024-07-31,105,35
27739,2025-04-16,967,964
27740,2024-06-08,867,852
27741,2024-09-27,182,617
27742,2024-12-29,736,667
27743,2024-08-08,626,637
27744,2024-10-30,740,233
27745,2024-09-04,875,79
27746,2025-01-08,717,727
27747,2024-12-07,231,589
27748,2024-05-18,412,992
27749,2025-03-01,52,585
27750,2024-10-30,870,612
27751,2024-12-03,746,276
27752,2025-03-19,395,736
27753,2024-05-26,719,842
27754,2025-03-13,450,386
27755,2025-04-11,996,168
27756,2024-09-09,505,748
27757,2025-02-27,508,470
27758,2025-02-23,132,226
27759,2024-11-27,556,780
27760,2024-06-03,470,30
27761,2024-11-16,262,397
27762,2024-12-09,648,18
27763,2024-06-23,5,112
27764,2024-12-20,1,58
27765,2024-11-12,547,395
27766,2024-07-06,590,367
27767,2025-04-16,243,267
27768,2024-11-01,640,347
27769,2024-10-05,33,594
27770,2024-12-28,436,715
27771,2024-07-02,47,7
27772,2024-07-06,574,334
27773,2024-09-24,223,278
27774,2024-11-04,926,500
27775,2024-10-09,655,113
27776,2024-12-20,8,255
27777,2024-11-23,591,710
27778,2025-01-30,737,100
27779,2025-02-08,355,9
27780,2024-11-25,972,550
27781,2025-01-01,825,881
27782,2025-04-13,807,106
27783,2024-06-11,657,148
27784,2024-08-31,433,603
27785,2025-01-03,476,389
27786,2025-04-27,932,295
27787,2025-01-31,973,382
27788,2024-11-10,754,154
27789,2024-07-28,358,37
27790,2024-08-20,408,83
27791,2024-10-20,17,516
27792,2024-07-09,857,260
27793,2024-06-07,148,32
27794,2024-12-13,399,166
27795,2024-09-11,511,413
27796,2024-09-21,980,603
27797,2024-09-20,87,961
27798,2025-03-16,926,929
27799,2024-06-17,923,618
27800,2024-07-10,775,135
27801,2025-01-21,111,264
27802,2025-02-12,953,43
27803,2024-09-12,587,392
27804,2025-01-18,216,849
27805,2024-07-15,566,810
27806,2024-09-14,838,855
27807,2025-01-23,445,617
27808,2025-01-09,895,978
27809,2025-01-13,972,624
27810,2024-06-30,127,488
27811,2025-04-08,721,645
27812,2024-12-09,182,99
27813,2024-06-28,156,176
27814,2025-02-17,587,844
27815,2025-01-25,819,497
27816,2025-01-09,287,369
27817,2024-08-10,480,213
27818,2025-03-03,331,831
27819,2024-07-28,802,150
27820,2024-09-09,239,796
27821,2025-04-15,31,242
27822,2024-10-07,494,650
27823,2024-07-13,173,265
27824,2024-05-25,993,588
27825,2024-07-31,606,736
27826,2024-12-15,889,164
27827,2025-01-20,483,507
27828,2024-08-23,767,854
27829,2024-09-25,913,58
27830,2024-11-07,680,604
27831,2024-05-23,608,230
27832,2024-11-23,656,824
27833,2024-08-31,184,983
27834,2025-04-15,68,97
27835,2024-09-02,214,260
27836,2024-12-26,622,199
27837,2024-10-24,306,922
27838,2025-03-08,3,970
27839,2024-10-15,581,494
27840,2024-05-29,657,972
27841,2025-02-13,315,363
27842,2025-04-20,119,614
27843,2025-03-09,865,507
27844,2024-09-21,575,985
27845,2024-09-17,865,678
27846,2025-04-20,543,93
27847,2024-12-26,620,424
27848,2025-03-26,1000,449
27849,2025-02-05,686,490
27850,2025-02-23,772,181
27851,2025-01-12,867,932
27852,2025-04-30,487,189
27853,2025-01-13,273,146
27854,2024-11-05,958,269
27855,2025-01-08,353,443
27856,2025-03-27,994,149
27857,2024-11-11,440,9
27858,2024-06-14,963,163
27859,2024-08-04,426,490
27860,2024-11-07,884,486
27861,2024-12-02,816,674
27862,2025-02-23,877,406
27863,2024-11-19,784,125
27864,2025-04-11,664,287
27865,2024-09-15,695,498
27866,2024-06-13,96,698
27867,2024-06-19,2,925
27868,2024-07-31,782,213
27869,2024-07-25,676,297
27870,2025-04-20,359,606
27871,2024-09-20,117,491
27872,2025-04-21,399,476
27873,2024-05-08,188,222
27874,2025-03-31,401,900
27875,2024-05-27,477,709
27876,2025-02-17,202,350
27877,2024-06-26,750,220
27878,2024-09-15,508,294
27879,2024-07-18,553,92
27880,2024-12-03,86,432
27881,2025-03-22,374,409
27882,2024-06-25,360,556
27883,2024-06-19,113,119
27884,2024-05-15,167,510
27885,2024-07-11,275,981
27886,2025-03-03,654,32
27887,2025-02-14,617,965
27888,2025-01-12,486,676
27889,2025-04-22,793,986
27890,2024-07-27,895,188
27891,2025-04-05,937,503
27892,2024-07-15,692,290
27893,2025-03-22,590,433
27894,2025-02-27,390,457
27895,2024-07-02,55,284
27896,2025-03-24,669,907
27897,2025-01-31,730,695
27898,2024-07-04,652,826
27899,2024-09-14,639,797
27900,2025-02-20,699,447
27901,2024-09-17,657,807
27902,2024-11-24,991,979
27903,2024-12-26,552,125
27904,2025-04-08,726,128
27905,2025-01-03,381,430
27906,2024-05-26,758,820
27907,2024-12-08,431,905
27908,2025-01-03,784,18
27909,2025-03-25,134,996
27910,2024-08-14,919,149
27911,2024-08-27,785,674
27912,2024-08-06,432,114
27913,2025-03-15,114,979
27914,2024-05-30,601,375
27915,2024-07-26,11,829
27916,2024-10-11,233,765
27917,2024-12-06,233,26
27918,2024-07-10,82,782
27919,2024-11-18,782,388
27920,2025-02-20,525,866
27921,2024-08-25,443,398
27922,2025-02-17,805,532
27923,2024-06-17,880,855
27924,2025-01-22,391,393
27925,2024-08-20,247,735
27926,2024-08-08,68,43
27927,2024-08-04,947,31
27928,2025-03-12,398,640
27929,2024-09-17,633,278
27930,2024-12-15,777,702
27931,2025-01-18,573,43
27932,2024-11-25,796,95
27933,2024-12-18,470,688
27934,2024-05-14,232,150
27935,2024-09-21,119,481
27936,2024-10-10,81,593
27937,2024-08-16,244,825
27938,2024-10-29,604,447
27939,2025-03-17,184,657
27940,2024-12-09,231,57
27941,2025-04-17,636,126
27942,2024-10-02,269,155
27943,2025-04-23,611,227
27944,2024-05-02,638,199
27945,2024-08-05,170,839
27946,2024-07-08,737,27
27947,2024-08-28,625,390
27948,2024-08-09,110,947
27949,2024-08-30,848,469
27950,2025-04-18,961,273
27951,2024-09-02,232,874
27952,2024-12-14,812,47
27953,2024-09-26,570,136
27954,2025-01-29,333,451
27955,2024-07-02,759,27
27956,2024-06-10,660,694
27957,2025-02-17,478,98
27958,2024-08-12,277,478
27959,2025-02-06,548,744
27960,2024-09-05,429,700
27961,2024-10-05,571,999
27962,2025-01-26,502,796
27963,2025-03-22,716,691
27964,2024-12-03,149,638
27965,2025-01-01,157,1000
27966,2025-03-18,87,560
27967,2024-08-07,212,975
27968,2024-11-22,122,285
27969,2025-02-21,338,336
27970,2024-05-08,430,427
27971,2024-06-03,871,999
27972,2024-05-11,382,388
27973,2024-08-06,77,313
27974,2025-01-12,254,452
27975,2024-12-08,459,247
27976,2025-03-05,373,205
27977,2024-06-02,877,575
27978,2024-06-24,577,955
27979,2024-06-05,797,163
27980,2025-01-20,690,59
27981,2025-01-01,38,684
27982,2024-07-06,492,504
27983,2024-12-14,24,650
27984,2024-11-19,681,879
27985,2024-11-18,390,488
27986,2024-07-11,75,344
27987,2024-12-29,158,567
27988,2024-11-11,888,857
27989,2025-01-07,351,191
27990,2024-06-28,659,36
27991,2024-09-02,955,656
27992,2024-11-23,614,402
27993,2024-07-04,674,183
27994,2024-09-16,623,260
27995,2025-02-22,203,517
27996,2024-05-06,238,512
27997,2024-08-06,370,164
27998,2025-01-11,662,110
27999,2025-03-22,785,271
28000,2024-10-20,478,113
28001,2025-02-17,215,681
28002,2024-11-08,863,760
28003,2025-04-30,439,783
28004,2024-11-09,396,580
28005,2025-03-12,632,738
28006,2024-10-11,703,794
28007,2025-04-14,956,403
28008,2024-12-31,848,337
28009,2024-09-27,496,726
28010,2024-07-06,436,438
28011,2024-06-29,877,812
28012,2024-11-23,16,54
28013,2025-01-29,638,461
28014,2024-12-25,563,335
28015,2024-09-19,829,785
28016,2024-09-30,187,107
28017,2024-06-07,189,502
28018,2024-08-19,255,115
28019,2024-06-22,831,422
28020,2025-02-28,334,755
28021,2025-04-24,591,429
28022,2025-01-07,278,908
28023,2024-06-27,154,820
28024,2025-04-14,646,263
28025,2024-10-03,799,418
28026,2024-05-29,705,203
28027,2024-05-28,599,976
28028,2024-07-07,481,730
28029,2025-03-19,559,272
28030,2024-07-15,462,39
28031,2024-10-04,993,433
28032,2024-12-11,580,23
28033,2024-07-02,17,767
28034,2024-08-09,274,100
28035,2024-05-23,1000,798
28036,2024-07-11,501,687
28037,2024-07-04,959,915
28038,2024-12-16,991,85
28039,2024-05-17,672,532
28040,2024-12-07,682,231
28041,2024-12-20,859,587
28042,2024-09-28,46,886
28043,2024-08-08,286,891
28044,2024-08-19,654,273
28045,2024-07-20,943,898
28046,2024-09-13,735,362
28047,2024-05-30,609,628
28048,2024-09-28,35,703
28049,2024-07-20,107,86
28050,2024-09-11,566,21
28051,2024-11-14,720,675
28052,2024-07-21,215,378
28053,2024-07-29,822,528
28054,2024-07-07,893,658
28055,2024-07-29,339,500
28056,2024-09-19,476,503
28057,2024-11-20,296,370
28058,2024-12-10,601,326
28059,2024-08-19,785,865
28060,2025-04-29,755,812
28061,2024-12-18,469,786
28062,2025-04-09,506,320
28063,2025-04-22,86,577
28064,2024-11-21,559,58
28065,2024-09-10,487,53
28066,2024-06-16,998,786
28067,2024-08-06,151,566
28068,2025-04-27,845,513
28069,2024-10-11,194,662
28070,2024-09-16,980,281
28071,2024-07-11,607,676
28072,2024-07-21,711,42
28073,2024-07-03,467,644
28074,2024-10-06,427,684
28075,2024-07-15,964,115
28076,2024-08-27,859,603
28077,2024-10-16,744,163
28078,2025-04-21,730,122
28079,2025-04-13,556,453
28080,2024-09-29,464,709
28081,2024-09-17,796,763
28082,2024-07-01,585,314
28083,2024-11-14,98,928
28084,2024-07-08,417,506
28085,2025-02-03,581,908
28086,2024-12-02,224,445
28087,2024-08-20,782,381
28088,2024-06-02,347,782
28089,2024-09-11,208,2
28090,2025-01-06,100,299
28091,2025-03-10,241,822
28092,2025-04-27,557,757
28093,2025-02-13,435,225
28094,2025-03-18,463,323
28095,2025-01-30,846,400
28096,2025-04-13,682,848
28097,2024-09-14,867,470
28098,2024-10-15,893,650
28099,2024-09-12,24,15
28100,2024-12-29,984,794
28101,2024-07-03,342,268
28102,2025-01-12,996,831
28103,2025-01-14,936,847
28104,2025-04-21,58,855
28105,2024-07-06,752,294
28106,2024-07-29,242,878
28107,2025-02-19,130,958
28108,2024-08-03,283,249
28109,2024-08-25,836,413
28110,2025-03-17,395,42
28111,2025-01-27,987,43
28112,2024-06-21,677,63
28113,2024-05-03,327,890
28114,2024-09-07,284,951
28115,2025-03-16,182,396
28116,2024-06-21,405,161
28117,2025-03-26,203,813
28118,2025-03-04,29,838
28119,2024-09-24,232,267
28120,2024-05-05,416,57
28121,2024-05-15,177,283
28122,2025-03-09,874,148
28123,2024-11-26,92,439
28124,2024-08-04,863,994
28125,2024-12-27,634,36
28126,2024-12-01,284,741
28127,2024-09-27,206,218
28128,2025-01-03,512,638
28129,2024-08-15,924,566
28130,2024-11-26,112,306
28131,2024-10-22,753,853
28132,2024-10-08,314,942
28133,2024-09-11,252,56
28134,2024-05-02,130,404
28135,2024-11-13,353,275
28136,2025-04-02,75,783
28137,2025-02-20,639,175
28138,2024-07-24,388,669
28139,2024-05-29,216,562
28140,2024-12-13,81,461
28141,2024-11-14,775,751
28142,2024-07-25,575,31
28143,2024-10-21,617,839
28144,2025-01-05,211,496
28145,2024-06-05,569,624
28146,2025-04-04,395,401
28147,2025-04-05,755,665
28148,2025-03-22,682,715
28149,2024-05-07,13,58
28150,2024-10-31,176,210
28151,2025-04-23,412,99
28152,2024-06-19,193,839
28153,2025-01-06,852,846
28154,2025-04-07,654,769
28155,2025-03-12,501,77
28156,2024-07-28,977,306
28157,2024-08-11,715,230
28158,2024-11-17,724,514
28159,2024-08-08,809,115
28160,2024-08-02,37,58
28161,2024-12-14,363,172
28162,2024-06-26,308,791
28163,2024-12-20,680,226
28164,2024-05-10,362,974
28165,2024-09-25,915,791
28166,2025-04-12,611,882
28167,2024-09-21,348,382
28168,2025-04-22,259,741
28169,2025-04-23,508,47
28170,2024-06-28,181,159
28171,2024-09-28,841,87
28172,2025-02-26,306,736
28173,2025-01-27,443,636
28174,2024-05-31,932,254
28175,2025-01-23,821,151
28176,2024-06-11,284,460
28177,2024-06-03,735,320
28178,2024-09-13,17,643
28179,2024-05-11,909,913
28180,2024-05-03,467,606
28181,2024-06-14,926,509
28182,2025-04-10,28,741
28183,2024-05-31,693,434
28184,2024-05-20,37,551
28185,2024-11-14,219,967
28186,2025-03-23,858,208
28187,2024-06-11,308,21
28188,2024-11-10,152,117
28189,2024-06-27,722,800
28190,2025-04-18,449,896
28191,2025-02-19,427,477
28192,2024-06-27,965,292
28193,2024-12-27,4,746
28194,2024-12-25,68,284
28195,2024-06-17,366,413
28196,2025-04-13,808,6
28197,2024-10-24,463,447
28198,2024-11-14,227,634
28199,2024-06-09,47,352
28200,2025-02-24,572,246
28201,2025-04-10,167,727
28202,2024-11-09,2,234
28203,2024-05-29,174,387
28204,2024-12-04,280,518
28205,2024-05-21,99,62
28206,2024-05-09,201,143
28207,2024-09-12,632,750
28208,2024-10-30,784,642
28209,2025-01-31,465,618
28210,2024-09-19,370,471
28211,2024-07-23,303,65
28212,2025-01-02,981,660
28213,2024-10-31,325,85
28214,2024-08-25,690,501
28215,2024-06-20,791,217
28216,2024-07-26,847,865
28217,2024-12-18,104,844
28218,2024-09-13,442,656
28219,2024-07-09,625,776
28220,2024-05-28,430,392
28221,2024-09-13,434,961
28222,2025-01-03,708,255
28223,2024-05-23,199,432
28224,2025-03-23,689,368
28225,2024-05-13,170,439
28226,2024-05-09,181,264
28227,2025-02-16,416,386
28228,2024-09-18,238,587
28229,2025-04-17,558,799
28230,2024-11-27,468,480
28231,2024-08-27,909,840
28232,2024-10-01,582,135
28233,2024-12-19,672,342
28234,2024-10-16,102,545
28235,2024-11-23,228,226
28236,2025-02-14,314,972
28237,2024-11-27,724,341
28238,2024-05-22,973,326
28239,2025-03-21,903,388
28240,2024-11-02,563,977
28241,2024-12-28,252,921
28242,2025-04-27,372,602
28243,2024-05-02,895,874
28244,2024-07-24,20,411
28245,2024-12-12,751,725
28246,2025-02-23,926,31
28247,2025-04-26,641,77
28248,2024-11-04,637,276
28249,2024-11-15,739,845
28250,2024-11-12,413,556
28251,2025-02-24,161,325
28252,2025-02-28,911,298
28253,2024-07-22,780,672
28254,2024-12-14,134,352
28255,2024-10-23,92,171
28256,2025-02-06,110,508
28257,2024-12-19,723,487
28258,2025-01-11,657,106
28259,2025-03-23,5,602
28260,2024-09-16,266,614
28261,2025-04-13,678,783
28262,2024-12-29,339,666
28263,2024-07-07,752,591
28264,2025-04-02,174,391
28265,2024-12-02,589,229
28266,2025-01-22,596,122
28267,2024-12-22,412,369
28268,2024-10-22,916,50
28269,2025-01-24,147,948
28270,2024-06-11,898,970
28271,2025-03-18,161,300
28272,2024-06-17,141,431
28273,2024-11-28,932,890
28274,2025-01-16,158,570
28275,2024-08-06,198,644
28276,2024-08-31,771,425
28277,2024-09-24,283,607
28278,2025-02-27,177,40
28279,2025-03-20,8,130
28280,2025-02-19,588,93
28281,2024-08-25,723,124
28282,2024-07-12,756,256
28283,2025-03-12,942,876
28284,2024-08-25,275,668
28285,2024-11-15,104,390
28286,2024-08-27,536,388
28287,2025-01-24,524,197
28288,2024-12-30,869,84
28289,2025-02-10,136,587
28290,2025-03-01,93,966
28291,2024-09-07,452,50
28292,2024-08-17,486,899
28293,2024-09-16,951,598
28294,2024-08-06,145,349
28295,2024-08-21,101,476
28296,2024-06-02,308,754
28297,2025-03-22,204,527
28298,2024-11-29,992,589
28299,2024-10-22,269,112
28300,2025-01-30,623,528
28301,2024-05-31,514,201
28302,2024-06-11,455,641
28303,2024-08-31,978,772
28304,2025-04-27,496,944
28305,2024-11-19,963,895
28306,2024-05-18,212,844
28307,2024-09-27,711,94
28308,2025-04-02,700,658
28309,2025-01-22,367,7
28310,2025-03-01,202,976
28311,2024-11-24,394,976
28312,2024-06-14,624,616
28313,2024-08-17,423,838
28314,2025-01-16,161,68
28315,2024-07-16,92,22
28316,2024-11-23,483,930
28317,2024-10-18,454,283
28318,2024-10-28,390,167
28319,2024-07-29,631,186
28320,2024-08-28,71,303
28321,2025-02-13,205,125
28322,2024-12-20,376,779
28323,2024-09-03,743,962
28324,2024-12-20,530,147
28325,2024-07-16,85,353
28326,2025-02-28,692,155
28327,2025-01-05,938,519
28328,2024-11-07,858,932
28329,2025-02-03,520,624
28330,2024-07-04,257,991
28331,2024-10-11,359,550
28332,2024-07-16,630,179
28333,2024-09-27,525,394
28334,2025-01-30,417,267
28335,2025-02-08,615,603
28336,2024-06-25,826,298
28337,2024-07-15,238,679
28338,2025-01-09,376,355
28339,2025-04-18,779,795
28340,2025-02-03,428,855
28341,2025-04-30,729,267
28342,2025-02-07,848,76
28343,2024-12-07,522,756
28344,2024-06-15,894,601
28345,2025-04-16,798,460
28346,2025-03-08,69,217
28347,2024-08-27,501,71
28348,2024-06-11,643,30
28349,2024-11-03,430,216
28350,2024-11-01,591,151
28351,2024-08-16,268,795
28352,2024-11-21,97,674
28353,2024-09-18,917,47
28354,2024-08-10,382,334
28355,2024-10-30,599,50
28356,2025-04-18,380,75
28357,2024-09-26,571,879
28358,2025-03-18,61,527
28359,2024-06-17,486,389
28360,2024-11-01,113,44
28361,2025-03-24,535,618
28362,2025-04-05,530,115
28363,2025-03-23,326,405
28364,2025-03-29,77,543
28365,2024-10-07,762,697
28366,2025-03-31,295,59
28367,2024-11-03,540,216
28368,2024-10-12,886,950
28369,2024-08-01,450,19
28370,2024-08-22,710,86
28371,2025-01-18,974,932
28372,2024-11-24,409,974
28373,2024-10-28,711,241
28374,2024-11-15,926,696
28375,2024-05-27,295,946
28376,2025-04-20,140,722
28377,2024-12-15,296,616
28378,2025-01-16,740,708
28379,2024-06-09,141,483
28380,2025-04-27,618,447
28381,2025-03-05,609,692
28382,2024-10-22,120,592
28383,2024-06-10,560,715
28384,2024-07-14,13,994
28385,2024-11-22,572,889
28386,2024-08-31,38,848
28387,2024-06-04,838,304
28388,2025-04-11,939,658
28389,2024-07-01,97,421
28390,2024-10-23,79,544
28391,2024-11-20,278,735
28392,2025-02-28,864,963
28393,2025-01-12,482,692
28394,2025-02-17,741,310
28395,2025-01-01,144,950
28396,2025-02-14,95,754
28397,2024-11-24,90,408
28398,2024-11-25,222,339
28399,2024-05-14,875,498
28400,2024-12-05,808,99
28401,2024-12-19,840,272
28402,2024-09-27,102,416
28403,2024-05-05,46,433
28404,2025-01-07,281,190
28405,2024-12-21,849,597
28406,2024-05-03,947,577
28407,2024-11-06,295,706
28408,2025-01-06,71,401
28409,2024-12-30,630,586
28410,2024-12-14,234,132
28411,2024-12-07,246,937
28412,2024-12-17,678,835
28413,2024-10-28,223,774
28414,2024-05-24,55,899
28415,2025-02-11,415,509
28416,2024-05-26,513,28
28417,2024-08-01,654,531
28418,2024-05-19,624,762
28419,2025-03-11,971,885
28420,2025-02-20,821,633
28421,2025-01-16,875,704
28422,2025-02-11,549,618
28423,2025-01-30,905,219
28424,2025-02-15,599,435
28425,2025-04-20,780,926
28426,2025-04-20,18,509
28427,2024-06-15,896,65
28428,2024-12-08,960,813
28429,2024-09-29,823,722
28430,2025-04-09,904,886
28431,2025-02-24,106,236
28432,2024-08-04,399,768
28433,2024-09-05,379,235
28434,2024-10-19,552,642
28435,2024-09-15,932,671
28436,2025-03-30,22,870
28437,2024-05-16,926,705
28438,2025-03-06,635,99
28439,2025-01-16,59,96
28440,2025-04-20,734,676
28441,2024-08-14,846,918
28442,2024-06-15,958,936
28443,2024-07-10,583,320
28444,2025-03-30,42,544
28445,2025-01-10,544,402
28446,2024-10-22,468,968
28447,2024-07-12,556,678
28448,2024-08-15,258,315
28449,2024-07-25,843,978
28450,2024-05-06,441,83
28451,2024-12-11,684,946
28452,2024-06-21,609,869
28453,2024-07-04,118,280
28454,2024-12-06,875,571
28455,2024-07-07,126,317
28456,2024-08-21,963,596
28457,2025-02-28,385,293
28458,2024-09-04,236,457
28459,2025-04-27,450,808
28460,2024-09-27,557,938
28461,2025-03-03,690,699
28462,2025-04-11,599,578
28463,2025-03-25,371,16
28464,2024-05-03,660,374
28465,2025-03-14,159,566
28466,2024-05-01,925,585
28467,2024-05-23,290,768
28468,2024-05-23,403,504
28469,2024-11-22,297,362
28470,2024-12-25,89,63
28471,2024-09-20,874,420
28472,2024-09-12,420,766
28473,2025-04-05,920,82
28474,2024-07-08,684,27
28475,2024-11-10,636,854
28476,2025-01-06,297,184
28477,2025-04-09,424,337
28478,2025-04-04,50,844
28479,2024-10-12,195,188
28480,2024-12-03,747,741
28481,2025-01-18,770,847
28482,2024-10-07,644,65
28483,2024-05-18,238,623
28484,2025-01-02,117,876
28485,2024-05-08,745,738
28486,2024-12-15,874,230
28487,2024-11-14,224,282
28488,2024-05-28,927,938
28489,2025-04-04,22,989
28490,2025-03-02,377,650
28491,2024-10-30,556,770
28492,2024-12-13,108,528
28493,2024-05-28,626,441
28494,2024-08-17,788,897
28495,2025-04-14,52,972
28496,2025-03-18,918,615
28497,2025-02-03,247,849
28498,2024-10-08,123,568
28499,2024-12-12,549,247
28500,2024-12-25,299,532
28501,2024-12-01,188,782
28502,2025-01-06,773,788
28503,2025-01-02,208,328
28504,2025-01-26,866,758
28505,2024-06-28,391,971
28506,2025-02-20,506,324
28507,2024-08-09,567,833
28508,2024-10-13,292,982
28509,2024-05-12,929,619
28510,2025-03-10,123,414
28511,2024-09-03,671,858
28512,2024-06-22,200,134
28513,2024-07-27,810,86
28514,2025-02-15,357,721
28515,2025-02-10,28,793
28516,2025-04-14,941,851
28517,2024-05-18,117,976
28518,2024-10-29,767,340
28519,2025-01-27,564,562
28520,2025-04-08,659,364
28521,2025-03-15,527,836
28522,2025-03-14,696,822
28523,2024-12-31,853,123
28524,2025-04-02,154,86
28525,2024-09-01,375,732
28526,2024-08-17,294,126
28527,2025-02-21,524,670
28528,2025-03-21,478,539
28529,2025-03-06,793,693
28530,2024-10-06,684,368
28531,2024-12-18,444,632
28532,2024-07-22,962,215
28533,2025-01-06,477,504
28534,2024-12-28,273,667
28535,2024-11-26,404,198
28536,2024-07-21,367,36
28537,2025-01-04,536,662
28538,2025-03-14,173,548
28539,2024-05-11,901,513
28540,2024-10-15,781,831
28541,2024-09-11,372,149
28542,2025-02-11,241,898
28543,2025-01-12,244,66
28544,2024-08-01,621,964
28545,2025-04-20,142,679
28546,2025-03-21,753,86
28547,2025-04-23,787,485
28548,2024-12-14,80,815
28549,2024-08-14,307,935
28550,2024-11-02,295,949
28551,2024-12-14,784,219
28552,2025-01-03,9,422
28553,2024-12-03,143,89
28554,2025-03-26,20,554
28555,2025-03-24,210,637
28556,2024-09-10,388,362
28557,2024-12-08,504,6
28558,2024-07-26,396,923
28559,2024-08-28,137,258
28560,2025-01-15,858,599
28561,2024-05-20,254,169
28562,2024-12-06,245,55
28563,2024-12-22,182,143
28564,2024-09-26,927,16
28565,2024-09-23,755,591
28566,2024-11-08,257,281
28567,2025-02-20,430,995
28568,2024-09-13,335,114
28569,2024-07-03,948,454
28570,2024-11-28,855,629
28571,2025-02-16,600,398
28572,2024-08-06,51,198
28573,2025-01-14,618,290
28574,2025-03-19,820,234
28575,2025-02-27,96,852
28576,2024-05-16,905,598
28577,2025-01-17,512,786
28578,2024-06-24,291,980
28579,2024-10-19,853,679
28580,2024-12-18,891,306
28581,2024-09-11,543,740
28582,2024-07-09,786,319
28583,2024-07-02,731,780
28584,2025-04-30,823,252
28585,2025-04-29,975,762
28586,2024-09-23,598,365
28587,2024-06-29,88,938
28588,2024-12-04,666,9
28589,2025-03-23,95,425
28590,2024-09-29,627,690
28591,2025-04-01,53,607
28592,2024-05-14,806,895
28593,2025-01-21,636,832
28594,2025-03-30,568,349
28595,2025-03-07,919,540
28596,2025-04-25,738,488
28597,2024-12-13,153,446
28598,2024-05-14,723,392
28599,2025-03-17,78,490
28600,2024-09-09,989,224
28601,2024-12-01,78,102
28602,2025-02-14,964,840
28603,2024-05-17,6,337
28604,2025-03-31,735,621
28605,2025-04-07,665,775
28606,2024-10-05,910,344
28607,2025-04-04,334,703
28608,2025-01-22,822,736
28609,2025-04-14,79,287
28610,2025-02-06,114,866
28611,2025-04-12,143,592
28612,2024-05-12,13,871
28613,2025-03-05,687,376
28614,2024-08-13,382,775
28615,2024-08-16,286,386
28616,2024-05-23,501,958
28617,2025-01-20,711,88
28618,2024-07-21,612,364
28619,2024-08-31,717,116
28620,2024-05-05,353,745
28621,2025-04-21,890,556
28622,2025-01-09,880,787
28623,2024-10-15,715,748
28624,2024-12-08,101,688
28625,2024-07-11,922,176
28626,2024-12-10,492,185
28627,2024-05-19,238,637
28628,2024-09-18,790,560
28629,2024-12-02,143,406
28630,2024-11-08,668,943
28631,2024-07-24,300,898
28632,2024-12-30,276,985
28633,2024-11-04,423,387
28634,2024-08-16,174,947
28635,2025-01-11,659,960
28636,2024-07-02,225,749
28637,2024-08-16,281,94
28638,2025-04-18,486,338
28639,2025-04-25,173,606
28640,2024-10-30,871,481
28641,2025-03-23,609,489
28642,2024-08-23,416,545
28643,2024-09-03,524,138
28644,2024-08-01,667,6
28645,2024-12-16,64,852
28646,2024-07-28,856,813
28647,2024-05-30,58,525
28648,2024-11-15,502,410
28649,2024-05-01,462,919
28650,2024-05-08,895,369
28651,2024-09-29,127,610
28652,2024-09-29,971,300
28653,2025-04-17,586,323
28654,2025-03-11,482,255
28655,2024-06-04,825,216
28656,2024-05-24,951,707
28657,2024-10-09,899,290
28658,2024-12-17,814,987
28659,2024-07-14,756,356
28660,2025-02-10,495,946
28661,2025-01-11,727,102
28662,2025-01-27,571,807
28663,2024-12-26,288,474
28664,2025-02-05,462,666
28665,2024-11-20,30,549
28666,2025-01-22,130,579
28667,2024-10-21,31,785
28668,2024-08-08,457,788
28669,2024-12-08,695,975
28670,2024-12-16,926,153
28671,2024-09-01,368,585
28672,2024-07-27,340,91
28673,2025-02-14,181,16
28674,2024-09-30,630,621
28675,2024-06-01,785,888
28676,2024-06-13,799,47
28677,2024-07-21,873,663
28678,2025-01-08,715,712
28679,2024-05-03,132,235
28680,2024-09-18,857,478
28681,2024-08-01,444,452
28682,2024-06-01,394,1
28683,2024-08-26,320,161
28684,2024-11-27,316,22
28685,2024-11-13,435,848
28686,2024-05-29,985,609
28687,2024-10-09,176,932
28688,2024-11-06,2,383
28689,2025-02-27,514,159
28690,2024-06-15,756,27
28691,2024-11-26,226,126
28692,2024-09-03,28,608
28693,2025-02-17,115,257
28694,2024-11-23,544,616
28695,2024-06-12,794,714
28696,2024-09-07,793,531
28697,2025-03-04,906,771
28698,2024-11-25,56,638
28699,2025-01-31,958,310
28700,2024-12-10,408,536
28701,2024-09-01,448,741
28702,2024-08-02,689,7
28703,2024-05-26,892,778
28704,2025-03-12,873,59
28705,2024-07-01,285,656
28706,2024-11-02,344,537
28707,2024-10-12,986,270
28708,2024-09-24,152,348
28709,2024-05-23,893,673
28710,2024-09-23,337,634
28711,2025-02-17,741,152
28712,2024-07-16,370,699
28713,2025-02-04,680,904
28714,2025-04-17,835,943
28715,2024-08-23,13,556
28716,2025-04-14,735,26
28717,2025-03-20,622,683
28718,2024-06-18,353,730
28719,2025-04-28,754,32
28720,2025-01-23,668,539
28721,2025-02-06,46,253
28722,2024-09-15,365,208
28723,2025-02-18,138,610
28724,2024-12-23,507,667
28725,2024-08-29,577,832
28726,2024-06-05,679,285
28727,2025-02-01,428,138
28728,2024-08-24,899,132
28729,2025-02-22,189,820
28730,2025-03-13,26,894
28731,2024-07-04,845,483
28732,2024-10-10,690,674
28733,2025-01-31,637,309
28734,2024-09-01,177,683
28735,2025-01-31,971,893
28736,2024-09-21,487,687
28737,2024-08-01,489,810
28738,2024-05-12,300,488
28739,2024-09-21,520,932
28740,2025-04-03,418,615
28741,2025-02-19,81,945
28742,2025-01-08,985,989
28743,2025-03-27,811,988
28744,2025-03-23,793,762
28745,2024-06-28,925,954
28746,2024-07-09,38,890
28747,2024-12-13,802,512
28748,2025-01-29,308,544
28749,2024-09-15,553,789
28750,2025-04-22,302,971
28751,2024-10-25,184,617
28752,2025-01-16,420,765
28753,2025-01-08,691,257
28754,2025-01-14,43,653
28755,2024-09-29,412,317
28756,2025-01-08,728,384
28757,2024-11-13,768,897
28758,2025-03-29,486,221
28759,2024-05-25,15,981
28760,2024-11-25,869,692
28761,2025-04-04,884,911
28762,2024-11-24,77,74
28763,2024-06-13,504,435
28764,2025-03-21,525,539
28765,2025-02-16,200,71
28766,2024-05-03,388,107
28767,2024-08-15,813,741
28768,2024-09-14,64,835
28769,2024-06-20,681,46
28770,2025-03-24,125,172
28771,2024-05-01,524,590
28772,2025-03-13,195,633
28773,2024-12-14,954,229
28774,2024-09-30,571,414
28775,2024-06-28,743,621
28776,2024-10-06,802,270
28777,2024-06-28,555,115
28778,2024-09-24,11,409
28779,2024-11-18,766,632
28780,2024-12-29,609,400
28781,2024-12-09,391,954
28782,2024-08-01,10,7
28783,2024-09-24,429,913
28784,2025-04-18,259,343
28785,2024-07-26,119,719
28786,2024-07-02,879,731
28787,2024-11-19,990,133
28788,2024-12-07,4,316
28789,2025-03-31,752,816
28790,2025-04-13,916,314
28791,2025-01-11,840,199
28792,2024-08-25,495,540
28793,2024-06-18,302,954
28794,2024-12-21,511,666
28795,2025-04-03,659,109
28796,2024-09-19,7,774
28797,2024-11-09,270,304
28798,2024-05-15,806,15
28799,2024-12-23,355,809
28800,2024-11-18,84,795
28801,2024-06-11,691,965
28802,2025-03-11,120,346
28803,2024-06-29,334,931
28804,2025-04-06,440,975
28805,2024-05-25,751,272
28806,2024-06-28,737,498
28807,2025-01-13,898,645
28808,2025-01-08,624,330
28809,2024-06-26,406,176
28810,2024-09-02,100,408
28811,2024-06-29,933,707
28812,2024-05-24,993,952
28813,2025-02-06,848,594
28814,2024-11-29,936,257
28815,2024-12-10,881,583
28816,2024-12-05,451,165
28817,2024-07-25,696,716
28818,2025-04-17,27,763
28819,2024-11-15,551,962
28820,2024-06-19,928,141
28821,2024-06-01,524,151
28822,2024-11-08,345,165
28823,2024-07-06,306,758
28824,2025-01-01,17,254
28825,2024-11-30,984,846
28826,2025-01-12,131,201
28827,2025-04-05,224,488
28828,2024-08-09,528,700
28829,2024-08-21,306,552
28830,2024-05-11,170,386
28831,2025-02-17,800,710
28832,2024-09-27,765,4
28833,2024-08-25,831,924
28834,2024-10-08,634,196
28835,2025-03-23,398,490
28836,2025-01-04,713,347
28837,2024-12-09,53,920
28838,2024-12-18,129,566
28839,2024-12-13,207,520
28840,2025-04-08,30,638
28841,2024-08-11,803,776
28842,2025-01-31,280,501
28843,2024-12-01,953,217
28844,2025-01-12,533,11
28845,2024-05-17,853,978
28846,2024-07-04,443,266
28847,2025-03-20,387,354
28848,2024-06-01,337,677
28849,2024-07-12,751,275
28850,2024-05-12,363,577
28851,2024-08-30,135,363
28852,2024-07-18,260,115
28853,2024-05-02,773,513
28854,2025-03-17,320,649
28855,2025-04-07,924,111
28856,2024-12-26,246,220
28857,2024-07-09,32,226
28858,2025-04-27,553,832
28859,2024-06-20,649,901
28860,2024-07-10,362,63
28861,2024-11-09,637,570
28862,2025-02-28,676,882
28863,2024-05-06,521,711
28864,2025-02-09,709,434
28865,2025-04-19,964,425
28866,2025-01-17,811,120
28867,2024-07-09,327,339
28868,2024-07-28,411,183
28869,2025-01-05,118,442
28870,2024-07-27,427,204
28871,2024-06-09,710,338
28872,2024-11-04,86,960
28873,2024-06-26,223,184
28874,2024-11-03,649,905
28875,2025-04-19,341,924
28876,2024-05-03,690,375
28877,2024-05-23,922,107
28878,2024-08-05,6,691
28879,2024-11-06,607,129
28880,2025-04-05,161,75
28881,2024-11-29,970,232
28882,2024-11-02,937,991
28883,2025-04-18,69,974
28884,2024-12-04,795,4
28885,2025-03-13,251,624
28886,2024-11-10,279,966
28887,2025-02-07,198,155
28888,2024-10-09,407,309
28889,2024-06-15,676,49
28890,2025-02-05,644,924
28891,2024-05-25,742,487
28892,2024-10-14,485,347
28893,2024-07-04,716,170
28894,2024-12-10,427,513
28895,2025-03-11,487,39
28896,2024-06-18,554,176
28897,2025-02-12,332,678
28898,2024-10-05,626,891
28899,2025-02-26,717,988
28900,2025-02-18,115,382
28901,2025-04-07,620,919
28902,2025-03-04,714,124
28903,2025-01-07,362,913
28904,2024-06-14,907,898
28905,2024-05-04,945,902
28906,2025-01-05,348,673
28907,2025-04-29,952,152
28908,2024-08-15,808,34
28909,2024-11-26,500,472
28910,2024-09-18,220,645
28911,2025-01-21,557,317
28912,2025-04-03,106,31
28913,2024-10-29,176,402
28914,2024-12-16,797,156
28915,2024-05-01,949,441
28916,2024-08-14,334,714
28917,2025-04-05,437,476
28918,2024-11-26,880,621
28919,2025-04-10,507,723
28920,2024-08-07,181,119
28921,2024-09-21,703,12
28922,2024-05-09,213,767
28923,2025-01-11,314,220
28924,2025-01-29,572,676
28925,2025-03-27,893,566
28926,2024-06-04,750,884
28927,2025-01-16,473,593
28928,2024-07-27,747,90
28929,2024-05-12,888,115
28930,2025-02-26,140,909
28931,2025-01-07,995,294
28932,2025-04-04,336,617
28933,2024-11-03,588,400
28934,2024-06-07,908,549
28935,2024-08-05,68,834
28936,2025-04-29,241,704
28937,2025-03-02,718,751
28938,2025-03-18,94,49
28939,2024-12-28,174,596
28940,2024-12-30,411,187
28941,2024-06-04,771,598
28942,2024-09-10,26,829
28943,2024-06-05,8,513
28944,2024-09-01,82,697
28945,2024-05-22,788,417
28946,2025-03-05,396,352
28947,2025-03-19,717,835
28948,2024-06-17,293,650
28949,2025-03-02,642,823
28950,2024-09-20,366,535
28951,2024-12-10,172,824
28952,2024-06-05,990,349
28953,2025-01-21,418,970
28954,2025-02-20,643,34
28955,2024-08-17,450,982
28956,2024-10-12,444,184
28957,2025-04-03,819,139
28958,2024-08-23,917,408
28959,2024-09-29,98,711
28960,2024-07-02,94,399
28961,2024-07-20,662,769
28962,2025-02-01,363,546
28963,2024-05-10,365,631
28964,2025-04-23,585,483
28965,2024-06-09,800,599
28966,2024-11-06,692,556
28967,2025-04-24,337,668
28968,2024-05-01,805,935
28969,2024-07-21,320,87
28970,2024-05-28,830,367
28971,2025-04-06,610,643
28972,2024-08-04,792,836
28973,2025-04-03,678,797
28974,2025-04-11,826,969
28975,2025-03-12,753,756
28976,2024-05-11,26,205
28977,2024-06-04,161,883
28978,2024-11-12,497,448
28979,2024-07-10,572,655
28980,2025-03-10,720,811
28981,2024-10-27,64,942
28982,2024-10-10,251,323
28983,2024-09-10,400,23
28984,2024-11-12,903,686
28985,2025-01-07,382,702
28986,2024-12-29,410,884
28987,2024-06-08,415,406
28988,2024-07-04,863,625
28989,2024-12-30,183,936
28990,2024-06-27,192,901
28991,2024-11-17,68,34
28992,2024-09-11,483,276
28993,2025-03-05,139,876
28994,2025-03-01,479,875
28995,2025-02-22,447,73
28996,2025-03-12,766,54
28997,2025-03-02,199,718
28998,2025-01-31,321,250
28999,2024-11-06,64,764
29000,2024-08-02,509,328
29001,2024-05-18,967,799
29002,2025-04-17,309,96
29003,2024-11-02,683,950
29004,2024-05-17,379,579
29005,2025-01-14,865,107
29006,2024-09-02,547,350
29007,2024-12-09,779,846
29008,2025-01-01,619,428
29009,2024-11-12,409,469
29010,2024-08-27,340,593
29011,2025-03-09,99,638
29012,2024-12-30,445,62
29013,2024-06-14,126,468
29014,2024-11-10,182,359
29015,2025-01-03,170,863
29016,2024-10-12,512,649
29017,2024-09-06,677,856
29018,2025-02-10,701,521
29019,2025-04-30,431,430
29020,2024-07-09,420,986
29021,2024-05-01,964,900
29022,2025-01-31,972,555
29023,2025-03-26,565,577
29024,2025-03-15,550,567
29025,2025-01-10,707,111
29026,2024-10-29,767,987
29027,2025-03-17,413,497
29028,2024-08-02,728,622
29029,2024-12-18,64,226
29030,2025-02-01,750,207
29031,2025-01-12,872,298
29032,2024-07-16,433,184
29033,2024-08-21,963,718
29034,2024-10-13,880,200
29035,2024-06-08,707,573
29036,2024-08-16,812,802
29037,2024-07-09,355,668
29038,2024-07-07,463,584
29039,2025-02-16,69,550
29040,2024-11-10,953,752
29041,2024-08-23,265,319
29042,2025-04-23,555,720
29043,2024-11-18,65,80
29044,2025-03-20,185,626
29045,2024-06-23,991,219
29046,2024-07-28,884,986
29047,2025-03-04,443,289
29048,2025-04-17,682,672
29049,2025-03-20,457,942
29050,2025-01-05,121,948
29051,2024-10-10,771,645
29052,2024-12-23,839,853
29053,2024-09-25,235,917
29054,2024-10-29,977,74
29055,2025-03-19,74,73
29056,2024-07-07,84,166
29057,2025-03-04,514,369
29058,2025-01-27,27,315
29059,2024-06-21,707,634
29060,2025-01-14,320,37
29061,2024-07-08,788,638
29062,2024-07-17,757,175
29063,2024-11-09,599,358
29064,2024-08-18,831,448
29065,2025-02-24,27,237
29066,2024-05-03,934,715
29067,2024-07-27,139,655
29068,2025-02-12,45,217
29069,2024-09-13,494,534
29070,2024-05-25,635,276
29071,2024-06-01,860,873
29072,2024-07-20,118,950
29073,2024-12-15,100,712
29074,2024-10-18,571,174
29075,2024-10-06,158,557
29076,2024-10-08,684,647
29077,2024-05-15,242,692
29078,2024-08-03,360,294
29079,2024-09-09,395,769
29080,2024-06-16,614,741
29081,2024-08-05,802,118
29082,2024-09-05,328,812
29083,2024-10-22,249,334
29084,2024-07-15,667,867
29085,2024-10-26,418,999
29086,2024-10-12,805,735
29087,2025-01-15,689,783
29088,2025-02-09,278,655
29089,2025-02-13,361,314
29090,2025-04-27,133,374
29091,2024-11-24,277,269
29092,2024-11-20,82,83
29093,2024-11-28,892,978
29094,2025-03-02,632,612
29095,2024-05-24,386,478
29096,2025-02-09,78,856
29097,2024-12-11,672,902
29098,2025-02-28,856,842
29099,2024-05-30,350,222
29100,2024-12-16,669,279
29101,2024-12-22,742,399
29102,2024-11-08,323,619
29103,2024-07-28,304,470
29104,2025-04-30,660,494
29105,2024-12-03,963,579
29106,2024-08-18,464,7
29107,2024-05-18,445,579
29108,2024-12-03,974,849
29109,2024-07-24,322,556
29110,2025-02-18,305,672
29111,2024-12-19,876,346
29112,2025-03-30,652,455
29113,2025-03-18,616,263
29114,2024-04-30,130,442
29115,2024-10-22,117,555
29116,2025-01-23,769,721
29117,2024-12-07,926,114
29118,2024-06-18,279,695
29119,2024-06-18,547,791
29120,2024-05-04,487,606
29121,2024-06-21,453,533
29122,2024-05-13,96,336
29123,2024-06-21,884,770
29124,2025-02-10,558,825
29125,2024-06-24,169,75
29126,2025-03-30,616,82
29127,2024-06-11,572,608
29128,2024-05-05,638,557
29129,2024-11-25,494,335
29130,2025-04-09,256,530
29131,2024-05-15,158,720
29132,2024-08-16,904,142
29133,2025-01-01,457,430
29134,2025-02-12,997,861
29135,2024-11-26,517,442
29136,2025-01-10,468,198
29137,2024-07-16,489,151
29138,2024-12-20,178,539
29139,2024-10-08,51,51
29140,2024-07-30,638,812
29141,2024-09-15,712,47
29142,2024-11-11,555,472
29143,2024-11-05,697,406
29144,2025-01-09,108,288
29145,2025-02-08,875,63
29146,2024-12-25,857,785
29147,2025-02-08,965,949
29148,2025-03-28,657,374
29149,2024-12-31,573,285
29150,2025-01-19,706,338
29151,2024-07-12,87,106
29152,2024-11-22,882,743
29153,2024-08-23,801,584
29154,2025-03-14,119,294
29155,2024-05-03,580,480
29156,2024-08-13,977,356
29157,2024-09-17,11,274
29158,2025-04-29,792,963
29159,2025-04-22,283,92
29160,2024-08-10,55,867
29161,2025-04-18,119,89
29162,2024-12-24,347,560
29163,2024-11-18,768,841
29164,2024-10-22,819,325
29165,2024-10-08,714,665
29166,2024-07-13,819,201
29167,2024-09-18,640,616
29168,2025-03-16,200,576
29169,2024-12-23,522,559
29170,2025-02-06,953,389
29171,2025-03-04,886,875
29172,2024-09-27,792,622
29173,2024-11-20,772,970
29174,2024-12-11,58,361
29175,2024-11-15,943,720
29176,2024-11-03,218,104
29177,2024-07-01,722,909
29178,2025-04-23,964,947
29179,2024-10-17,577,609
29180,2025-04-18,543,14
29181,2024-08-22,295,252
29182,2024-12-10,387,472
29183,2024-08-18,915,699
29184,2024-07-07,682,28
29185,2025-01-14,60,851
29186,2024-09-06,313,995
29187,2024-09-29,796,300
29188,2025-04-03,99,603
29189,2024-08-16,797,427
29190,2024-09-07,583,981
29191,2024-09-11,51,156
29192,2024-07-27,160,253
29193,2024-10-31,413,405
29194,2024-06-21,566,957
29195,2024-12-18,613,63
29196,2024-09-12,80,607
29197,2024-10-16,726,905
29198,2025-02-18,114,591
29199,2024-10-10,161,519
29200,2024-08-03,580,942
29201,2024-08-03,673,975
29202,2025-02-19,647,279
29203,2024-11-03,857,505
29204,2025-01-25,488,23
29205,2024-11-13,482,594
29206,2024-06-22,353,669
29207,2025-02-21,829,797
29208,2025-03-07,367,573
29209,2024-12-03,201,827
29210,2024-06-05,687,868
29211,2024-07-09,523,180
29212,2024-09-11,652,494
29213,2024-06-17,831,157
29214,2025-01-15,57,354
29215,2024-11-09,169,182
29216,2025-04-19,96,320
29217,2024-07-02,862,616
29218,2024-09-27,440,420
29219,2024-11-26,532,738
29220,2024-12-20,48,443
29221,2024-09-02,697,908
29222,2024-09-24,680,559
29223,2024-09-12,188,943
29224,2025-01-25,501,598
29225,2024-10-12,68,979
29226,2025-03-09,125,814
29227,2024-09-04,557,232
29228,2024-10-06,786,785
29229,2024-10-10,94,846
29230,2024-05-19,365,421
29231,2024-08-10,950,635
29232,2025-01-03,184,428
29233,2025-02-20,957,703
29234,2024-08-05,64,903
29235,2025-01-09,164,808
29236,2024-08-08,627,798
29237,2024-12-28,700,472
29238,2024-05-09,308,529
29239,2025-01-02,339,917
29240,2024-08-12,698,211
29241,2025-02-21,607,883
29242,2024-10-16,811,197
29243,2024-11-04,926,920
29244,2025-04-21,988,598
29245,2024-05-25,311,575
29246,2024-12-13,469,946
29247,2024-10-18,804,703
29248,2025-02-15,718,106
29249,2025-02-11,325,399
29250,2025-04-18,991,541
29251,2024-10-01,790,230
29252,2025-02-14,160,591
29253,2024-10-17,594,856
29254,2024-05-07,197,376
29255,2025-01-01,764,889
29256,2025-03-21,34,403
29257,2024-08-13,611,592
29258,2024-09-03,620,462
29259,2025-04-01,271,832
29260,2024-06-05,115,693
29261,2024-09-03,278,522
29262,2025-04-09,846,985
29263,2024-06-25,371,34
29264,2025-01-26,803,147
29265,2024-10-09,545,392
29266,2024-11-02,90,322
29267,2024-05-30,407,638
29268,2024-06-20,961,894
29269,2024-09-28,159,101
29270,2024-05-22,569,582
29271,2024-11-21,128,929
29272,2024-05-25,254,305
29273,2024-12-23,514,589
29274,2024-09-17,785,687
29275,2024-07-17,165,343
29276,2025-01-23,192,730
29277,2025-02-08,663,201
29278,2024-09-18,473,997
29279,2025-02-02,677,247
29280,2024-12-01,808,680
29281,2024-10-09,537,669
29282,2025-01-15,916,829
29283,2024-08-28,518,818
29284,2025-02-28,135,541
29285,2024-06-30,718,154
29286,2024-12-08,60,120
29287,2024-05-20,42,245
29288,2024-08-26,166,455
29289,2024-09-11,526,392
29290,2024-06-18,306,875
29291,2024-10-01,835,598
29292,2024-07-07,905,957
29293,2025-01-31,22,551
29294,2024-12-24,41,280
29295,2024-06-07,895,827
29296,2025-01-24,18,953
29297,2025-02-11,819,622
29298,2024-05-27,238,619
29299,2025-03-16,774,190
29300,2024-07-23,158,819
29301,2025-03-23,566,130
29302,2024-10-05,299,793
29303,2024-11-02,55,192
29304,2024-11-17,278,851
29305,2024-07-15,34,336
29306,2024-12-31,139,150
29307,2024-07-12,610,281
29308,2025-02-28,409,937
29309,2024-11-09,600,733
29310,2024-11-28,882,682
29311,2024-05-02,856,553
29312,2024-10-05,457,238
29313,2024-11-21,461,751
29314,2024-08-07,873,469
29315,2024-07-22,325,729
29316,2025-04-16,732,626
29317,2025-02-22,652,654
29318,2024-08-08,459,739
29319,2024-09-15,46,924
29320,2025-02-12,6,329
29321,2024-11-23,525,90
29322,2025-04-02,917,673
29323,2024-12-30,87,635
29324,2025-02-17,684,486
29325,2024-11-30,771,968
29326,2024-12-20,157,853
29327,2025-01-09,999,627
29328,2024-12-22,226,418
29329,2024-12-23,302,836
29330,2024-06-28,585,536
29331,2024-07-20,424,91
29332,2024-07-24,447,999
29333,2025-04-27,963,461
29334,2024-09-25,45,56
29335,2024-06-29,676,989
29336,2024-09-19,916,101
29337,2024-07-30,834,921
29338,2024-09-07,648,420
29339,2024-10-01,421,352
29340,2024-06-22,532,473
29341,2025-01-26,565,254
29342,2025-03-10,642,330
29343,2024-10-06,195,726
29344,2025-02-14,562,466
29345,2024-08-31,979,21
29346,2024-07-13,717,630
29347,2024-09-19,267,364
29348,2024-11-14,875,895
29349,2025-04-05,240,379
29350,2024-10-27,270,120
29351,2024-06-21,275,647
29352,2024-10-29,18,437
29353,2025-01-14,313,443
29354,2025-03-19,223,48
29355,2024-09-21,627,98
29356,2025-03-21,117,570
29357,2025-02-05,142,552
29358,2025-03-25,783,679
29359,2025-02-10,486,791
29360,2024-12-18,747,684
29361,2024-08-23,734,637
29362,2025-01-26,958,953
29363,2025-03-19,814,553
29364,2024-07-16,755,1000
29365,2024-07-17,135,716
29366,2025-02-23,655,565
29367,2025-01-19,899,940
29368,2025-01-30,111,98
29369,2024-12-03,415,309
29370,2024-07-12,301,907
29371,2025-03-18,212,523
29372,2025-01-10,636,906
29373,2024-05-24,130,226
29374,2025-04-01,257,40
29375,2024-05-18,121,973
29376,2024-10-05,49,272
29377,2024-11-20,538,491
29378,2024-05-18,470,820
29379,2024-07-01,861,769
29380,2024-12-15,27,895
29381,2025-03-13,626,140
29382,2024-11-11,744,520
29383,2025-01-22,376,608
29384,2025-03-07,658,944
29385,2025-02-25,70,875
29386,2024-09-13,10,6
29387,2025-03-26,433,140
29388,2024-09-27,946,714
29389,2025-04-18,739,913
29390,2024-07-07,711,466
29391,2024-06-05,634,664
29392,2024-09-05,50,606
29393,2025-04-26,647,238
29394,2024-06-30,518,599
29395,2024-09-22,31,440
29396,2025-03-12,810,297
29397,2025-02-09,555,101
29398,2024-07-22,223,409
29399,2025-01-18,782,504
29400,2024-07-13,898,54
29401,2025-01-16,533,315
29402,2024-08-20,323,962
29403,2024-10-07,945,52
29404,2024-05-21,282,731
29405,2024-05-04,139,847
29406,2024-06-09,100,343
29407,2024-08-17,33,251
29408,2024-09-27,433,19
29409,2025-03-07,161,221
29410,2024-12-13,216,705
29411,2025-01-06,8,349
29412,2025-03-18,614,118
29413,2024-12-13,96,806
29414,2024-09-12,717,741
29415,2025-01-18,419,664
29416,2024-05-11,33,276
29417,2025-01-24,327,273
29418,2024-08-06,842,730
29419,2025-02-28,603,545
29420,2024-07-10,910,113
29421,2025-01-29,71,410
29422,2025-04-01,973,597
29423,2024-10-30,760,840
29424,2024-11-02,314,360
29425,2024-05-21,580,986
29426,2024-09-18,964,121
29427,2024-12-20,841,411
29428,2024-08-27,865,249
29429,2024-07-02,88,315
29430,2025-02-08,900,895
29431,2024-12-25,249,341
29432,2024-10-16,350,312
29433,2024-07-13,448,559
29434,2024-12-24,960,234
29435,2025-02-15,534,171
29436,2024-11-19,979,170
29437,2024-10-26,749,188
29438,2025-02-07,915,944
29439,2024-11-24,616,592
29440,2024-09-26,692,487
29441,2025-01-27,902,753
29442,2024-09-26,817,752
29443,2024-11-27,799,435
29444,2025-02-27,189,652
29445,2024-08-26,251,116
29446,2025-01-27,689,35
29447,2024-10-31,326,617
29448,2024-06-21,692,350
29449,2025-01-13,448,806
29450,2025-01-29,406,729
29451,2024-09-13,811,363
29452,2024-11-08,853,43
29453,2024-07-12,844,720
29454,2025-03-18,716,151
29455,2024-11-18,631,93
29456,2024-06-25,856,300
29457,2025-04-02,317,186
29458,2024-06-13,264,696
29459,2024-07-07,344,935
29460,2024-07-26,315,120
29461,2024-11-16,229,401
29462,2024-06-15,510,640
29463,2025-04-25,150,619
29464,2024-10-05,341,487
29465,2024-07-13,80,898
29466,2025-03-23,962,973
29467,2025-02-11,167,478
29468,2025-02-27,621,667
29469,2024-10-11,430,461
29470,2024-07-22,273,8
29471,2024-10-14,137,893
29472,2024-07-04,868,559
29473,2025-02-22,832,610
29474,2025-04-24,607,53
29475,2024-07-09,651,32
29476,2024-11-20,265,93
29477,2024-11-28,615,695
29478,2024-09-12,413,445
29479,2024-12-27,982,874
29480,2025-02-03,290,113
29481,2024-08-27,642,907
29482,2024-07-21,947,476
29483,2024-09-15,102,817
29484,2024-05-30,496,188
29485,2024-10-24,878,703
29486,2024-12-05,891,599
29487,2025-04-11,762,808
29488,2024-07-12,975,521
29489,2024-05-12,257,658
29490,2024-12-25,890,521
29491,2024-08-31,80,596
29492,2024-08-31,644,60
29493,2024-08-02,413,740
29494,2024-10-10,150,610
29495,2024-09-04,488,650
29496,2025-03-13,141,473
29497,2024-10-27,880,727
29498,2024-08-24,60,64
29499,2024-08-01,32,270
29500,2024-07-30,509,570
29501,2025-04-20,244,210
29502,2025-02-20,93,300
29503,2025-03-20,174,279
29504,2024-05-08,944,558
29505,2024-11-18,670,455
29506,2024-08-29,391,271
29507,2024-05-25,850,920
29508,2025-02-18,250,406
29509,2025-02-17,712,724
29510,2025-02-07,585,921
29511,2024-06-15,158,484
29512,2024-05-26,319,408
29513,2024-08-06,941,474
29514,2025-01-23,822,953
29515,2025-01-02,460,354
29516,2024-07-09,67,809
29517,2024-09-21,43,613
29518,2025-02-20,556,38
29519,2024-09-19,57,769
29520,2024-06-22,901,697
29521,2024-05-15,937,23
29522,2024-07-08,756,853
29523,2024-08-16,663,592
29524,2025-04-12,825,4
29525,2025-02-09,523,686
29526,2024-10-26,486,319
29527,2024-07-20,247,869
29528,2025-04-16,710,961
29529,2024-07-07,508,965
29530,2024-12-09,439,437
29531,2024-06-03,261,675
29532,2024-11-05,431,493
29533,2025-02-06,787,751
29534,2024-06-01,759,352
29535,2024-05-11,412,593
29536,2024-12-01,637,692
29537,2024-11-25,480,736
29538,2024-06-17,621,788
29539,2025-04-02,336,873
29540,2025-04-28,905,422
29541,2025-01-26,398,591
29542,2024-08-08,535,177
29543,2024-10-29,628,615
29544,2025-04-01,374,427
29545,2024-12-10,732,843
29546,2024-12-21,130,520
29547,2025-04-26,669,972
29548,2025-01-25,442,514
29549,2025-01-13,77,620
29550,2024-07-24,744,522
29551,2024-07-01,855,308
29552,2025-04-04,795,721
29553,2024-05-11,807,396
29554,2024-09-04,864,148
29555,2025-03-06,111,855
29556,2024-11-17,829,929
29557,2025-03-20,85,76
29558,2024-06-07,611,590
29559,2025-03-02,121,818
29560,2025-03-08,866,59
29561,2024-09-26,107,472
29562,2024-05-06,53,821
29563,2024-07-23,778,736
29564,2024-08-23,99,256
29565,2025-01-07,975,595
29566,2024-12-05,657,885
29567,2025-04-18,316,453
29568,2025-01-28,922,706
29569,2024-07-10,328,361
29570,2024-09-30,778,503
29571,2024-10-01,753,681
29572,2025-01-13,526,304
29573,2024-10-20,650,108
29574,2024-08-04,24,270
29575,2024-11-22,795,473
29576,2024-11-27,287,712
29577,2025-04-25,995,812
29578,2024-06-19,941,988
29579,2024-05-24,944,130
29580,2024-12-23,175,927
29581,2024-12-22,363,292
29582,2024-11-07,155,592
29583,2024-09-11,681,857
29584,2025-04-30,415,496
29585,2024-08-15,40,617
29586,2024-11-20,882,837
29587,2024-11-09,83,311
29588,2024-09-30,66,470
29589,2025-04-23,686,383
29590,2024-08-30,286,616
29591,2025-01-06,367,425
29592,2024-06-14,842,619
29593,2024-10-01,107,221
29594,2025-01-19,326,78
29595,2025-04-16,506,924
29596,2024-12-27,3,678
29597,2024-08-10,981,732
29598,2024-07-07,872,686
29599,2025-02-12,470,937
29600,2025-04-18,974,89
29601,2025-01-30,312,222
29602,2024-11-11,362,866
29603,2024-06-17,821,578
29604,2024-09-10,175,624
29605,2025-04-12,890,208
29606,2025-01-10,107,633
29607,2025-02-02,625,406
29608,2024-05-06,62,585
29609,2024-12-12,718,795
29610,2024-11-26,446,601
29611,2024-08-04,602,442
29612,2024-10-07,157,953
29613,2024-08-19,507,103
29614,2024-07-24,612,835
29615,2024-11-05,698,752
29616,2024-08-25,988,406
29617,2024-11-15,777,574
29618,2024-10-19,371,761
29619,2024-11-06,62,710
29620,2025-02-04,369,844
29621,2025-01-07,267,838
29622,2024-06-20,161,155
29623,2024-06-25,114,332
29624,2025-04-17,740,629
29625,2024-12-20,620,782
29626,2024-08-11,333,724
29627,2025-02-09,735,603
29628,2025-03-17,605,17
29629,2024-09-26,227,642
29630,2024-05-13,693,944
29631,2025-01-24,665,350
29632,2025-04-22,130,480
29633,2024-12-04,390,257
29634,2024-06-23,758,680
29635,2025-03-14,53,716
29636,2024-07-04,678,338
29637,2024-11-30,426,456
29638,2024-09-14,716,438
29639,2025-01-18,127,345
29640,2024-05-31,584,609
29641,2025-03-09,423,114
29642,2024-05-10,195,808
29643,2025-03-21,854,304
29644,2024-07-24,358,750
29645,2024-10-21,276,769
29646,2025-01-21,766,11
29647,2025-03-09,140,260
29648,2025-01-02,458,849
29649,2024-07-10,954,133
29650,2024-07-12,585,395
29651,2024-08-24,166,900
29652,2025-04-29,695,456
29653,2025-03-15,342,477
29654,2024-05-10,310,721
29655,2024-11-04,409,419
29656,2024-11-15,392,963
29657,2024-11-29,930,122
29658,2024-11-16,801,620
29659,2024-08-21,558,635
29660,2025-01-21,723,710
29661,2024-10-17,619,440
29662,2024-10-15,944,260
29663,2025-02-16,193,865
29664,2025-03-28,435,2
29665,2024-05-26,923,939
29666,2024-05-01,816,87
29667,2025-04-01,95,154
29668,2024-07-17,343,312
29669,2024-05-08,361,677
29670,2025-01-15,716,279
29671,2024-09-30,326,510
29672,2025-02-13,601,249
29673,2025-03-30,573,840
29674,2024-07-26,501,499
29675,2025-03-03,635,656
29676,2024-11-23,27,396
29677,2025-04-05,651,28
29678,2024-11-20,289,182
29679,2024-10-04,328,809
29680,2025-04-11,193,845
29681,2024-08-22,687,374
29682,2024-05-25,304,999
29683,2024-09-12,520,153
29684,2024-06-27,355,67
29685,2025-01-31,723,486
29686,2024-08-28,505,619
29687,2024-07-29,37,236
29688,2024-12-02,326,979
29689,2024-12-26,936,468
29690,2024-05-11,328,259
29691,2024-11-04,686,612
29692,2024-10-11,821,970
29693,2025-03-08,707,396
29694,2025-04-13,277,761
29695,2024-05-15,615,44
29696,2024-11-15,136,946
29697,2024-10-21,483,479
29698,2024-05-01,667,316
29699,2024-11-22,75,304
29700,2025-01-28,340,27
29701,2024-11-16,319,372
29702,2024-12-10,210,703
29703,2025-04-06,499,553
29704,2025-01-11,769,586
29705,2024-11-24,3,54
29706,2024-12-06,757,611
29707,2025-03-01,919,254
29708,2025-01-05,513,270
29709,2025-03-16,957,821
29710,2025-01-28,305,255
29711,2024-06-25,70,891
29712,2025-04-04,112,752
29713,2024-10-14,650,849
29714,2024-07-16,10,88
29715,2024-07-02,909,446
29716,2024-12-24,319,447
29717,2024-12-09,700,189
29718,2024-05-15,94,846
29719,2024-10-22,426,404
29720,2024-05-25,815,1
29721,2024-11-04,401,760
29722,2024-10-03,3,252
29723,2024-12-31,175,134
29724,2024-10-12,628,100
29725,2025-04-04,883,851
29726,2024-11-08,908,501
29727,2024-09-12,691,487
29728,2025-03-21,605,316
29729,2025-03-13,204,143
29730,2025-02-25,606,316
29731,2024-10-04,398,368
29732,2024-09-12,226,591
29733,2024-08-03,620,772
29734,2025-02-26,716,200
29735,2024-07-07,289,564
29736,2025-02-16,826,459
29737,2025-04-13,280,193
29738,2024-08-17,500,825
29739,2025-04-12,499,389
29740,2024-12-25,305,744
29741,2025-02-27,674,955
29742,2025-01-10,970,667
29743,2024-08-03,972,58
29744,2024-08-16,476,264
29745,2024-12-16,558,106
29746,2024-05-10,340,710
29747,2025-04-23,838,869
29748,2024-06-16,43,934
29749,2025-02-11,798,166
29750,2025-01-05,861,793
29751,2024-11-19,656,90
29752,2025-02-15,828,961
29753,2025-02-28,753,382
29754,2024-05-21,676,572
29755,2024-11-14,7,75
29756,2025-01-11,492,188
29757,2025-04-07,658,659
29758,2024-11-11,245,916
29759,2024-07-17,467,113
29760,2024-06-11,29,214
29761,2024-11-22,298,381
29762,2024-12-12,316,560
29763,2025-04-24,66,88
29764,2024-11-15,597,636
29765,2024-09-11,623,985
29766,2024-09-12,200,143
29767,2024-06-03,999,149
29768,2024-08-15,699,860
29769,2025-01-13,592,600
29770,2025-03-30,887,997
29771,2024-07-18,763,350
29772,2024-11-20,241,806
29773,2025-01-08,188,598
29774,2024-05-05,688,896
29775,2024-08-28,469,741
29776,2024-09-09,377,968
29777,2024-12-09,923,476
29778,2024-08-02,463,152
29779,2024-05-10,808,367
29780,2024-05-06,227,520
29781,2025-02-07,29,46
29782,2024-12-29,439,130
29783,2024-10-01,607,622
29784,2025-01-08,571,461
29785,2024-10-23,614,847
29786,2025-01-17,478,47
29787,2025-03-23,777,907
29788,2025-03-02,124,260
29789,2025-02-18,891,737
29790,2024-11-17,393,191
29791,2024-08-24,746,420
29792,2024-07-07,969,819
29793,2024-05-27,947,1
29794,2024-07-22,639,646
29795,2024-08-01,376,711
29796,2024-07-22,936,149
29797,2024-08-02,168,398
29798,2025-03-30,219,430
29799,2024-09-28,461,984
29800,2024-12-17,766,577
29801,2025-04-23,341,818
29802,2025-02-17,961,575
29803,2024-07-07,629,163
29804,2024-05-12,983,807
29805,2025-03-08,151,881
29806,2025-01-05,943,722
29807,2024-06-23,491,770
29808,2024-10-28,784,153
29809,2024-11-18,25,759
29810,2025-01-28,986,743
29811,2024-11-13,648,826
29812,2024-09-04,732,565
29813,2024-06-26,310,566
29814,2024-10-01,204,990
29815,2025-02-18,565,109
29816,2025-01-20,823,589
29817,2024-10-04,694,413
29818,2025-03-16,111,203
29819,2025-02-05,56,138
29820,2024-11-13,100,413
29821,2024-10-30,551,250
29822,2024-06-07,790,14
29823,2024-12-29,89,775
29824,2025-01-12,358,802
29825,2024-08-28,625,49
29826,2025-03-20,756,232
29827,2024-09-29,279,718
29828,2025-04-16,435,175
29829,2025-02-12,658,88
29830,2025-01-17,237,668
29831,2025-02-24,458,872
29832,2025-03-04,609,815
29833,2025-02-22,224,719
29834,2024-07-21,34,211
29835,2024-05-13,28,116
29836,2024-11-05,495,692
29837,2024-10-04,963,807
29838,2025-04-01,198,173
29839,2024-08-19,850,474
29840,2025-02-24,525,347
29841,2025-04-26,813,925
29842,2024-08-09,944,670
29843,2024-06-26,936,410
29844,2024-09-19,514,215
29845,2025-01-20,964,5
29846,2024-05-23,423,190
29847,2024-07-23,496,207
29848,2024-10-08,244,592
29849,2025-01-15,154,648
29850,2025-02-04,699,383
29851,2024-07-09,197,998
29852,2025-03-02,35,845
29853,2024-11-21,930,802
29854,2024-07-26,508,722
29855,2024-09-27,70,378
29856,2025-03-07,306,162
29857,2024-07-04,305,421
29858,2024-06-11,130,218
29859,2024-11-30,258,293
29860,2025-03-16,636,762
29861,2024-06-20,683,684
29862,2024-10-31,478,530
29863,2024-07-31,884,421
29864,2025-03-25,388,863
29865,2024-12-12,341,97
29866,2024-06-21,398,68
29867,2025-04-08,127,450
29868,2024-12-15,646,822
29869,2024-07-18,933,835
29870,2024-07-29,379,693
29871,2024-10-14,776,624
29872,2025-01-02,452,490
29873,2024-12-20,692,93
29874,2024-08-04,478,993
29875,2024-10-09,822,926
29876,2024-12-15,718,243
29877,2025-03-04,748,313
29878,2024-11-18,810,838
29879,2024-08-15,701,434
29880,2024-10-19,35,345
29881,2024-09-20,616,857
29882,2024-06-18,795,351
29883,2024-09-02,290,283
29884,2024-09-04,278,966
29885,2024-12-22,401,956
29886,2024-08-30,153,5
29887,2025-01-09,229,134
29888,2025-02-28,984,779
29889,2024-09-05,867,722
29890,2025-03-12,208,862
29891,2024-08-29,830,997
29892,2025-01-16,824,109
29893,2025-01-27,895,773
29894,2024-06-28,423,234
29895,2024-05-13,372,252
29896,2024-07-26,792,63
29897,2024-09-22,927,342
29898,2025-01-16,148,592
29899,2024-09-30,367,705
29900,2024-06-11,685,926
29901,2025-01-31,747,201
29902,2024-12-09,706,941
29903,2025-02-02,20,879
29904,2024-10-22,533,319
29905,2025-04-30,83,429
29906,2025-01-15,235,628
29907,2024-12-10,782,127
29908,2024-12-18,640,28
29909,2025-03-28,206,173
29910,2024-08-16,664,319
29911,2024-11-24,761,635
29912,2024-10-02,408,563
29913,2024-06-20,930,902
29914,2024-12-31,159,806
29915,2024-08-17,326,682
29916,2024-10-29,15,555
29917,2024-12-22,297,485
29918,2024-06-07,919,823
29919,2024-07-13,300,156
29920,2024-06-04,316,328
29921,2024-10-18,166,144
29922,2025-04-10,654,897
29923,2024-08-14,421,342
29924,2025-03-11,351,70
29925,2024-08-26,372,731
29926,2024-08-11,871,886
29927,2024-07-06,433,786
29928,2025-03-02,625,795
29929,2024-12-02,395,953
29930,2024-04-30,838,348
29931,2024-07-03,214,48
29932,2024-12-26,365,594
29933,2025-04-07,775,395
29934,2024-07-29,166,220
29935,2024-05-31,780,672
29936,2025-01-26,550,467
29937,2025-04-07,693,645
29938,2024-07-25,240,80
29939,2024-08-19,533,316
29940,2025-04-20,622,177
29941,2024-11-16,293,150
29942,2025-04-20,585,896
29943,2024-05-11,207,383
29944,2024-08-28,131,571
29945,2024-08-12,373,60
29946,2025-01-26,865,442
29947,2024-09-04,181,346
29948,2024-10-08,207,567
29949,2024-08-21,26,602
29950,2024-06-30,710,343
29951,2024-11-09,92,833
29952,2024-12-16,728,495
29953,2024-09-07,289,657
29954,2024-08-01,546,510
29955,2024-10-12,345,98
29956,2024-09-23,580,476
29957,2024-09-21,674,770
29958,2024-12-22,222,784
29959,2024-12-04,444,927
29960,2024-10-11,632,915
29961,2025-01-14,306,998
29962,2024-10-18,686,137
29963,2024-07-13,327,627
29964,2024-05-21,12,390
29965,2024-08-28,886,693
29966,2024-05-17,313,887
29967,2024-06-06,916,729
29968,2025-01-21,55,169
29969,2024-09-27,533,40
29970,2024-07-16,681,401
29971,2024-07-28,47,346
29972,2024-10-15,660,296
29973,2025-04-22,764,90
29974,2024-12-25,172,531
29975,2024-05-26,299,460
29976,2024-06-08,511,819
29977,2025-01-24,465,349
29978,2024-11-11,837,726
29979,2025-01-03,445,633
29980,2024-09-21,398,895
29981,2024-12-09,574,450
29982,2025-03-29,75,3
29983,2024-05-31,588,528
29984,2024-11-05,532,946
29985,2024-07-05,698,946
29986,2025-04-24,498,882
29987,2025-01-27,55,716
29988,2024-11-15,688,86
29989,2024-11-20,25,524
29990,2024-04-30,928,452
29991,2024-07-11,341,118
29992,2025-04-21,122,722
29993,2024-11-20,241,675
29994,2025-01-13,75,794
29995,2024-10-29,922,211
29996,2024-08-20,167,727
29997,2025-03-11,437,90
29998,2024-09-29,782,884
29999,2024-05-21,518,784
30000,2024-09-26,9,838
